-- ================================================================
-- Tiger Trail Tour Content — Generated by Agentic AI System
-- Source: tiger_trail_s_products.xlsx
-- Generated: 2026-04-08 13:04:17 UTC
-- Tours: 66 | LLM: mock (no API key)
-- ================================================================

SET FOREIGN_KEY_CHECKS = 0;

-- ===== STATIC REFERENCE DATA =====
INSERT IGNORE INTO areas (id, name, created_at) VALUES (1, 'Southeast Asia', NOW());
INSERT IGNORE INTO countries (id, area_id, name, subtitle, description, status, created_at)
VALUES (1, 1, 'Laos', 'Land of a Million Elephants',
  'Laos is a landlocked country in Southeast Asia, renowned for its Buddhist temples, French colonial architecture, and unspoiled natural landscapes.',
  'ACTIVE', NOW());


-- ===== SOUTHERN LAOS [JOIN-IN (2)] =====
INSERT IGNORE INTO providers (id, name, created_at) VALUES (1, 'Tiger Trail', NOW());
INSERT INTO destinations (id, country_id, name, status, created_at) VALUES (2, 1, 'PAKSE - CHAMPASAK - BOLAVEN PLATEAU - 
4000 ISLAND', 'ACTIVE', NOW()) ON DUPLICATE KEY UPDATE name=VALUES(name);
INSERT INTO tours (
    id, destination_id, sku, title, duration, price,
    summary, hightlight, included, not_included, status, created_at
) VALUES (
    2, 2, NULL, 'Southern Laos',
    '5 DAYS', 565,
    'PAKSE - CHAMPASAK / WAT PHOU', '• UNESCO World Heritage Sites
• Expert English-speaking guide
• Authentic cultural experiences
• Small group, private service
• All entrance fees included',
    '✓ Private air-conditioned transport
✓ English-speaking guide
✓ Accommodation (twin shared)
✓ Meals as per itinerary
✓ Entrance fees
✓ Luggage handling', '✗ International flights
✗ Visa fees ($30-40 USD/pax)
✗ Travel insurance
✗ Meals not mentioned
✗ Personal expenses & tips',
    'ACTIVE', NOW()
);
INSERT INTO itineraries (id, tour_id, title, level, description, status, created_at)
VALUES (26, 2, 'Day 1: After Meeting With Your Guide At The Airport We — Temple', 'moderate', 'After meeting with your guide at the airport we''ll head south reaching the ruined Khmer temple complex of Wat Phou. The first temple on the site was built as early as the 5th century, though the current ruins are from the 11th to 13th centuries. This complex was designated a World Heritage site in 2001. 
Return to Pakse for the night.
Overnight in Pakse', 'ACTIVE', NOW());
INSERT INTO itineraries (id, tour_id, title, level, description, status, created_at)
VALUES (27, 2, 'Day 2: The Bolaven Plateau — Waterfall', 'moderate', 'The Bolaven Plateau, located in the Annamite Mountain Range which runs along Laos’ eastern border with Vietnam. The renowned coffee of Lao PDR is produced in this region: the climate of the plateau, with its cooler temperatures and abundant rainfall makes it the perfect place for coffee production. Take time to view several cascading waterfalls -- including the famous Tad Lo and Tad Fan Waterfalls where we will spend the night.
Overnight on the Bolaven Plateau', 'ACTIVE', NOW());
INSERT INTO itineraries (id, tour_id, title, level, description, status, created_at)
VALUES (28, 2, 'Day 3: After Breakfast We — Temple', 'moderate', 'After breakfast we''ll head south on a scenic drive to Don Khong. 
On the way we stop at another temple ruin, Wat Tomo.It also contains pre-Angkorian sculptures, in particular a beautiful Mukhalinga (a human-headed linga now located at the Vat Phou Museum).
This island is one of the larger permanent islands in the ‘Si Pan Don’ (4000 Islands) area. We can explore the island on foot or by bicycle. 
Overnight on Don Khong', 'ACTIVE', NOW());
INSERT INTO itineraries (id, tour_id, title, level, description, status, created_at)
VALUES (29, 2, 'Day 4: Early In The Morning — Waterfall', 'moderate', 'Early in the morning, we’ll explore Si Pan Don by boat. Here, the Mekong River is at its widest, stretching up to 12 km during the rainy season. As the waters recede, many small islands emerge, giving the region its name. From a distance, you can hear the unmistakable roar of the Li Phi falls, which we will visit.  
We’ll also view the old locomotive and a railway and colonial bridge built by the French in order to avoid navigating the rapids and waterfalls in this section of the Mekong.
Overnight on Don Khone', 'ACTIVE', NOW());
INSERT INTO itineraries (id, tour_id, title, level, description, status, created_at)
VALUES (30, 2, 'Day 5: Return By Boat To The Mainland And Visit The Famous Cascade Falls Of Khone Phapheng — Boat', 'moderate', 'Return by boat to the mainland and visit the famous cascade falls of Khone Phapheng. 
After lunch in a nearby restaurant, we''ll continue our journey to the border at Don Kalor. 
From there, you can transfer to Cambodia (or return to Pakse.)
— END OF SERVICES —', 'ACTIVE', NOW());

-- ===== PRIVATE CHARTER-BOAT [CLASSIC TOUR (15)] =====
INSERT INTO destinations (id, country_id, name, status, created_at) VALUES (4, 1, 'Luang Prabang', 'ACTIVE', NOW()) ON DUPLICATE KEY UPDATE name=VALUES(name);
INSERT INTO tours (
    id, destination_id, sku, title, duration, price,
    summary, hightlight, included, not_included, status, created_at
) VALUES (
    4, 4, NULL, 'Private Charter-Boat',
    '2 DAYS', 2025,
    'HOUAY XAY  - PAK BENG', '• UNESCO World Heritage Sites
• Expert English-speaking guide
• Authentic cultural experiences
• Small group, private service
• All entrance fees included',
    'All sightseeing as described in program above 
Transportation in private AC vehicles 
Accommodation in hotels (twin shared)
English-speaking guide 
Admission fees to sights described above
Meals: B= breakfast, L= lunch, D= dinner
Lao PDR governmental tax and service charge
Luggage handling', 'All sightseeing as described in program above 
Transportation in private AC vehicles 
Accommodation in hotels (twin shared)
English-speaking guide 
Admission fees to sights described above
Meals: B= breakfast, L= lunch, D= dinner
Lao PDR governmental tax and service charge
Luggage handling',
    'ACTIVE', NOW()
);
INSERT INTO itineraries (id, tour_id, title, level, description, status, created_at)
VALUES (76, 4, 'Day 1: In Houay Xay — Boat', 'moderate', 'In Houay Xay, proceed from the border (Lao-Thai Friendship Bridge 4) to the boat landing by Tuk Tuk. Then, embark on the private slow boat on the Mekong downstream cruise. On the way, the boat will take its first stop in Pak Tha, to have necessary boat documents signed. The second stop is to visit a Hill Tribe village along the Mekong River. Lunch is served on board, and during the afternoon, relax and taste local flavors with seasonal snacks and drinks. The boat will arrive in Pakbeng before sunset.', 'ACTIVE', NOW());
INSERT INTO itineraries (id, tour_id, title, level, description, status, created_at)
VALUES (77, 4, 'Day 2: The Boat Leaves Pakbeng Around — Temple', 'moderate', 'The boat leaves Pakbeng around 08:00. Spend your free time in the morning to ask questions about Luang Prabang and Laos from our guide. Lunch is served on board. In the afternoon, we will make two stops. First, we will visit the famous Tham Pak Ou Caves. The second stop will be at the Ban Xang Hai, commonly known as the Whisky Village. Learn about the locally made rice whisky, and a chance to taste it if you wish. Enjoy the charm of this small and authentic village, its temple and local artisans. Last stop at Ban Xang Khong. Arrives in Luang Prabang around 17:00.
PAK OU CAVE
One of the most respected holy sites in Lao; Pak Ou Caves have a history dating back thousands of years. Packed with over 4,000 Buddha icons, the caves, a shrine to the river spirit and Lord Buddha, are set in a dramatic limestone cliff at the point where the Mekong joins the Nam Ou River. There are two caves to visit, the lower cave called Tham Ting and the upper cave Tham Theung, both boasting miniature Buddhist figures that are mostly made from wood.
BAN XANG HAI
Ban Xang Hai is famous for its Lao Lao (homemade alcohol) which is available for tasting and purchase. A variety of handicrafts are also for sale here. The village, 29 km north of Luang Prabang, is a common stop on the boat ride to Tham Ting Cave, but can also be reached by car in 30 minutes.

BAN XANG KHONG
Specialized for many years in manufacturing and selling products made from Silk and Sa Paper.
Transfer from Ban Xang Khong to hotel

— END OF SERVICES —', 'ACTIVE', NOW());

-- ===== NORTHERN LAOS [CLASSIC TOUR (15)] =====
INSERT INTO destinations (id, country_id, name, status, created_at) VALUES (5, 1, 'Luang Prabang', 'ACTIVE', NOW()) ON DUPLICATE KEY UPDATE name=VALUES(name);
INSERT INTO tours (
    id, destination_id, sku, title, duration, price,
    summary, hightlight, included, not_included, status, created_at
) VALUES (
    5, 5, NULL, 'Northern Laos',
    '4 DAYS', 2025,
    'LUANG PRABANG - ARRIVAL', '• UNESCO World Heritage Sites
• Expert English-speaking guide
• Authentic cultural experiences
• Small group, private service
• All entrance fees included',
    'All sightseeing as described in program above 
Transportation in private AC vehicles 
Accommodation in hotels (twin shared)
English-speaking guide 
Admission fees to sights described above
Meals: B= breakfast, L= lunch, D= dinner
Lao PDR governmental tax and service charge
Luggage handling', 'All sightseeing as described in program above 
Transportation in private AC vehicles 
Accommodation in hotels (twin shared)
English-speaking guide 
Admission fees to sights described above
Meals: B= breakfast, L= lunch, D= dinner
Lao PDR governmental tax and service charge
Luggage handling',
    'ACTIVE', NOW()
);
INSERT INTO itineraries (id, tour_id, title, level, description, status, created_at)
VALUES (101, 5, 'Day 1: Upon Arrival — Temple', 'easy', 'Upon arrival, transfer to the hotel. Luang Prabang is a very special city! It is enchanting with its magnificent location amidst mountain ranges and its historic temples, which gave the city the title of World Heritage Site by UNESCO. 
Overnight in Luang Prabang', 'ACTIVE', NOW());
INSERT INTO itineraries (id, tour_id, title, level, description, status, created_at)
VALUES (102, 5, 'Day 2: An Optional Early — Temple', 'easy', 'An optional early (5.30am) start gives you the fantastic opportunity to witness the daily morning rituals of saffron-clad monks collecting offerings of Alms (ubiquitous sticky rice) from the faithful residents. This procession called ‘Tak Baat’ is very unique in Laos, being one of the few Buddhist nations still preserving the tradition . 
Explore the city by Tuk Tuk. The Tuk Tuk (a motorized-rickshaw) was brought to Southeast Asia in 1934 from Japan, and has since then become an icon of the region. The classic Tuk Tuk has a sheet-metal roof covering an open frame which rests on three wheels. They’re one of the most popular forms of transportation in Laos, Thailand and Cambodia, and this Southeast Asian emblem is the perfect vehicle for an open-air tour of Luang Prabang. 
Depart from the hotel at 08:30, get on the Tuk Tuk  to the open-air Morning Market in the old town. There are only a few large grocery stores here—instead, food is still produced by small farming families and villages and brought to Luang Prabang from the surrounding rural areas. The guide will explain the common vegetables and fruits that are in season and pick up some snacks for later.
A short walk from the market is Wat Mai Suwannaphumaham (“New Monastery ''''), the National Museum (Royal Palace) and Hor Phra Bang. After the museum, travel again by tuk tuk through more of the picturesque town to Wat Visounnalath. 
Another short tuk tuk ride along the Nam Khan River to Wat Xieng Thong. End the day’s tour on top of Mount Phousi. 
MORNING MARKET
This small market is the Laotian "supermarket" where they come to buy their fresh fruit, vegetables and meat, which are offered in showcases which are not always the way we used to see in most of our countries. Some products are coming from the jungle around, and will be for sure highly exotic for travelers from western countries.

WAT MAI SUWANNAPHUMAHAM
The impressive Wat Mai Suwannaphumaham is one of Luang Prabang’s largest and most richly decorated temples', 'ACTIVE', NOW());
INSERT INTO itineraries (id, tour_id, title, level, description, status, created_at)
VALUES (103, 5, 'Day 3: Travel By Boat To Pak Ou Caves And By Vehicle To The Beautiful Kuang Si Waterfall — Cave', 'moderate', 'Travel by boat to Pak Ou Caves and by vehicle to the beautiful Kuang Si Waterfall, stopping on the way to visit Hmong and Khamu villages. Hmong and Khamu villages have different structures and ways of life; here, we learn about their traditions and the differences between Lao, Khamu and Hmong culture. 

PAK OU CAVES
One of the most respected holy sites in Lao; Pak Ou Caves have a history dating back thousands of years. Packed with over 4,000 Buddha icons, the caves, a shrine to the river spirit and Lord Buddha, are set in a dramatic limestone cliff at the point where the Mekong joins the Nam Ou River. There are two caves to visit, the lower cave called Tham Ting and the upper cave Tham Thueng, both boasting miniature Buddhist figures that are mostly made from wood. 

KUANG SI WATERFALL AND BEAR RESCUE CENTER
Kuang Si Waterfall is the biggest waterfall in the Luang Prabang area with three tiers leading to a 50-meter drop into spectacular azure pools before flowing downstream. The pools also make great swimming holes and are very popular with both tourists and locals. Visit the Bear Rescue Center within the Kuang Si Waterfall Park (No extra entrance ticket).
Many of the bears at the Tat Kuang Si Bear Rescue Centre were destined for bile farms or kept illegally as ''pets''. Since 2003, we''ve been working with the Luang
Prabang Provincial Agriculture and Forestry Office to create a safe haven for these victims of the illegal wildlife trade. The bears can now relax in hammocks, play with new friends and live a safe, healthy life.
Overnight in Luang Prabang.', 'ACTIVE', NOW());
INSERT INTO itineraries (id, tour_id, title, level, description, status, created_at)
VALUES (104, 5, 'Day 4: Transfer To Luang Prabang Airport For Departure Flight — Exploration', 'moderate', 'Transfer to Luang Prabang Airport for departure flight.', 'ACTIVE', NOW());

-- ===== SOUTHERN LAOS [CLASSIC TOUR (15)] =====
INSERT INTO destinations (id, country_id, name, status, created_at) VALUES (6, 1, 'PAKSE - BOLAVEN PLATEAU - 4000 ISLANDS - CHAMPASAK', 'ACTIVE', NOW()) ON DUPLICATE KEY UPDATE name=VALUES(name);
INSERT INTO tours (
    id, destination_id, sku, title, duration, price,
    summary, hightlight, included, not_included, status, created_at
) VALUES (
    6, 6, NULL, 'Southern Laos',
    '5 DAYS', 2025,
    'PAKSE  - BOLAVEN PLATEAU', '• UNESCO World Heritage Sites
• Expert English-speaking guide
• Authentic cultural experiences
• Small group, private service
• All entrance fees included',
    'All sightseeing as described in program above 
Transportation in private AC vehicles 
Accommodation in hotels (twin shared)
English-speaking guide 
Admission fees to sights described above
Meals: B= breakfast, L= lunch, D= dinner
Lao PDR governmental tax and service charge
Luggage handling', 'All sightseeing as described in program above 
Transportation in private AC vehicles 
Accommodation in hotels (twin shared)
English-speaking guide 
Admission fees to sights described above
Meals: B= breakfast, L= lunch, D= dinner
Lao PDR governmental tax and service charge
Luggage handling',
    'ACTIVE', NOW()
);
INSERT INTO itineraries (id, tour_id, title, level, description, status, created_at)
VALUES (126, 6, 'Day 1: Upon Arrival — Waterfall', 'moderate', 'Upon arrival, driving to the Bolaven Plateau, the renowned coffee of Laos is produced in this region. During colonization, the French promoted the production of high quality Arabica and Robusta strains. Production declined during the war years, but is now experiencing a renaissance. The climate of the plateau with its cooler temperatures and abundant rainfall makes it the perfect place for coffee production. 
A chance to visit some coffee and tea plantations and taste the unique flavor of Lao coffee. 
This area is rich in ethnic groups, predominantly Laven. Enroute the road between Pakse and Paksong on the western edge of the plateau, visit Tad E-Tu Waterfall. Continue to Tad Fane Waterfall, the highest in Champasak Province, and the nearby Tad Yuang Waterfall.
Overnight in Paksong', 'ACTIVE', NOW());
INSERT INTO itineraries (id, tour_id, title, level, description, status, created_at)
VALUES (127, 6, 'Day 2: After Breakfast — Temple', 'moderate', 'After breakfast, drive from Paksong down into the Mekong plain and visit the town of Champasak, where we’ll explore the French colonial architecture dotting the town. Further South, we reach the ruined Khmer temple complex of Vat Phou and continue to Don Khong.
VAT PHOU
Vat Phou is considered one of the oldest archaeological sites in Laos. One temple on the site was constructed around the 5th century but most buildings found in the complex are from the 11th to 13th centuries. Like other notable Khmer architecture in Southeast Asia, it was constructed using sandstone, laterite and bricks. Among many of the outstanding carvings there are Indra, the Hindu god of war, storms, and rainfall, riding a three-headed elephant and Vishnu riding on a garuda, an eagle
Overnight on Don Khong', 'ACTIVE', NOW());
INSERT INTO itineraries (id, tour_id, title, level, description, status, created_at)
VALUES (128, 6, 'Day 3: Explore The Area Of — Waterfall', 'moderate', 'Explore the area of ‘​​Si Pan Don’ (4000 Islands) by boat. The pace of life is slow in the rural area where local people live in small wooden houses on stilts and where cows, goats, pigs and other animals roam around freely. 
SI PHAN DON
Meaning ‘Four Thousand Islands'' , Si Phan Don is a group of islands in the Mekong river in the South of Laos. The area’s main attractions are its rural character, tranquility and the Khone Phapheng Waterfall.
DON KHONE, DON DET & DON KHONG
The most visited islands are Don Khone, Don Det and Don Khong, which is the largest island. Don Det is a small island that offers the most choice of accommodation. The island attracts a large number of backpackers. The larger Don Khone Island, which is just one kilometer from the Cambodian border, is less developed than Don Det. The island is connected with Don Det with a bridge built by the French during the colonial era. During the rainy season it is up to 12 km wide. When the water goes back, there are many small islands. It is this phenomenon that gave the region its name.
Overnight on Don Khone', 'ACTIVE', NOW());
INSERT INTO itineraries (id, tour_id, title, level, description, status, created_at)
VALUES (129, 6, 'Day 4: Return To The Mainland And Visit The Legendary Khone Phapheng Cascade Falls — Waterfall', 'moderate', 'Return to the mainland and visit the legendary Khone Phapheng Cascade Falls. 
KHONE PHAPHENG WATERFALL
A series of cascading waterfalls in the Mekong river is one of Laos’ most beautiful natural attractions. The impressive falls in Champasak province near the Cambodian border are the largest in volume in Southeast Asia.
The falls, also known as Khone Phapheng, are located in the 4000 Islands. At this point the Mekong river broadens out; during the rainy season the river and series of cascades is kilometers wide and extend over a length of almost 10 km downstream.
Continue to the north again to Champasak where you stay for your last night in southern Laos.
Overnight in Champasak', 'ACTIVE', NOW());
INSERT INTO itineraries (id, tour_id, title, level, description, status, created_at)
VALUES (130, 6, 'Day 5: Free Time In The Morning — Exploration', 'moderate', 'Free time in the morning; then transfer to Pakse. 
Transfer to the airport for departure flight.', 'ACTIVE', NOW());

-- ===== LAOS - CAVES & MYSTERIES [CLASSIC TOUR (15)] =====
INSERT INTO destinations (id, country_id, name, status, created_at) VALUES (7, 1, 'Luang Prabang', 'ACTIVE', NOW()) ON DUPLICATE KEY UPDATE name=VALUES(name);
INSERT INTO tours (
    id, destination_id, sku, title, duration, price,
    summary, hightlight, included, not_included, status, created_at
) VALUES (
    7, 7, NULL, 'Laos - Caves & Mysteries',
    '5 DAYS', 2025,
    'A MOUNTAIN JOURNEY / LUANG PRABANG TO PHONSAVAN', '• UNESCO World Heritage Sites
• Expert English-speaking guide
• Authentic cultural experiences
• Small group, private service
• All entrance fees included',
    'All sightseeing as described in program above 
Transportation in private AC vehicles 
Accommodation in hotels (twin shared)
English-speaking guide 
Admission fees to sights described above
Meals: B= breakfast, L= lunch, D= dinner
Lao PDR governmental tax and service charge
Luggage handling', 'All sightseeing as described in program above 
Transportation in private AC vehicles 
Accommodation in hotels (twin shared)
English-speaking guide 
Admission fees to sights described above
Meals: B= breakfast, L= lunch, D= dinner
Lao PDR governmental tax and service charge
Luggage handling',
    'ACTIVE', NOW()
);
INSERT INTO itineraries (id, tour_id, title, level, description, status, created_at)
VALUES (151, 7, 'Day 1: Ll Leave Luang Prabang And Take Route — Temple', 'moderate', 'We''ll leave Luang Prabang and take Route 13 through the highlands and breathtaking scenery to Xieng Khouang. On the way we''ll stop to explore one of the many Hmong villages we pass. The small, quiet town of Muang Sui is notable for several reasons. During the Indochina War, this was the last position of the Nationalist Lao Army and the CIA, supported by Air America, before it was evacuated. This area became known as ''Lima Site L-108'' and the runway and some of the abandoned buildings are still visible today. While in Muang Sui we will visit Buddhist sites in the area, including historic temples and caves used as hospitals and shelters during the Indochina wars. 
Overnight in Phonsavan', 'ACTIVE', NOW());
INSERT INTO itineraries (id, tour_id, title, level, description, status, created_at)
VALUES (152, 7, 'Day 2: Your Guide Will Take You To Explore The Phonsavan Local Market And An Exhibit Displaying The Huge Va — Market', 'moderate', 'Your guide will take you to explore the Phonsavan local market and an exhibit displaying the huge variety of bombs used during the Indochina War on the way to visit the Plain of Jars. You''ll visit sites 1, 2 & 3 within the Plain of Jars, all of which have been made safe (other areas are considered too dangerous due to remaining unexploded ordnance (UXO).
Overnight in Phonsavan', 'ACTIVE', NOW());
INSERT INTO itineraries (id, tour_id, title, level, description, status, created_at)
VALUES (153, 7, 'Day 3: Today We Travel South To The Small Town Of Ban Hahin — Cave', 'moderate', 'Today we travel south to the small town of Ban Hahin. Stopping along the way to visit local Khmu villages and the bustling market of  Lak Sao. Near Konglor cave, surrounded by stunning limestone mountains, is where we will stay for the night.', 'ACTIVE', NOW());
INSERT INTO itineraries (id, tour_id, title, level, description, status, created_at)
VALUES (154, 7, 'Day 4: Ll Leave Early Today And Head To The Miraculous Kong Lor Cave — Cave', 'challenging', 'We''ll leave early today and head to the miraculous Kong Lor Cave. For 7.5 Kilometers the Hin Bun River makes its way through the mountain forming this stunning cave, we''ll board a local longboat and follow the river through the cave. Using headlamps and torches you can view the stunning stalactites and stalagmites before enjoying a picnic lunch within the Hin Boun National Protected Area. Take time to explore the town and surroundings, relax or maybe trek to the nearby  Nam Sanam waterfall ( only in the rainy season)', 'ACTIVE', NOW());
INSERT INTO itineraries (id, tour_id, title, level, description, status, created_at)
VALUES (155, 7, 'Day 5: In The Morning We — Exploration', 'moderate', 'In the morning we''ll continue our journey onwards to Vientiane Capital.
Arrive in afternoon and drop off at your hotel ( accommodation not included)

— END OF SERVICES —', 'ACTIVE', NOW());

-- ===== CLASSIC LAOS [CLASSIC TOUR (15)] =====
INSERT INTO destinations (id, country_id, name, status, created_at) VALUES (8, 1, 'Vang Vieng', 'ACTIVE', NOW()) ON DUPLICATE KEY UPDATE name=VALUES(name);
INSERT INTO tours (
    id, destination_id, sku, title, duration, price,
    summary, hightlight, included, not_included, status, created_at
) VALUES (
    8, 8, NULL, 'Classic Laos',
    '6 days', 2025,
    'VIENTIANE -  ARRIVAL', '• UNESCO World Heritage Sites
• Expert English-speaking guide
• Authentic cultural experiences
• Small group, private service
• All entrance fees included',
    'All sightseeing as described in program above 
Transportation in private AC vehicles 
Accommodation in hotels (twin shared)
English-speaking guide 
Admission fees to sights described above
Meals: B= breakfast, L= lunch, D= dinner
Lao PDR governmental tax and service charge
Luggage handling', 'All sightseeing as described in program above 
Transportation in private AC vehicles 
Accommodation in hotels (twin shared)
English-speaking guide 
Admission fees to sights described above
Meals: B= breakfast, L= lunch, D= dinner
Lao PDR governmental tax and service charge
Luggage handling',
    'ACTIVE', NOW()
);
INSERT INTO itineraries (id, tour_id, title, level, description, status, created_at)
VALUES (176, 8, 'Day 1: Upon Arrival In Vientiane — Market', 'easy', 'Upon arrival in Vientiane, transfer from Wattay International Airport to the hotel. The rest of the day will be left free to relax after your flights. Depending on your arrival time, there is still a chance to explore the city and walk along the Mekong River and visit the Night Market.
Overnight in Vientiane', 'ACTIVE', NOW());
INSERT INTO itineraries (id, tour_id, title, level, description, status, created_at)
VALUES (177, 8, 'Day 2: Discover The Charms Of Vientiane — Temple', 'easy', 'Discover the charms of Vientiane, a quiet but endearing capital city. Tour includes Wat Sisaket, Hor Phra Keo, That Luang Stupa and Patuxay Monument. Visit to markets, where you can find an abundance of locally made handicrafts.
WAT SISAKET
Wat Si Saket is an early 19th century Buddhist monastery in the center of Vientiane. It is the oldest temple of the town that is still in its original form. The temple was built in 1820 near the Royal Palace in the center of town by King Anouvong, the last King of Vientiane. It is one of the very few temples that survived the destruction that came with the Siamese armies that looted and burnt the city in 1827. The temple was restored in the 1930’s. Next to the cloister is the more recent, active part of the temple with resident monks. Right across the street is another one of Vientiane’s most important temples, the Hor Phra Keo.

HOR PHRA KEO
Hor Phra Keo is one of Laos’ most highly venerated temples, now turned into a museum. The temple derives its name from the Emerald Buddha, Thailand’s most highly revered Buddha image which was enshrined in the temple for over 200 years
THAT LUANG STUPA
That Luang Stupa or “Great Stupa” is the most important Buddhist monument in Laos. The large golden stupa in Vientiane is believed to enshrine a breast bone of the Buddha. The pagoda also known as That Luang is officially named Pha Chedi Lokajulamani, which translates to “World Precious Sacred Stupa”.
PATUXAY MONUMENT
Vientiane'' s Arc de Triomphe replica is a monumental sight. Officially called ''Victory Gate'' and commemorating the Lao who died in pre-revolutionary wars, it was built in the 1960s with cement donated by the USA intended for the construction of a new airport. Climb to the top for panoramic views over Vientiane.

COPE VISITOR CENTER
https://copelaos.org/
Overnight in Vientiane', 'ACTIVE', NOW());
INSERT INTO itineraries (id, tour_id, title, level, description, status, created_at)
VALUES (178, 8, 'Day 3: Buddha Park — Cave', 'moderate', 'Buddha Park (aka Wat Xieng Khuan) is a famous sculpture park with more than 200 religious statues including a huge 40-meter high reclining Buddha image.
The best spot for photography here is on top of the giant pumpkin structure standing about three stories high. The entrance is crafted to look like a demon’s mouth (about three meters high) with a stone ladder inside leading to a bird''s eye view of the entire Xieng Khuan Park.
It was built in 1958 by Luang Pu Bunleua Sulilat, a monk who studied both Buddhism and Hinduism. This explains why his park is full not only of Buddha images but also of Hindu gods as well as demons and animals from both beliefs.
The most outstanding ones include Indra, the king of Hindu gods riding the three-headed elephant (aka Erawan and Airavata), a four-armed deity sitting on a horse and an artistic deity with 12 faces and many hands, each holding interesting objects. They are all equally impressive not only because of their enormous size but because they are full of interesting details and interesting motifs.
There is a local eatery and café offering food and drinks to tourists at one end of the park right next to the Mekong River that makes a great spot to chill after all the walking and climbing. Among the popular snacks are papaya salad, fried bananas and cold Lao beer. 
Drive north to Vang Vieng, which is tucked in amongst giant limestone cliffs and sits along the Nam Song River. This is an area of immense natural beauty, with the Nam Song River passing through the shadows of the dramatic mountains.
VANG VIENG
The small town of Vang Vieng is located 150 km north of Vientiane. This is a place of a dreamlike landscape of bizarre limestone mountain peaks and scenic cliffs with the Nam Song River bisecting the town. At the base of the town’s limestone mountains are a network of caves we can visit and embark on a short boat ride on the Nam Song river for sunset.
Overnight in Vang Vieng 
(Distance: 160 km / 3-4 hrs)', 'ACTIVE', NOW());
INSERT INTO itineraries (id, tour_id, title, level, description, status, created_at)
VALUES (179, 8, 'Day 4: We Leave Vang Vieng North On Road — Exploration', 'easy', 'We leave Vang Vieng north on Road 13, which leads across the highlands through the stunning countryside to Luang Prabang Province. 
Enjoy scenic views and visit one of the many Hmong villages in the region. The Hmong are an ethnic group from the mountainous regions of Laos. They are also one of the sub-groups of the Miao ethnicity in Southern China. Hmong groups began a gradual southward migration in the 18th century due to political unrest and a lack of arable land.
LUANG PRABANG
Luang Prabang, a UNESCO World Heritage site. This beautiful city was the royal capital and seat of government for the Kingdom of Laos until the revolution of 1975. The main part of the city consists of four main roads crisscrossing a peninsula between the Nam Khan and Mekong Rivers.
Overnight in Luang Prabang 
(Distance: 220 km / 5-6 hrs)', 'ACTIVE', NOW());
INSERT INTO itineraries (id, tour_id, title, level, description, status, created_at)
VALUES (180, 8, 'Day 5: Explore The City By Tuk Tuk — Temple', 'easy', 'Explore the city by Tuk Tuk. The Tuk Tuk (a motorized-rickshaw) was brought to Southeast Asia in 1934 from Japan, and has since then become an icon of the region. The classic Tuk Tuk is a sheet-metal roof covering an open frame which rests on three wheels. They’re one of the most popular forms of transportation in Laos, Thailand and Cambodia, and this Southeast Asian emblem is the perfect vehicle for an open-air tour of Luang Prabang. 
Depart from the hotel at 08:30, get on the Tuk Tuk  to the open-air Morning Market in the old town. There are only a few large grocery stores here—instead, food is still produced by small farming families and villages and brought to Luang Prabang from the surrounding rural areas. The guide will explain the common vegetables and fruits that are in season and pick up some snacks for later.
A short walk from the market is Wat Mai Suwannaphumaham (“New Monastery”), the National Museum (Royal Palace) and Hor Phra Bang. After the museum, travel again by tuk tuk through more of the picturesque town to Wat Visounnalath. 
Another short tuk tuk ride along the Nam Khan River to Wat Xieng Thong. End the day’s tour on top of Mount Phousi.
MORNING MARKET
This small market is the Laotian "supermarket" where they come to buy their fresh fruit, vegetables and meat, which are offered in showcases which are not always the way we used to see in most of our countries. Some products are coming from the jungle around, and will be for sure highly exotic for travelers from western countries.
WAT MAI SUWANNAPHUMAHAM
The impressive Wat Mai Suwannaphumaham is one of Luang Prabang’s largest and most richly decorated temples. Both its interior and exterior are extensively adorned with black and red lacquer decoration and gold leaf. The temple, also known as Wat Mai, meaning “new temple” was founded around 1780 by King Anurat of Luang Prabang Kingdom. 
NATIONAL MUSEUM (ROYAL PALACE) AND HOR PHRA BANG
Set in a spacious, well-tended garden just off one of Luang Praba', 'ACTIVE', NOW());
INSERT INTO itineraries (id, tour_id, title, level, description, status, created_at)
VALUES (181, 8, 'Day 6: After Breakfast At The Hotel — Waterfall', 'moderate', 'After breakfast at the hotel, visit the local Phosy Market. Then travel by vehicle to the beautiful Tad Kuang Si Waterfalls, stopping on the way to visit Hmong and Khamu villages. Hmong and Khamu villages have different structures and ways of life; here, we can learn about their traditions and the differences between Lao, Khamu and Hmong culture. 
PHOSY MARKET
Phosy Market is by far the biggest market in Luang Prabang. There are several hundred merchants of all kinds proposing a large variety of products.
KUANG SI WATERFALL AND BEAR RESCUE CENTER
Kuang Si Waterfall is the biggest waterfall in the Luang Prabang area with three tiers leading to a 50-meter drop into spectacular azure pools before flowing downstream. The pools also make great swimming holes and are very popular with both tourists and locals. Visit the Bear Rescue Center within the Kuang Si Waterfall Park (No extra entrance ticket).
Transfer to the hotel and/or the airport for departure 

— END OF SERVICES —', 'ACTIVE', NOW());

-- ===== REMOTE NORTHERN LAOS [CLASSIC TOUR (15)] =====
INSERT INTO destinations (id, country_id, name, status, created_at) VALUES (9, 1, 'Luang Prabang', 'ACTIVE', NOW()) ON DUPLICATE KEY UPDATE name=VALUES(name);
INSERT INTO tours (
    id, destination_id, sku, title, duration, price,
    summary, hightlight, included, not_included, status, created_at
) VALUES (
    9, 9, NULL, 'Remote Northern Laos',
    '8 days', 2025,
    'LUANG PRABANG - BAN NAYANG - NONG KHIAW', '• UNESCO World Heritage Sites
• Expert English-speaking guide
• Authentic cultural experiences
• Small group, private service
• All entrance fees included',
    'All sightseeing as described in program above 
Transportation in private AC vehicles 
Accommodation in hotels (twin shared)
English-speaking guide 
Admission fees to sights described above
Meals: B= breakfast, L= lunch, D= dinner
Lao PDR governmental tax and service charge
Luggage handling', 'All sightseeing as described in program above 
Transportation in private AC vehicles 
Accommodation in hotels (twin shared)
English-speaking guide 
Admission fees to sights described above
Meals: B= breakfast, L= lunch, D= dinner
Lao PDR governmental tax and service charge
Luggage handling',
    'ACTIVE', NOW()
);
INSERT INTO itineraries (id, tour_id, title, level, description, status, created_at)
VALUES (201, 9, 'Day 1: The Drive To Nong Khiaw Will Take You Out Of Luang Prabang And Into The Magnificent Landscape Of Nor — Cave', 'moderate', 'The drive to Nong Khiaw will take you out of Luang Prabang and into the magnificent landscape of northern Laos.  Along the way we will visit the village of Ban Nayang, which is famous for its traditional cotton weaving.  Almost every household has its own weaving loom where families create beautiful scarves, tablecloths, and ornate wall hangings. The art of cotton weaving in Ban Nayang has been passed from generation to generation for almost 300 years.
The local population at Ban Nayang belongs to the Tai Lue  ethnic group, which migrated to this area from Yunnan Province during the 18th century. In Yunnan, the Tai Lue are officially part of the Dai ethnic group. 
After visiting Ban Nayang we will continue to Nong Khiaw, where you will check in at your hotel, located on the shores of the Nam Ou River. 
Visit nearby Phatok cave or one of the viewpoints in the area.
Overnight in Nong Khiaw', 'ACTIVE', NOW());
INSERT INTO itineraries (id, tour_id, title, level, description, status, created_at)
VALUES (202, 9, 'Day 2: Start Very Early For Today — Exploration', 'moderate', 'Start very early for today''s drive to Xam Neua, the capital of Houaphan province close to the Vietnamese border. Enjoy the breathtaking scenery of the northern Lao mountains and stop for short  visits in some villages of various ethnic groups and the Muang Hiam hot springs.
Overnight in Vieng Thong', 'ACTIVE', NOW());
INSERT INTO itineraries (id, tour_id, title, level, description, status, created_at)
VALUES (203, 9, 'Day 3: Am Morning Travel From Vieng Thong To Son Koua Village — Boat', 'moderate', '8.30-9.00am Morning Travel from Vieng Thong to Son Koua Village (55km) , the starting point of the Nam Nern Night Safari
Afternoon – River travel to Nam Nern Substation
Evening: Wildlife spotting
10.00am Arrive in Son Koua Village. Upon arrival at Ban Son Koua, an ethnic Khmu
Village, village guides and boatmen greet guests and take them on a short tour of the
village where they will learn about the animist tradition of appeasing the village spirit.
After that, guests will have lunch in the village.
Village guides and boatmen will be awaiting you to greet you and take you on a short tour of the village where you will learn about daily life and the animist tradition of appeasing the village spirits.
At around 10-11 am guests embark on a 1.5-­2 hour journey to the park substation and visitor camp on the Nam Nern River by long-­tail boat, along the way learning about upland rice cultivation and having opportunities to spot monitor lizards (depending on the time of year) and bird life.
After arriving at the park substation, visitors will be shown their accommodation, bamboo huts close to the river, and will then be offered a lunch prepared by the village cooking group. After lunch, you will receive a briefing by park staff about the on-­the-­ground efforts in protecting wildlife and its habitat.

Afternoon
Free time to relax at the camp. Depending on the ranger availability, the park substation can be visited to learn about the law enforcement work. At mid-­afternoon, the group takes the boat again to continue the journey upriver. Enjoy bird watching and wildlife spotters and boatmen might point out evidence of wildlife, such as tracks or scat at if spotted at the riverbank salt licks.

Dinner
The boats continue upriver to the dinner site, a sandy, flat bank, where the group takes a picnic around a campfire. After dinner, the guides might share with you the Khmu folktales and stories about dragons, wildlife, and ghosts. The guides educate tourists about the species of a', 'ACTIVE', NOW());
INSERT INTO itineraries (id, tour_id, title, level, description, status, created_at)
VALUES (204, 9, 'Day 4: Morning Walk — Boat', 'moderate', 'Morning Walk, breakfast and return to Son Koua village.
Before breakfast, local guides take you on a walk around the jungle, teaching about the use of some medicinal plants and explaining the history of the site, which was once a major settlement during the Secret War. After breakfast, the boats will return back to the village.
Return
Upon arrival in the village, you are invited to fill out a wildlife monitoring form that is used to monitor wildlife abundance and indicate the amount of bonuses put into the village development fund from the tour costs (There is no extra fee if you are so lucky to see a tiger.)
10.30 - 11.00am continue to Xam Neua, capital of Houaphan province.
Arrival in the late afternoon and check into the guest house.
Overnight in Xam Neua', 'ACTIVE', NOW());
INSERT INTO itineraries (id, tour_id, title, level, description, status, created_at)
VALUES (205, 9, 'Day 5: There Have Been Many Who Have Called The Viengxay Caves The Most Fascinating Site Of Their Journey I — Cave', 'moderate', 'There have been many who have called the Viengxay Caves the most fascinating site of their journey in Laos.  A history buff or not, you will be moved and astonished by the sheer vastness of these caves and the number of people who made home of them during the Second Indochina War in order to protect themselves from bomb raids.
After visiting the caves we will return  to Xam Neua. 
Overnight in Xam Neua', 'ACTIVE', NOW());
INSERT INTO itineraries (id, tour_id, title, level, description, status, created_at)
VALUES (206, 9, 'Day 6: We Leave Xam Neua And Continue On The Road No — Cave', 'moderate', 'We leave Xam Neua and continue on the road No.6 through the highlands and through the breathtaking scenery to Phonsavan, the capital of Xieng Khouang province.


On the way we can enjoy the magnificent views; see the Hintang (stone steles)  and visit one of the many Hmong villages in this area. The Hmong are an Asian ethnic group from the mountainous regions of Laos, they are also one of the sub-groups of the Miao, an ethnic minority in Southern China. The Hmong began a gradual migration to the south in the 18th Century due to political unrest and to find more farmland. 
Xieng Khouang, with the Plain of Jars is a very famous tourist attraction and was also nominated as a UNESCO World Heritage Site. By 1973, every village in the province of Xieng Khouang was destroyed by American bombing during the Indochina War. Approx. 2 tons of bombs per inhabitant were dropped during the conflict in Laos, and a lot of them in the area of ​​Xieng Khouang. However, this area is surprisingly beautiful, with its mysterious ancient stone jugs next to bomb craters, the relics from the dark days of a destructive war. 
Near Muang Kham we can visit the Tham Piu cave, which was used as a shelter during the war years and the site where hundreds of people were killed during a missile attack in 1968. 
Overnight in Phonsavan', 'ACTIVE', NOW());
INSERT INTO itineraries (id, tour_id, title, level, description, status, created_at)
VALUES (207, 9, 'Day 7: The Plain Of Jars Is A Large Cultural Site In Laos Containing Thousands Of Stone Jars — Temple', 'moderate', 'The Plain of Jars is a large cultural site in Laos containing thousands of stone jars. Archaeologists believe that the jars were used 1,500 to 2,000 years ago. Most of the excavated material has been dated to around 500 BC to 800 AD.  Anthropologists and archeologists have theorized that the jars may have been used as funeral urns or perhaps storage for food. 
Lao stories and legends claim that there was a warrior race of giants who once inhabited the area.  The local legend tells of the ancient king named Khun Cheung, who fought a long, victorious battle.  It is said that he celebrated his victory by creating the jars to brew and store huge amounts of lao lao, a traditional rice wine.  The jars lie scattered throughout the northern end of the Xieng Khouang plain in the Lao Highlands which meet the Annamese Cordillera, the principal mountain range of Indochina which divides Laos and Vietnam.  In the context of the Vietnam War and the Secret War, the Plain of Jars typically refers to the entire Xieng Khouang plain rather than the cultural sites themselves.  On your way to the cultural site you might see old Russian tanks and large craters which are now historic remnants themselves.
The tour will take you to visit sites 1,2 & 3 within the Plain of Jars. The others are still considered too dangerous.
We''ll end our visit with Muang Khoun the former royal capital of the Xieng Khouang region. Though the town was heavily bombed during the war, a few colonial French buildings remain along with several temples and the famous stupa tower of That Foun, which was built in 1576. It is said that That Foun was built over the ashes of Lord Buddha which were brought to Laos from India.
Overnight in Phonsavan', 'ACTIVE', NOW());
INSERT INTO itineraries (id, tour_id, title, level, description, status, created_at)
VALUES (208, 9, 'Day 8: Transfer Overland Via Muang Sui — Temple', 'moderate', 'Transfer overland via Muang Sui ,Phou Khoun  to Luang Prabang with several stops along the way for photo opportunities.
The quiet little town of Muang Sui is notable for several reasons. During the Indochina War, this was the last position of the Nationalist Lao Army and the CIA, supported by Air America, before it was evacuated. Muang Sui is home to some interesting sites, including historic temples and caves. 
Like the caves around Sam Neua, some of them were used as bomb-shelters and aid-stations during the war and evidence (in the form of medical wastes) can be seen in some caves even today.
Transfer to your hotel ( accommodation not included)
— END OF SERVICES —', 'ACTIVE', NOW());

-- ===== NORTHERN LAOS [CLASSIC TOUR (15)] =====
INSERT INTO destinations (id, country_id, name, status, created_at) VALUES (11, 1, 'Luang Prabang', 'ACTIVE', NOW()) ON DUPLICATE KEY UPDATE name=VALUES(name);
INSERT INTO tours (
    id, destination_id, sku, title, duration, price,
    summary, hightlight, included, not_included, status, created_at
) VALUES (
    11, 11, NULL, 'Northern Laos',
    '8 days', 2025,
    'LUANG PRABANG – PAK OU CAVES - NONG KHIAW', '• UNESCO World Heritage Sites
• Expert English-speaking guide
• Authentic cultural experiences
• Small group, private service
• All entrance fees included',
    'All sightseeing as described in program above 
Transportation in private AC vehicles 
Accommodation in hotels (twin shared)
English-speaking guide 
Admission fees to sights described above
Meals: B= breakfast, L= lunch, D= dinner
Lao PDR governmental tax and service charge
Luggage handling', 'All sightseeing as described in program above 
Transportation in private AC vehicles 
Accommodation in hotels (twin shared)
English-speaking guide 
Admission fees to sights described above
Meals: B= breakfast, L= lunch, D= dinner
Lao PDR governmental tax and service charge
Luggage handling',
    'ACTIVE', NOW()
);
INSERT INTO itineraries (id, tour_id, title, level, description, status, created_at)
VALUES (251, 11, 'Day 1: Travel By Boat To Tham Pak Ou Cave And Continue By Vehicle To Nong Khiaw — Cave', 'moderate', 'Travel by boat to Tham Pak Ou Cave and continue by vehicle to Nong Khiaw. Along the way, visit the village of Ban Nayang, which is famous for its traditional cotton weaving. After visiting Ban Nayang, continue to Nong Khiaw, located on the shores of the Nam Ou River.
PAK OU CAVE
One of the most respected holy sites in Lao; Pak Ou Caves have a history dating back thousands of years. Packed with over 4,000 Buddha icons, the caves, a shrine to the river spirit and Lord Buddha, are set in a dramatic limestone cliff at the point where the Mekong joins the Nam Ou River. There are two caves to visit, the lower cave called Tham Ting and the upper cave Tham Theung, both boasting miniature Buddhist figures that are mostly made from wood. 
BAN NAYANG
Almost every household has its own weaving loom where families create beautiful scarves, tablecloths, and ornate wall hangings. The art of cotton weaving in Ban Nayang has been passed from generation to generation for almost 300 years. The local population at Ban Nayang belongs to the Tai Lue (Lü) ethnic group, which migrated to this area from the Yunnan Province during the 18th century. In Yunnan, the Tai Lue are officially part of the Dai ethnic group.
Overnight in Nong Khiaw', 'ACTIVE', NOW());
INSERT INTO itineraries (id, tour_id, title, level, description, status, created_at)
VALUES (252, 11, 'Day 2: Easy Trek — Cave', 'challenging', 'EASY TREK
Tham Pha Tok Cave hike (3 km), bike-tour or hike to a nearby cave, which was used as a shelter for up to 2000 people during the Indochina wars of the 1960-70; a historically interesting site well worth a visit. A short walk away from the cave, you can see and visit the former ‘people''s bank’, a deep cavernous complex, bombproof deep in the mountain. The very narrow spiral walkway down into the mountain leads you to different chambers and vaults of this unique place. (Not recommended for claustrophobic people!)
MEDIUM TREK
Mountainview Trek, 3-4 hrs. steep trails
This is a short and steep trek to the top of the second highest point overlooking Nong Khiaw.  We’ll ascend about 400 m (1300 ft.) on a trail that’s 1.8 km long. The short and adventurous trail takes us into the jungle and ancient high altitude forests surrounding the town. On a clear day, you can see as far as 20 km to the northern mountains of Muang Ngoi area. Nong Khiaw is known for its beautiful mountainous jungle landscape. If you come with limited time and can walk steep up and down then that’s a great and short adventure to take home!
Total tour duration 4 hours; walking up 1.5 hours, snack at the top, then 1.5 hours down.
DIFFICULT TREK
''Wow,wow,wow...'' is what the first travelers said after coming back from this simply amazing waterfall hike and river trip! (Note: difficult, slippery walking, no trails & railings.)
Starting the day with a peaceful boat ride on the Nam Ou River to explore a small Lao village along the river side before heading into the waterfalls. Learn about their way of life along this river! Walking through small streams and rice paddies you arrive at the bottom of the 100 waterfalls which have been first explored in October 2008! The next few hours you will see only water and jungle and hear the sound of clear waterfall cascades. The pools around you are very inviting for a refreshing splash. Your guide will lead you through the cascades and prepare a local style lunch ', 'ACTIVE', NOW());
INSERT INTO itineraries (id, tour_id, title, level, description, status, created_at)
VALUES (253, 11, 'Day 3: The Boat Ride From Nong Khiaw To Muang Khua Offers Several Highlights — Boat', 'moderate', 'The boat ride from Nong Khiaw to Muang Khua offers several highlights. The Nam Ou River is one of the most important rivers of Laos and offers some of the most stunning scenery. The river runs 448 km from Phongsaly in Northern Laos to Luang Prabang where it merges with the Mekong River. On board the traditional Lao Longtail Boat, the journey slowly upriver which allows you to take in the view and relax along the way. The boat will pass by many remote villages, rugged mountain terrain and impressive limestone cliffs.
Stop at a few of the villages, most of which are only accessible by boat and offer a unique look into traditional daily village life along the river. For lunch, stop on a remote sandbank and can enjoy a fish BBQ, prepared by the boat crew and your guide. An excellent way to experience local life and food!
At the end of the journey, arrive at Muang Khua and transfer to a vehicle, then continue to Oudomxay.
Overnight in Oudomxay / Namkat Yorlapa Resort
(5-6 hrs.by boat / By vehicle distance: 130 km / 2-3 hrs)', 'ACTIVE', NOW());
INSERT INTO itineraries (id, tour_id, title, level, description, status, created_at)
VALUES (254, 11, 'Day 4: Choose One Of The Numerous Activities Offered At The Resort — Exploration', 'moderate', 'Choose one of the numerous activities offered at the resort. (not yet included)
https://www.namkatyorlapa.com/namkat/activities
Overnight in Namkat Resort', 'ACTIVE', NOW());
INSERT INTO itineraries (id, tour_id, title, level, description, status, created_at)
VALUES (255, 11, 'Day 5: Overland Transfer Via Oudomxay To Luang Namtha Through The Mountains Of Northern Laos — Exploration', 'moderate', 'Overland transfer via Oudomxay to Luang Namtha through the mountains of northern Laos.
The northern part of Laos is a remote region where a craggy and mountainous landscape has kept the modern world at bay, protecting isolated minority villages perched on sheer hillsides and huddling in protected valleys.
Several stops will be made to encounter local rural life of Lao people and different ethnic tribes. Lunch in a local basic restaurant before arriving in Luang Namtha.
Overnight in Luang Namtha 
(Distance: 150 km / 3-4 hrs)', 'ACTIVE', NOW());
INSERT INTO itineraries (id, tour_id, title, level, description, status, created_at)
VALUES (256, 11, 'Day 6: Travel By Minivan Or Tuk Tuk Heading — Trek', 'challenging', 'At 09:00, travel by Minivan or Tuk Tuk heading 35 km to Ban Nam Sing or Ban Nam Eang. There, you will learn the Khmu traditional culture and lifestyle. After start the trek up and down deep into the Nam Ha jungle. On the trail the guide will explain about the wildlife of Nam Ha area, traditional forest use, local agriculture practices and medicinal plants which the indigenous hill tribe people use for making medicine to cure rural patients.
At lunchtime in the forest, you will have a taste of local food, a taste that you have probably never tried before.  
After lunch, the trek continues through the mountains and the mixed forest to Ban Nam Vang (a Hmong and Lahu village). Arriving at the village, a warm welcome with smiles by the Hmong and Lahu hosts to their homes. 
If you are not too tired, you will have the opportunity to learn some wonderful activities which Hmong or LaHu people do on a routine day to earn their livelihood in the hills of Nam Ha. Then, there will be a delicious traditional meal with some vegetables and spices we have collected along the trail and further cultural exchanges are coming with traditional drinks and songs at dinner time.
Overnight in village homestay 
(About 5-6 hours walking)', 'ACTIVE', NOW());
INSERT INTO itineraries (id, tour_id, title, level, description, status, created_at)
VALUES (257, 11, 'Day 7: After Sharing A Morning Meal With Our Village Hosts — Trek', 'challenging', 'After sharing a morning meal with our village hosts, continue to enjoy panoramic views of the NPA area. Then, trek into the rainforest, the mountain ranges of the Nam Ha NPA and through the jungle. Along this trail you will have a fantastic visit to Ban Nam Kiu, the Lahu village with a very small population and you will discover the genuine life of these people who see dogs as their god. For lunch, share a picnic with the local Lahu people. 
After lunch, continue the trek through Nam Ha NPA. In this area there are some monkeys and wild pigs; if you are lucky you will see them running around.  
At the end of the trip, come down to Talong village, where the Tuk Tuk or minivan is waiting for transfer to Luang Namtha.
Overnight in Luang Namtha 
(About 5-6 hours walking)', 'ACTIVE', NOW());
INSERT INTO itineraries (id, tour_id, title, level, description, status, created_at)
VALUES (258, 11, 'Day 8: After Breakfast — Exploration', 'moderate', 'After breakfast, take a private minivan through the countryside to Huay Xai, located on the banks of the upper Mekong and bordering Thailand. After arrival and lunch, transfer to Lao-Thai Friendship Bridge 4. Handover to the Thai guide and continue the journey in Thailand. 
(Distance: 150 km / 3-4 hrs)
— END OF SERVICES —', 'ACTIVE', NOW());

-- ===== NORTHERN LAOS IN STYLE [CLASSIC TOUR (15)] =====
INSERT INTO destinations (id, country_id, name, status, created_at) VALUES (12, 1, 'Luang Prabang', 'ACTIVE', NOW()) ON DUPLICATE KEY UPDATE name=VALUES(name);
INSERT INTO tours (
    id, destination_id, sku, title, duration, price,
    summary, hightlight, included, not_included, status, created_at
) VALUES (
    12, 12, NULL, 'Northern Laos In Style',
    '8 days', 2025,
    'LUANG PRABANG - ARRIVAL', '• UNESCO World Heritage Sites
• Expert English-speaking guide
• Authentic cultural experiences
• Small group, private service
• All entrance fees included',
    'All sightseeing as described in program above 
Transportation in private AC vehicles 
Accommodation in hotels (twin shared)
English-speaking guide 
Admission fees to sights described above
Meals: B= breakfast, L= lunch, D= dinner
Lao PDR governmental tax and service charge
Luggage handling', 'All sightseeing as described in program above 
Transportation in private AC vehicles 
Accommodation in hotels (twin shared)
English-speaking guide 
Admission fees to sights described above
Meals: B= breakfast, L= lunch, D= dinner
Lao PDR governmental tax and service charge
Luggage handling',
    'ACTIVE', NOW()
);
INSERT INTO itineraries (id, tour_id, title, level, description, status, created_at)
VALUES (276, 12, 'Day 1: Arrive In Luang Prabang — Exploration', 'moderate', 'Arrive in Luang Prabang, meet your guide and drive to the hotel. 
Overnight in Luang Prabang', 'ACTIVE', NOW());
INSERT INTO itineraries (id, tour_id, title, level, description, status, created_at)
VALUES (277, 12, 'Day 2: The Bells Of The Town — Waterfall', 'moderate', 'The bells of the town''s monasteries toll at dawn when long, golden lines of monks emerge to receive their morning rice from the townspeople. If you rise early, you will have the opportunity to witness this moving scene that is typical of old Laos—long lines of barefooted monks weaving through the streets on their alms rounds. 

After breakfast we’ll travel by car to the beautiful Kuang Si waterfalls (we recommend visiting the waterfall in the morning before it gets crowded), stopping on the way to visit Hmong and Khamu villages. Hmong and Khamu villages have different structures and ways of life; here, we can learn about their traditions and the differences between Lao, Khamu and Hmong culture. The multi-tiered waterfall, which takes on a striking turquoise color in the dry season, we’ll travel back to town.
Then ride to Wat Visounalat, known as "the Watermelon Stupa," as well as the ornate Wat Mai, and Wat Xieng Thong, an exquisite 400-year-old royal monastery complex, National Museum.
End your tour of town by climbing Phousi Hill with its derelict anti-aircraft gun and revered shrine. From the top, enjoy wonderful views of the Mekong and mountains beyond. 

BACI CEREMONY
This evening, reconvene with your guide and be treated to the refined grace of a private Baci ceremony at the village. These gentle villagers, led by their Nai Ban (village chief), offer visitors tidings of good luck and fortune for their life and travels by gently tying cotton cords symbolizing luck, friendship and good health around your wrists. The Baci ceremony will be held at a private family home and will take from 30 minutes up to one hour.
Overnight in Luang Prabang', 'ACTIVE', NOW());
INSERT INTO itineraries (id, tour_id, title, level, description, status, created_at)
VALUES (278, 12, 'Day 3: This Morning After Breakfast — Waterfall', 'moderate', 'This morning after breakfast, reconvene with your guide and head into the countryside for a visit to the Mandalao Elephant Sanctuary where you''ll spend the day with one of Southeast Asia''s most beautiful and endangered creatures, the Asian elephant. No riding is allowed, but you''ll experience first hand all that is required to both take care of these amazing animals and protect their habitat.
You and your elephant companions will continue walking past a lovely stretch of rice fields and enter a patch of forest where you can rest, relax, and eat. Lunch will be served in traditional Lao fashion, eating on bamboo mats on the forest floor.
Kuang Song Waterfall, which was named after a Golden Deer spirit seen standing on its crest many centuries ago. If you like, you can take a cool dip, and stand under the soft showers of the waterfall.
You will sit, watch, and learn as the MandaLao mahout''s show how they communicate and listen to their elephants. This will highlight the special skills each elephant has and give you deeper insight into their individual personalities.
After this, you can take what you have learned from the mahouts and guides throughout the day and spend quiet, uninterrupted time with the elephants—reading their emotions just as they read yours. You will experience first-hand why humans and elephants have shared such an unwavering bond for thousands of years.
Along with the mahouts, you will bring your elephants to their nighttime feeding grounds. Take time for a long goodbye and to know that the connection you have built is not only felt by you, but by your new friend as well.
Late this afternoon around 16:00 (4:00 PM), you will transfer back into town and your hotel with the evening at your leisure.
Overnight in Luang Prabang', 'ACTIVE', NOW());
INSERT INTO itineraries (id, tour_id, title, level, description, status, created_at)
VALUES (279, 12, 'Day 4: After Breakfast Free And Relax At Your Hotel Before Driving To The Train Station To Take A Train To — Exploration', 'moderate', 'After breakfast free and relax at your hotel before driving to the train station to take a train to Oudomxay province, arrive at Oudomxay, drive outside to Nam Kat Yorla Pa Resort. 
Overnight at Nam Kat Resort.', 'ACTIVE', NOW());
INSERT INTO itineraries (id, tour_id, title, level, description, status, created_at)
VALUES (280, 12, 'Day 5: Choose An Activity On The Spot Around The Resort Or Just Enjoy The Free Day — Exploration', 'moderate', 'Choose an activity on the spot around the resort or just enjoy the free day.
Overnight at Nam Kat Resort', 'ACTIVE', NOW());
INSERT INTO itineraries (id, tour_id, title, level, description, status, created_at)
VALUES (281, 12, 'Day 6: After Your Final Breakfast At The Resort — Boat', 'moderate', 'After your final breakfast at The Resort , depart the resort on a around three -hour including stop along the way to the village of Muang Khua on a road that ultimately leads to the Vietnamese border and to Dien Bien Phu. At Muang Khua, you will board your privately chartered riverboat for the five-hour cruise down the Nam Ou River to the town of Nong Khiow. The boat is equipped with comfortable seats. The cruise will take you through some of the most spectacular river scenery in Northern Laos. Enjoy a picnic lunch on a secluded beach. 
Due to the construction of a dam half way down the Nam Ou, you will transfer the short distance by local truck and reboard an identical boat on the other side of the dam construction which just adds to the sense of adventure.
The cruise will end this afternoon in the town of Nong Khiaw, where you will stay overnight.
Overnight in Nong Khiaw', 'ACTIVE', NOW());
INSERT INTO itineraries (id, tour_id, title, level, description, status, created_at)
VALUES (282, 12, 'Day 7: The Drive From Nong Khiaw To Luang Prabang Will Follow The Nam Ou River And Then Take You Up And Ove — Temple', 'easy', 'The drive from Nong Khiaw to Luang Prabang will follow the Nam Ou river and then take you up and over the mountains.  Along the way, we will visit the village of Ban Nayang, which is famous for their traditional cotton weaving.  Almost every household has its own weaving loom where the families create beautiful scarves, table cloths and ornate wall hangings. The art of cotton weaving in Ban Nayang has been passed from generation to generation for almost 300 years.  
The local population of BanNayang belongs to the Tai Lue Ethnic Group who migrated to this area from Yunnan Province during the 18th century. In Yunnan the Tai Lue are officially part of the Dai Ethnic Group. 
After the visit in the village we will continue on the road to Pak Ou Village. 
Walk the main street, visit the small temple, and have lunch in one of the restaurants next to the river. Walk down to the river and take a boat to visit the Pak Ou caves. 

After that, take a boat on the Mekong river to go to Luang Prabang city (not by road), stopping on the way in Ban Xang Hai to see and taste lao lao (local rice whisky) production. Transfer to hotel. 
Overnight in Luang Prabang', 'ACTIVE', NOW());
INSERT INTO itineraries (id, tour_id, title, level, description, status, created_at)
VALUES (283, 12, 'Day 8: After Breakfast — Exploration', 'easy', 'After breakfast, relax at your hotel or explore the city on your own, until the appropriate time for transfer to the airport for your departure. 
-End of service-', 'ACTIVE', NOW());

-- ===== CLASSIC LAOS [CLASSIC TOUR (15)] =====
INSERT INTO destinations (id, country_id, name, status, created_at) VALUES (13, 1, 'Luang Prabang', 'ACTIVE', NOW()) ON DUPLICATE KEY UPDATE name=VALUES(name);
INSERT INTO tours (
    id, destination_id, sku, title, duration, price,
    summary, hightlight, included, not_included, status, created_at
) VALUES (
    13, 13, NULL, 'Classic Laos',
    '10 DAYS', 2025,
    'LUANG PRABANG / ARRIVAL', '• UNESCO World Heritage Sites
• Expert English-speaking guide
• Authentic cultural experiences
• Small group, private service
• All entrance fees included',
    'All sightseeing as described in program above 
Transportation in private AC vehicles 
Accommodation in hotels (twin shared)
English-speaking guide 
Admission fees to sights described above
Meals: B= breakfast, L= lunch, D= dinner
Lao PDR governmental tax and service charge
Luggage handling', 'All sightseeing as described in program above 
Transportation in private AC vehicles 
Accommodation in hotels (twin shared)
English-speaking guide 
Admission fees to sights described above
Meals: B= breakfast, L= lunch, D= dinner
Lao PDR governmental tax and service charge
Luggage handling',
    'ACTIVE', NOW()
);
INSERT INTO itineraries (id, tour_id, title, level, description, status, created_at)
VALUES (301, 13, 'Day 1: Arriving At The Airport In Luang Prabang — Exploration', 'easy', 'Arriving at the airport in Luang Prabang, we welcome you and transfer you to the hotel. Check-in at the hotel.
Spend your leisure time in Luang Prabang city. 
Overnight in Luang Prabang', 'ACTIVE', NOW());
INSERT INTO itineraries (id, tour_id, title, level, description, status, created_at)
VALUES (302, 13, 'Day 2: In The Morning — Temple', 'easy', 'In the morning, visit the Traditional Art and Ethnology Center to learn about Laos’ many ethnic cultures. Then visit Wat Xieng Thong, the royal city’s most important temple.
Embark and cruise upstream on the Mekong River, visit the famous and mysterious Pak Ou Caves. Back to the city. Stop at the village of Ban Xanghai where they make the local rice wine. Lunch at a local restaurant.
After lunch, visit some major places: National Museum (Royal Palace), Wat Mai, UXO Visitor’s Centre and Wat Visoun famous for its enormous stupa and its collection of old gilded Buddhas. Finally, we reach Mount Phousi to enjoy a panoramic sunset view of Luang Prabang. 
Overnight in Luang Prabang', 'ACTIVE', NOW());
INSERT INTO itineraries (id, tour_id, title, level, description, status, created_at)
VALUES (303, 13, 'Day 3: In The Morning — Waterfall', 'easy', 'In the morning, we drive to Living Land Lao Organic Farm at Phoung Van village. Learn and experience the real activities and life of a Lao farmer.
In the afternoon, we drive to the beautiful Kuang Si Waterfall where you can splash around in the pools or walk along the forest paths, then visit the Bear Rescue Centre . Before coming back to Luang Prabang, we still have time to visit Kuang Si Falls Butterflies Park, opened January 2014, it is now one of the must-see spots in Luang Prabang, and we will also stop to visit Buffalo Dairy farm. We return to the city. 
Overnight in Luang Prabang', 'ACTIVE', NOW());
INSERT INTO itineraries (id, tour_id, title, level, description, status, created_at)
VALUES (304, 13, 'Day 4: After Breakfast — Exploration', 'moderate', 'After breakfast, we make our way over the mountains to Xieng Khouang, best-known for having been heavily bombed during the Indochina War and also famous for its historic Plain of Jars.
The journey takes about 8 hours and we can make some stops at villages to observe the rural life of local people, including ethnic minorities.
Arrival in Phonsavanh, the capital of Xieng Khouang province and check into your hotel. 
Overnight in Phonsavan', 'ACTIVE', NOW());
INSERT INTO itineraries (id, tour_id, title, level, description, status, created_at)
VALUES (305, 13, 'Day 5: In The Morning — Exploration', 'moderate', 'In the morning, we make a visit to the 3 “Plain of Jars” sites and also discover some local villages where you can observe local village life.
In the afternoon, we drive to Muang Khoun, one of the few towns that has not been destroyed by the American bombings during the secret war. Muang Khoun is home to a unique sitting giant Buddha as well as some old pagodas that lie in ruins. Return to Phonsavan. 
Overnight in Phonsavan.', 'ACTIVE', NOW());
INSERT INTO itineraries (id, tour_id, title, level, description, status, created_at)
VALUES (306, 13, 'Day 6: After Breakfast — Exploration', 'moderate', 'After breakfast, we have time today to explore the site and some nearby villages, populated by the Hmong hill tribe and Tai Dam people. Even though living a poor life, they possess a vibrant local culture and an interesting history.
We leave Xieng Khuang for our scenic drive to Vang Vieng, a small town, which is nestled on a bend of the Nam Song River. Arrive at Vang Vieng by late afternoon. 
Overnight in Vang Vieng', 'ACTIVE', NOW());
INSERT INTO itineraries (id, tour_id, title, level, description, status, created_at)
VALUES (307, 13, 'Day 7: In The Morning — Cave', 'easy', 'In the morning, we will first stroll around the town to visit the local market to catch a glimpse of everyday life in a typical Lao rural area. We then visit Organic Farm Vang Vieng.
After that, we see the cave of Tham Jang, which was used in the early 19th century in defense against the Chinese invaders. We also cross the river to Ban Huai Ngae, a very pleasant village where we can explore the different local lifestyles.
In the afternoon, start cycling to Blue Lagoon (7Km from the town center), of which the waters are an aqua-blue, and are always cool. Visit the nearby Tham Phoukham Cave.
We go back to the city and board on a leisurely long-tail boat along the Nam Song River to admire the sunset. 
Overnight in Vang Vieng', 'ACTIVE', NOW());
INSERT INTO itineraries (id, tour_id, title, level, description, status, created_at)
VALUES (308, 13, 'Day 8: Morning — Exploration', 'easy', 'Morning, your leisure time in Vang Vieng. After early lunch, we leave Vang Vieng and head to Vientiane.
We visit Ban Houy Mo, a fishing village, along the way. 
Continue our journey and visit the curious Buddha Park, outside of Vientiane city.

BUDDHA PARK
Buddha Park (aka Wat Xieng Khuan) is a famous sculpture park with more than 200 religious statues, including a giant Buddha image 40 meters high.
The best spot for photography is at the top of the giant gourd structure about three stories high. The entrance is drawn in like a demon''s mouth (about 3 meters high) with a stone ladder leading to a bird''s-eye view of the entire Xieng Khuan Park.
This one was built in 1958 by Luang Pu Bunleua Sulilat, a monk who studied both Buddhism and Hinduism. This explains why its park is full not only of Buddha images but also of Hindu gods as well as demons and animals from both beliefs.
Among the most significant are Indra, the king of Hindu gods riding the three-headed elephant (aka Erawan and Airavata), a four-armed deity seated on a horse, and an artistic deity with 12 faces and many hands. They are all equally impressive, not only because of their enormous size, but because they are full of interesting details and interesting subjects.
Transfer to your booked hotel in late afternoon.
Overnight in Vientiane', 'ACTIVE', NOW());
INSERT INTO itineraries (id, tour_id, title, level, description, status, created_at)
VALUES (309, 13, 'Day 9: We Begin Our Tour By Visiting The Serene Wat Sisaket — Temple', 'moderate', 'We begin our tour by visiting the serene Wat Sisaket, one of the most beautiful temples in the capital. Continue on to the nearby Wat Phra Keo and Wat Si Muang. Used as a religious museum, Wat Phra Keo displays a collection of both Lao and Khmer works of art. 
Next, we visit the COPE Visitor Center, an association working to help landmine victims. Lunch at a local restaurant.
After lunch, we stop at the Patuxay monument, Laos’ version of the Arc de Triomphe. Continue our visit at Pha That Luang, the holiest site in Laos. 
Overnight in Vientiane', 'ACTIVE', NOW());
INSERT INTO itineraries (id, tour_id, title, level, description, status, created_at)
VALUES (310, 13, 'Day 10: Your Leisure Time To Explore The City On Your Own Until We Transfer You To The Airport For Your Depa — Exploration', 'easy', 'Your leisure time to explore the city on your own until we transfer you to the airport for your departure flight.

-End of service-', 'ACTIVE', NOW());

-- ===== IMPRESSIONS OF LAOS [CLASSIC TOUR (15)] =====
INSERT INTO destinations (id, country_id, name, status, created_at) VALUES (14, 1, 'VIENTIANE - PAKSAN – KONG LOR CAVE – SAVANNAKHET –', 'ACTIVE', NOW()) ON DUPLICATE KEY UPDATE name=VALUES(name);
INSERT INTO tours (
    id, destination_id, sku, title, duration, price,
    summary, hightlight, included, not_included, status, created_at
) VALUES (
    14, 14, NULL, 'Impressions Of Laos',
    '10 DAYS', 2025,
    'Embark on an unforgettable journey through IMPRESSIONS OF LAOS. Experience the authentic culture, stunning landscapes, and warm hospitality of Laos. Your expert guide will take you off the beaten path for a truly immersive adventure.', '• UNESCO World Heritage Sites
• Expert English-speaking guide
• Authentic cultural experiences
• Small group, private service
• All entrance fees included',
    'All sightseeing as described in program above 
Transportation in private AC vehicles 
Accommodation in hotels (twin shared)
English-speaking guide 
Admission fees to sights described above
Meals: B= breakfast, L= lunch, D= dinner
Lao PDR governmental tax and service charge
Luggage handling', 'All sightseeing as described in program above 
Transportation in private AC vehicles 
Accommodation in hotels (twin shared)
English-speaking guide 
Admission fees to sights described above
Meals: B= breakfast, L= lunch, D= dinner
Lao PDR governmental tax and service charge
Luggage handling',
    'ACTIVE', NOW()
);
INSERT INTO itineraries (id, tour_id, title, level, description, status, created_at)
VALUES (326, 14, 'Day 1: Start Early And Your Guide Will Pick You Up Around — Temple', 'moderate', 'Start early and your guide will pick you up around 08:00 am. Overland journey brings us further East to Paksan and onwards to Bolikhamxay Province to Khoun Kham, the starting point for tours to Tham Kong Lor Cave. Stop at Wat Phra Baht and Wat Phonsan.
WAT PHRA BAHT
 70 km east of Vientiane and is best known for its large Phabaht (Buddha footprint) shrine and monastery. It is an important pilgrimage place for lowland Lao from Bolikhamxay and Vientiane.
WAT PHONSAN
 located on the Mekong Riverside and 2 km away from Wat Phra Baht. Both temples are not located in the same area, but only had a link from their legend. This is the reason why people called these 2 temples in one name as Wat Phabatphonsan.
Overnight in Khoun Kham
(Distance: 320 km / 6 hrs)', 'ACTIVE', NOW());
INSERT INTO itineraries (id, tour_id, title, level, description, status, created_at)
VALUES (327, 14, 'Day 2: Visit Tham Kong Lor Cave — Cave', 'moderate', 'Visit Tham Kong Lor Cave, explore the karst limestone caves by boat while drifting along a winding, underground river surrounded by spectacular rock formations. At the end of the tour, emerge in a stunning valley and spend the remainder of the day snapping photos of stunning cave rock formations, and the evening walking through rural villages at sunset.
On return from the cave, have lunch in a nearby restaurant. If time permits, we can take a hike to a spectacular waterfall near Nahin.
THAM KONG LOR CAVE
This amazing 7.5 kilometers-long limestone cave was formed by the Hinboun River which still flows through the cave year-round. A boat ride right through the main cave, which is up to 90 meters wide and 100 meters high.
Overnight in Khoun Kham', 'ACTIVE', NOW());
INSERT INTO itineraries (id, tour_id, title, level, description, status, created_at)
VALUES (328, 14, 'Day 3: Thakhek — Exploration', 'moderate', 'Thakhek, our next destination about 190 km to the South-East, is located in Khammouane Province. Arrive in the afternoon; on the way stop at the Giant Wall (Khampheng Yak) 8 km outside of the town and visit the well known That Sikhottabong Stupa, one of the most sacred religious sites in the country.

THAT SIKHOTTABONG STUPA
On the east bank of the Mekong south of Thakhek, is the most important cultural and religious site in South Central Laos. The history of the 16th century / 500 year old stupa is linked across the Mekong River with cultural sites in Thailand. The region’s main event is the Sikhottabong festival in February, when crowds make a pilgrimage to the Stupa from all over Laos.
Overnight in Thakhek
(Distance: 190 km / 3,5 hrs)', 'ACTIVE', NOW());
INSERT INTO itineraries (id, tour_id, title, level, description, status, created_at)
VALUES (329, 14, 'Day 4: Overland Journey Southwards To Seno And Savannakhet — Temple', 'easy', 'Overland journey southwards to Seno and Savannakhet, the capital city of Khammouane Province. Visit the That Ing Stupa and Dinosaur Museum.
The old French Quarter of Savannakhet downtown invites you for an evening stroll, and you can sit along the Mekong River Bank for a sunset drink & snack.
THAT ING HANG STUPA
Is about nine meters high with beautiful carving and decoration. It’s reported to house a relic of Buddha’s spine. The 16th century stupa is located in Savannakhet, Central Laos. The sacred stupa is an important place of worship not only for Laotian Buddhists but also Thai Buddhists who live in northern Thailand. ‘Dress with respect’ is a must for all visitors. Women may be required to wear traditional phasin (Lao-style sarong) before entering the temple grounds. There are plenty of them available at the nearby stands and stores.

DINOSAUR MUSEUM
A museum where one can discover more about the Savannakhet prehistoric period. It is the latest addition to tourist sites here and is situated south of the stadium on Khantabouli Road. The hall displays a massive collection of fossils excavated from 1930 to the present. Four different dinosaurs and early mammalian remains from 200 million years ago are on display; even some fragments of a meteorite that fell to earth over 100 million years ago are kept here. 
Overnight in Savannakhet 
(Distance: 170 km / 3 hrs)', 'ACTIVE', NOW());
INSERT INTO itineraries (id, tour_id, title, level, description, status, created_at)
VALUES (330, 14, 'Day 5: Drive To Tad Lo And On The Way — Waterfall', 'moderate', 'Drive to Tad Lo and on the way, visit the Hor Tay Phidok Library, located South of Savannakhet. Arrive late afternoon and check-in to the Lodge near the famous Tad Lo Waterfall.
HOR TAY PHIDOK LIBRARY
This is an impressive old structure originally built in the 17th century. It is the most important repository of palm leaf books written in Burmese Pali, Khmer and ancient Lao alphabets in Laos. There are currently 4,000 books containing 361 different stories. The books are maintained in good condition by monks and novices, as well as the local people
Overnight in Tad Lo 
(Distance: 260 km / 5-6 hrs)', 'ACTIVE', NOW());
INSERT INTO itineraries (id, tour_id, title, level, description, status, created_at)
VALUES (331, 14, 'Day 6: The Renowned Coffee Of Laos Is Produced In This Region — Waterfall', 'moderate', 'The renowned coffee of Laos is produced in this region. During colonization, the French promoted the production of high quality Arabica and Robusta strains. Production declined during the war years, but is now experiencing a renaissance. The climate of the plateau with its cooler temperatures and abundant rainfall makes it the perfect place for coffee production. 
A chance to visit some coffee and tea plantations and taste the unique flavor of Lao coffee. 
This area is rich in ethnic groups, predominantly Laven. Enroute the road between Pakse and Paksong on the western edge of the plateau, visit several waterfalls , like Tad Fane Waterfall, the highest in Champasak Province, and the nearby Tad Yuang Waterfall.
Overnight in Paksong', 'ACTIVE', NOW());
INSERT INTO itineraries (id, tour_id, title, level, description, status, created_at)
VALUES (332, 14, 'Day 7: After Breakfast — Temple', 'moderate', 'After breakfast, drive from Paksong down into the Mekong plain and visit the town of Champasak, where we’ll explore the French colonial architecture dotting the town. Further South, we reach the ruined Khmer temple complex of Vat Phou and continue to Don Khong. 
VAT PHOU
Vat Phou is considered one of the oldest archaeological sites in Laos. One temple on the site was constructed around the 5th century but most buildings found in the complex are from the 11th to 13th centuries. Like other notable Khmer architecture in Southeast Asia, it was constructed using sandstone, laterite and bricks. Among many of the outstanding carvings there are Indra, the Hindu god of war, storms, and rainfall, riding a three-headed elephant and Vishnu riding on a garuda, an eagle.
Overnight in Don Khong', 'ACTIVE', NOW());
INSERT INTO itineraries (id, tour_id, title, level, description, status, created_at)
VALUES (333, 14, 'Day 8: Early In The Morning — Waterfall', 'moderate', 'Early in the morning, explore the 4000 islands area (Si Pan Don). 
SI PHAN DON
Known as the “Four Thousand Islands”, Si Pan Don is a group of islands in the Mekong river in the South of Laos. The area’s main attractions are its rural character, tranquility, the opportunity to watch the rare Irrawaddy dolphin and the Khone Phapheng Waterfall.

The pace of life is slow in the rural area where local people live in small wooden houses on stilts and where cows, goats, pigs and other animals roam around freely. 

The most visited islands are Don Khone, Don Det and Don Khong, which is the largest island. Don Det is a small island that offers the most choice of accommodation. The island attracts a large number of backpackers. The larger Don Khone Island, which is just one kilometer from the Cambodian border, is less developed than Don Det. 
The island is connected with Don Det with a bridge built by the French during the colonial era. During the rainy season it is up to 12 km wide. When the water goes back, there are many small islands. It is this phenomenon that gave the region its name.
LI PHI WATERFALL /  KHONE PHASOY
Another amazing natural site to visit. Relax, enjoy the scenery, watch people fishing, and enjoy a dish of freshly caught Mekong fish. This waterfall is named after a sacred Buddha image (Pha), which was dropped in the water-never to be found again by the first King of Laos, Chao Fa Ngum, who was traveling the region by boat.
The name Li Phi was given to the area because it acts like a giant fish trap (Li) and will kill any of those who dare to navigate it (Phi means ghost or dead person). 
Overnight in Don Khone 

Distance: 25 km / 2 hrs. by boat', 'ACTIVE', NOW());
INSERT INTO itineraries (id, tour_id, title, level, description, status, created_at)
VALUES (334, 14, 'Day 9: After Crossing The Mekong River To Reach The Famous Cascade Falls Of Khone Phapheng — Waterfall', 'moderate', 'After crossing the Mekong River to reach the famous cascade falls of Khone Phapheng. Discover the extraordinary beauty of the scenery and landscape around you; there is lots of opportunity for photo-snaps here. Lunch at a nearby restaurant and then continue our journey northwards back to Pakse.
KHONE PHAPHENG WATERFALL
13 km from the Cambodian border and east of Don Khone on the Mekong River is the pearl of the Mekong, Khone Phapheng Waterfall. Here the Mekong Cascades across a wide fault line, which slopes in curvilinear pattern and causes the river to pass through with awesome power. Khone Phapheng is the largest waterfall by water volume in due to its great power and steep descent, the waterfall renders this area of the Mekong unnavigable, before flowing peacefully South into Cambodia and Vietnam.
Overnight in Pakse', 'ACTIVE', NOW());
INSERT INTO itineraries (id, tour_id, title, level, description, status, created_at)
VALUES (335, 14, 'Day 10: Transfer To The Airport For Departure Flight — Exploration', 'moderate', 'Transfer to the airport for departure flight 

— END OF SERVICES —', 'ACTIVE', NOW());

-- ===== NORTHERN LAOS - HILLTRIBES & JUNGLES [CLASSIC TOUR (15)] =====
INSERT INTO destinations (id, country_id, name, status, created_at) VALUES (15, 1, 'Luang Prabang', 'ACTIVE', NOW()) ON DUPLICATE KEY UPDATE name=VALUES(name);
INSERT INTO tours (
    id, destination_id, sku, title, duration, price,
    summary, hightlight, included, not_included, status, created_at
) VALUES (
    15, 15, NULL, 'Northern Laos - Hilltribes & Jungles',
    '10 DAYS', 2025,
    'Embark on an unforgettable journey through NORTHERN LAOS - HILLTRIBES & JUNGLES. Experience the authentic culture, stunning landscapes, and warm hospitality of Laos. Your expert guide will take you off the beaten path for a truly immersive adventure.', '• UNESCO World Heritage Sites
• Expert English-speaking guide
• Authentic cultural experiences
• Small group, private service
• All entrance fees included',
    'All sightseeing as described in program above 
Transportation in private AC vehicles 
Accommodation in hotels (twin shared)
English-speaking guide 
Admission fees to sights described above
Meals: B= breakfast, L= lunch, D= dinner
Lao PDR governmental tax and service charge
Luggage handling', 'All sightseeing as described in program above 
Transportation in private AC vehicles 
Accommodation in hotels (twin shared)
English-speaking guide 
Admission fees to sights described above
Meals: B= breakfast, L= lunch, D= dinner
Lao PDR governmental tax and service charge
Luggage handling',
    'ACTIVE', NOW()
);
INSERT INTO itineraries (id, tour_id, title, level, description, status, created_at)
VALUES (351, 15, 'Day 1: After Transferring On Your Own From Chiang Rai To The Thai — Exploration', 'moderate', 'After transferring on your own from Chiang Rai to the Thai-Lao border crossing at Houay Xai, our guide will meet you at the Lao immigration office and assist you with the visa process. Then we''ll drive to Vieng Phouka, stopping along the way at a Lanten village - the name ''Lanten'' is a Chinese term meaning “the people who dye," as they are known for their natural dye traditions; they''re also one of the few ethnic minorities in Lao PDR who follow Daoism and read Chinese script.
Our journey today will end in Vieng Phouka. a rural village in the heart of northern Laos. Take time to discover the area and meet some of the local people. You''ll spend the night in a local, very basic guesthouse.', 'ACTIVE', NOW());
INSERT INTO itineraries (id, tour_id, title, level, description, status, created_at)
VALUES (352, 15, 'Day 2: Today We Continue Our Journey On To Luang Namtha — Market', 'moderate', 'Today we continue our journey on to Luang Namtha, heading over the mountain route to take in the stunning views. Upon reaching Luang Namtha take a stroll around the town, visit the busy night market where locals come together to trade goods and handicrafts and also delicious street food.
Overnight in Luang Namtha', 'ACTIVE', NOW());
INSERT INTO itineraries (id, tour_id, title, level, description, status, created_at)
VALUES (353, 15, 'Day 3: Ll Embark On — Trek', 'challenging', 'We''ll embark on 3 days of trekking through the forests, fields, rivers and mountains that surround Luang Namtha. Many interesting and challenging treks in this area await you, so you''ll choose among a selection of routes to suit your fitness and stamina. Our guides will then arrange the most interesting route, points of interest and resting points for you. 
Overnight in village homestay', 'ACTIVE', NOW());
INSERT INTO itineraries (id, tour_id, title, level, description, status, created_at)
VALUES (354, 15, 'Day 4: Spend Another Day Exploring The Stunninging Nam Ha Protected Area — Exploration', 'moderate', 'Spend another day exploring the stunninging Nam Ha Protected area. Your guide will lead you off the beaten path to discover the natural beauty and wildlife that abounds in this region.
Overnight in village homestay', 'ACTIVE', NOW());
INSERT INTO itineraries (id, tour_id, title, level, description, status, created_at)
VALUES (355, 15, 'Day 5: Continue With Your Trekking Adventure In The Wilds Of Luang Namtha — Trek', 'easy', 'Continue with your trekking adventure in the wilds of Luang Namtha. We’ll end the day back at the city in a clean and comfortable room.
Overnight in Luang Namtha', 'ACTIVE', NOW());
INSERT INTO itineraries (id, tour_id, title, level, description, status, created_at)
VALUES (356, 15, 'Day 6: Rise Early Like The Locals And Take A Walk To The Local Market — Market', 'moderate', 'Rise early like the locals and take a walk to the local market, where you may see members of hill tribes in traditional clothing buying and selling their products.
After breakfast, you''ll take a private minivan through the countryside to Muang Khua.  You can enjoy the beautiful landscape along the way.  Northern Laos is very ethnically diverse and the mountains surrounding Oudomxay, near the Chinese border, are home to groups like the Akha, Iko, Hmong, Khmu and more.  Despite modernization many of these hill tribes still live traditional lifestyles and follow local and ethnic customs. You''re likely in these regions to see people in beautiful traditional clothing. 
Overnight in Muang Khua', 'ACTIVE', NOW());
INSERT INTO itineraries (id, tour_id, title, level, description, status, created_at)
VALUES (357, 15, 'Day 7: The Boat Ride From Muang Khua To Muang Ngoy Winds Through Mountainous Jungle — Boat', 'moderate', 'The boat ride from Muang Khua to Muang Ngoy winds through mountainous jungle. The Nam Ou River, one of the most important in the Lao PDR, offers some of the best scenery. The river runs 448 km from Phongsaly in the north of the country all the way to Luang Prabang where it merges with the Mekong. On board the traditional Lao longtail boat we’ll journey slowly downstream, allowing you to take in the view and relax along the way. The boat will pass many remote villages, rugged mountain terrain and impressive limestone cliffs. We''ll stop at a few of the villages, most of which are only accessible by boat, and get a unique look into traditional daily village life along the river. The day''s journey will end in Muang Ngoy, a relaxing little village where we’ll spend the night.
Overnight in Muang Ngoy', 'ACTIVE', NOW());
INSERT INTO itineraries (id, tour_id, title, level, description, status, created_at)
VALUES (358, 15, 'Day 8: After A Short Boat Ride You — Waterfall', 'challenging', 'After a short boat ride you''ll reach the village of Ban Hat Sao, with a mixed population of Lao Lum and Lao Thung. From the village we will follow little trails on a jungle trek through a preserved part of the jungle and into the nearby mountain area. We’ll pass rice fields, forests and agricultural land on our way to the next highlight, a refreshing waterfall. Much of our route follows the stream and we’ll walk through the river and small waterfalls. After an extended break we’ll hike back to the river area. A small walking trail following the Nam Ou River will bring us to Nong Khiaw.
Overnight in Nong Khiaw', 'ACTIVE', NOW());
INSERT INTO itineraries (id, tour_id, title, level, description, status, created_at)
VALUES (359, 15, 'Day 9: After A One — Waterfall', 'moderate', 'After a one-hour boat trip on the Nam Ou we''ll start exploring and hiking through the "100 waterfalls," a recently discovered jungle waterfall. A village visit is included as well, where you learn more about life along the Nam Ou River. In the evening we’ll ride back on our boat to Nong Khiaw.
Overnight in Nong Khiaw', 'ACTIVE', NOW());
INSERT INTO itineraries (id, tour_id, title, level, description, status, created_at)
VALUES (360, 15, 'Day 10: Ll Drive A Winding Route Following The Nam Ou River Through The Mountains From Nong Khiaw To Luan — Exploration', 'easy', 'We’ll drive a winding route following the Nam Ou River through the mountains from Nong Khiaw to Luang Prabang.  Along the way we''ll visit the village of Ban Nayang, which is famous for its traditional cotton weaving.  Almost every household has its own weaving loom where the families create beautiful scarves, tablecloths and ornate wall hangings. Then we''ll continue to the UNESCO World Heritage City of Luang Prabang, where we''ll take you to your hotel or transfer to Luang Prabang Airport for departure. 
— END OF SERVICES —', 'ACTIVE', NOW());

-- ===== LUXURIOUS LAOS [CLASSIC TOUR (15)] =====
INSERT INTO destinations (id, country_id, name, status, created_at) VALUES (16, 1, 'Vang Vieng', 'ACTIVE', NOW()) ON DUPLICATE KEY UPDATE name=VALUES(name);
INSERT INTO tours (
    id, destination_id, sku, title, duration, price,
    summary, hightlight, included, not_included, status, created_at
) VALUES (
    16, 16, NULL, 'Luxurious Laos',
    '14 days', 2025,
    'Embark on an unforgettable journey through LUXURIOUS LAOS. Experience the authentic culture, stunning landscapes, and warm hospitality of Laos. Your expert guide will take you off the beaten path for a truly immersive adventure.', '• UNESCO World Heritage Sites
• Expert English-speaking guide
• Authentic cultural experiences
• Small group, private service
• All entrance fees included',
    'All sightseeing as described in program above 
Transportation in private AC vehicles 
Accommodation in hotels (twin shared)
English-speaking guide 
Admission fees to sights described above
Meals: B= breakfast, L= lunch, D= dinner
Lao PDR governmental tax and service charge
Luggage handling', 'All sightseeing as described in program above 
Transportation in private AC vehicles 
Accommodation in hotels (twin shared)
English-speaking guide 
Admission fees to sights described above
Meals: B= breakfast, L= lunch, D= dinner
Lao PDR governmental tax and service charge
Luggage handling',
    'ACTIVE', NOW()
);
INSERT INTO itineraries (id, tour_id, title, level, description, status, created_at)
VALUES (376, 16, 'Day 1: Upon Arrival In Vientiane — Market', 'easy', 'Upon arrival in Vientiane, transfer from Wattay International Airport to the hotel. The rest of the day will be left free to relax after your flights. Depending on your arrival time, there is still a chance to explore the city and walk along the Mekong River and visit the Night Market.
Overnight in Vientiane', 'ACTIVE', NOW());
INSERT INTO itineraries (id, tour_id, title, level, description, status, created_at)
VALUES (377, 16, 'Day 2: Discover The Charms Of Vientiane — Temple', 'easy', 'Discover the charms of Vientiane, a quiet but endearing capital city. Your tour includes Wat Sisaket, Hor Phra Keo, That Luang Stupa and Patuxay Monument. Visit the Talat Sao (Morning Market), where you can find an abundance of locally made handicrafts.
WAT SISAKET
Wat Si Saket is an early 19th century Buddhist monastery in the center of Vientiane. It is the oldest temple of the town that is still in its original form. The temple was built in 1820 near the Royal Palace in the center of town by King Anouvong, the last King of Vientiane. It is one of the very few temples that survived the destruction that came with the Siamese armies, that looted and burnt the city in 1827. The temple was restored in the 1930’s. Next to the cloister is the more recent, active part of the temple with resident monks. Right across the street is another one of Vientiane’s most important temples, the Hor Phra Keo.
HOR PHRA KEO
Hor Phra Keo is one of Laos’ most highly venerated temples, now turned into a museum. The temple derives its name from the Emerald Buddha, Thailand’s most highly revered Buddha image which was enshrined in the temple for over 200 years.
THAT LUANG STUPA
That Luang Stupa or “Great Stupa” is the most important Buddhist monument in Laos. The large golden stupa in Vientiane is believed to enshrine a breast bone of the Buddha. The pagoda also known as That Luang is officially named Pha Chedi Lokajulamani, which translates to “World Precious Sacred Stupa”.
PATUXAY MONUMENT
Vientiane'' s Arc de Triomphe replica is a monumental sight. Officially called ''Victory Gate'' and commemorating the Lao who died in pre-revolutionary wars, it was built in the 1960s with cement donated by the USA intended for the construction of a new airport. Climb to the top for panoramic views over Vientiane.

COPE VISITOR CENTER
https://copelaos.org/
Overnight in Vientiane', 'ACTIVE', NOW());
INSERT INTO itineraries (id, tour_id, title, level, description, status, created_at)
VALUES (378, 16, 'Day 3: Buddha Park — Cave', 'moderate', 'BUDDHA PARK (aka Wat Xieng Khuan) is a famous sculpture park with more than 200 religious statues including a huge 40-meter high reclining Buddha image.
The best spot for photography here is on top of the giant pumpkin structure standing about three stories high. The entrance is crafted to look like a demon’s mouth (about three meters high) with a stone ladder inside leading to a bird''s eye view of the entire Xieng Khuan Park.
It was built in 1958 by Luang Pu Bunleua Sulilat, a monk who studied both Buddhism and Hinduism. This explains why his park is full not only of Buddha images but also of Hindu gods as well as demons and animals from both beliefs.
The most outstanding ones include Indra, the king of Hindu gods riding the three-headed elephant (aka Erawan and Airavata), a four-armed deity sitting on a horse and an artistic deity with 12 faces and many hands, each holding interesting objects. They are all equally impressive not only because of their enormous size but because they are full of interesting details and interesting motifs.
There is a local eatery and café offering food and drinks to tourists at one end of the park right next to the Mekong River that makes a great spot to chill after all the walking and climbing. Among the popular snacks are papaya salad, fried bananas and cold Lao beer. 
Drive north to Vang Vieng, which is tucked in amongst giant limestone cliffs and sits along the Nam Song River. This is an area of immense natural beauty, with the Nam Song River passing through the shadows of the dramatic mountains.

VANG VIENG
The small town of Vang Vieng is located 150 km north of Vientiane. This is a place of a dreamlike landscape of bizarre limestone mountain peaks and scenic cliffs with the Nam Song River bisecting the town. At the base of the town’s limestone mountains are a network of caves we can visit and embark on a short boat ride on the Nam Song river for sunset.
Overnight in Vang Vieng 

Distance: 160 km / 3-4 hrs', 'ACTIVE', NOW());
INSERT INTO itineraries (id, tour_id, title, level, description, status, created_at)
VALUES (379, 16, 'Day 4: Depart From Vang Vieng — Cave', 'easy', 'Depart from Vang Vieng, following the road over the highlands and through the stunning countryside to Phonsavan. Enjoy scenic views along the way. 
Stop for lunch at Phou Khoun and enjoy a panorama view from Phou Khoun Observation Site. Continue to Phonsavanh with a stop in Muang Sui to visit Tham Pha Cave and Nong Tang Lake.
THAM PHA CAVE
These two limestone caves hid hundreds of small Buddha figures from the Haw invasion a few centuries ago. Dimly lit with the help of the rigged electrical lights (switched on by the locals for a small donation) making the passageways that link one cave to another accessible. The caves persist deep into the hillside and are pretty amazing.
NONG TANG LAKE
Nong Tang Lake is a large picturesque natural lake flanked by high limestone cliffs. 
PHONSAVANH
Phonsavanh is the capital city of Xieng Khuang Province, a well-known tourist destination for its famous Plain of Jars. By 1973, almost every town and village in Xieng Khuang had been bombed and destroyed as a result of what is now called “The Secret War” in Laos, a ten-year period during which the USA and its allies bombed the region without regard to borders in an attempt to stop movements on the Ho Chi Minh Trail. Approximately two tons of ordnance per inhabitant was dropped on the country, with much of this bombing occurring over Xieng Khuang. However, the area is still remarkably beautiful, with the mysterious ancient jars resting near the strange craters that scar the earth, memories from the dark days of a devastating war.
Overnight in Phonsavanh

Distance: 225 km / 6-7 hrs', 'ACTIVE', NOW());
INSERT INTO itineraries (id, tour_id, title, level, description, status, created_at)
VALUES (380, 16, 'Day 5: Start The Day By Visiting The Plain Of Jars — Temple', 'moderate', 'Start the day by visiting the Plain of Jars (Site I and Site II) is the largest ancient cultural site in Laos. 
PLAIN OF JARS SITE I
Plain of Jars Site I is one of the largest sites with over 300 jars. The site, also known as Site I, is located about 15 km. Southwest of Phonsavanh. The large area surrounded by a fence is adjacent to a Laos army military base. 
PLAIN OF JARS SITE II
Plain of Jars Site II or Hai Hin Phu Salato is located about 20 km. Southwest of Phonsavanh. The site contains 93 jars spread across two adjacent hills.
Continue to Muang Khoun the former royal capital of the Xieng Khuang Region to visit Wat Phia Wat, That Foun Stupa and That Chomphet Stupa.
WAT PHIA WAT
Admire this massive Buddha prominently sitting amid the bombed out remains of its 400-year-old temple. A short trail leads from the main road on the eastern edge to Wat Phia Wats distinguished and sizable sitting Buddha that surprisingly survived the bombing relatively intact. 
THAT FOUN STUPA

Built in 1576, around the same time as Vientiane’s That Luang Stupa, That Foun Stupa stands alone on a knoll withered only by time. Believers say That Foun Stupa covers Buddha’s ashes brought from India. A tunnel through the base presents visitors with a cool channel to examine the inner construction of precisely placed bricks.

THAT CHOMPHET STUPA
For more than 500 years, That Chomphet Stupa has overlooked Muang Khoun and the Nam Ngiap River Valley from its shrubby hilltop perch. Time has taken its aesthetic toll on the ancient monument, but it remains solid under a carpet of vegetation. A diamond once topped the sacred stupa, but is long gone, possibly pilfered by Haw invaders during an 1874 raid.
Overnight in Phonsavan', 'ACTIVE', NOW());
INSERT INTO itineraries (id, tour_id, title, level, description, status, created_at)
VALUES (381, 16, 'Day 6: Departing From Phonsavan — Exploration', 'easy', 'Departing from Phonsavan, take the road over the highlands through stunning countryside to Luang Prabang. Enjoy scenic views and visit one of the many Hmong villages in the region. The Hmong are an ethnic group from the mountainous regions of Laos. They are also one of the sub-groups of the Miao ethnicity in Southern China. Hmong groups began a gradual southward migration in the 18th century due to political unrest and a lack of arable land.
LUANG PRABANG
Luang Prabang, a UNESCO World Heritage site. This beautiful city was the royal capital and seat of government for the Kingdom of Laos until the revolution of 1975. The main part of the city consists of four main roads crisscrossing a peninsula between the Nam Khan and Mekong Rivers.
Overnight in Luang Prabang
Distance: 270 km / 8-9 hrs', 'ACTIVE', NOW());
INSERT INTO itineraries (id, tour_id, title, level, description, status, created_at)
VALUES (382, 16, 'Day 7: Explore The City By Tuk Tuk — Temple', 'easy', 'Explore the city by Tuk Tuk. The Tuk Tuk (a motorized-rickshaw) was brought to Southeast Asia in 1934 from Japan, and has since then become an icon of the region. The classic Tuk Tuk is a sheet-metal roof covering an open frame which rests on three wheels. They’re one of the most popular forms of transportation in Laos, Thailand and Cambodia, and this Southeast Asian emblem is the perfect vehicle for an open-air tour of Luang Prabang. 
Departing from the hotel at 08:30, get on the Tuk Tuk  to the open-air Morning Market in the old town. There are only a few large grocery stores here—instead, food is still produced by small farming families and villages and brought to Luang Prabang from the surrounding rural areas. Guide will explain the common vegetables and fruits that are in season and pick up some snacks for later.
A short walk from the market is Wat Mai Suwannaphumaham (“New Monastery ''''), the National Museum (Royal Palace) and Hor Phra Bang. After the museum, travel again by tuk tuk through more of the picturesque town to Wat Visounnalath. 
Another short tuk tuk ride along the Nam Khan River to Wat Xieng Thong. End the day’s tour on top of Mount Phousi. 
MORNING MARKET
This small market is the Laotian "supermarket" where they come to buy their fresh fruit, vegetables and meat, which are offered in showcases which are not always the way we used to see in most of our countries. Some products are coming from the jungle around, and will be for sure highly exotic for travelers from western countries.

WAT MAI SUWANNAPHUMAHAM
The impressive Wat Mai Suwannaphumaham is one of Luang Prabang’s largest and most richly decorated temples. Both its interior and exterior are extensively adorned with black and red lacquer decoration and gold leaf. The temple, also known as Wat Mai, meaning “new temple” was founded around 1780 by King Anurat of the Luang Prabang Kingdom. 

NATIONAL MUSEUM (ROYAL PALACE) AND HOR PHRA BANG
Set in a spacious, well-tended garden just off one of Lua', 'ACTIVE', NOW());
INSERT INTO itineraries (id, tour_id, title, level, description, status, created_at)
VALUES (383, 16, 'Day 8: After Breakfast — Waterfall', 'moderate', 'After breakfast, visit the local Phosy Market. Then travel by vehicle to the beautiful Kuang Si Waterfalls, stopping on the way to visit Hmong and Khamu villages. Hmong and Khamu villages have different structures and ways of life; here, we can learn about their traditions and the differences between Lao, Khamu and Hmong culture. 
PHOSY MARKET
Phosy Market is by far the biggest market in Luang Prabang. There are several hundred merchants of all kinds proposing a large variety of products.
 KUANG SI WATERFALL AND BEAR RESCUE CENTER
Kuang Si Waterfall is the biggest waterfall in the Luang Prabang area with three tiers leading to a 50-meter drop into spectacular azure pools before flowing downstream. The pools also make great swimming holes and are very popular with both tourists and locals. Visit the Bear Rescue Center in the Kuang Si Waterfall.
Overnight in Luang Prabang', 'ACTIVE', NOW());
INSERT INTO itineraries (id, tour_id, title, level, description, status, created_at)
VALUES (384, 16, 'Day 9: Travel By Boat To Tham Pak Ou Cave And Continue By Vehicle To Nong Khiaw — Cave', 'moderate', 'Travel by boat to Tham Pak Ou Cave and continue by vehicle to Nong Khiaw. Along the way, visit the village of Ban Nayang, which is famous for its traditional cotton weaving. After visiting Ban Nayang, continue to Nong Khiaw, located on the shores of the Nam Ou River.
THAM PAK OU CAVE
One of the most respected holy sites in Lao; Pak Ou Caves have a history dating back thousands of years. Packed with over 4,000 Buddha icons, the caves, a shrine to the river spirit and Lord Buddha, are set in a dramatic limestone cliff at the point where the Mekong joins the Nam Ou River. There are two caves to visit, the lower cave called Tham Ting and the upper cave Tham Theung, both boasting miniature Buddhist figures that are mostly made from wood. 
BAN NAYANG
Almost every household has its own weaving loom where families create beautiful scarves, tablecloths, and ornate wall hangings. The art of cotton weaving in Ban Nayang has been passed from generation to generation for almost 300 years. The local population at Ban Nayang belongs to the Tai Lue (Lü) ethnic group, which migrated to this area from the Yunnan Province during the 18th century. In Yunnan, the Tai Lue are officially part of the Dai ethnic group.
Overnight in Nong Khiaw

Distance: 130 km / 3-4 hrs', 'ACTIVE', NOW());
INSERT INTO itineraries (id, tour_id, title, level, description, status, created_at)
VALUES (385, 16, 'Day 10: Easy Trek — Cave', 'challenging', 'EASY TREK: 
Tham Pha Tok Cave hike (3 km), bike-tour or hike to a nearby cave, which was used as a shelter for up to 2000 people during the Indochina wars of the 1960-70; a historically interesting site well worth a visit. A short walk away from the cave, you can see and visit the former ‘people''s bank’, a deep cavernous complex, bombproof deep in the mountain. The very narrow spiral walkway down into the mountain leads you to different chambers and vaults of this unique place. (Not recommended for claustrophobic people!)
MEDIUM TREK:
Mountainview Trek, 3-4 hrs. steep trails
This is a short and steep trek to the top of the second highest point overlooking Nong Khiaw.  We’ll ascend about 400 m (1300 ft.) on a trail that’s 1.8 km long. The short and adventurous trail takes us into the jungle and ancient high altitude forests surrounding the town. On a clear day, you can see as far as 20 km to the northern mountains of Muang Ngoi area. Nong Khiaw is known for its beautiful mountainous jungle landscape. If you come with limited time and can walk steep up and down then that’s a great and short adventure to take home!
Total tour duration 4 hours; walking up 1.5 hours, snack at the top, then 1.5 hours down.
DIFFICULT TREK:
''Wow,wow,wow...'' is what the first travelers said after coming back from this simply amazing waterfall hike and river trip! (Note: difficult, slippery walking, no trails & railings.)
Starting the day with a peaceful boat ride on the Nam Ou River to explore a small Lao village along the river side before heading into the waterfalls. Learn about their way of life along this river! Walking through small streams and rice paddies you arrive at the bottom of the 100 waterfalls which have been first explored in October 2008! The next few hours you will see only water and jungle and hear the sound of clear waterfall cascades. The pools around you are very inviting for a refreshing splash. Your guide will lead you through the cascades and prepare a local style lu', 'ACTIVE', NOW());
INSERT INTO itineraries (id, tour_id, title, level, description, status, created_at)
VALUES (386, 16, 'Day 11: The Boat Ride From Nong Khiaw To Muang Khua Offers Several Highlights — Boat', 'moderate', 'The boat ride from Nong Khiaw to Muang Khua offers several highlights. The Nam Ou River is one of the most important rivers of Laos and offers some of the most stunning scenery. The river runs 448 km from Phongsaly in Northern Laos to Luang Prabang where it merges with the Mekong River. On board the traditional Lao Longtail Boat, the journey continues slowly upriver which allows you to take in the view and relax along the way. The boat will pass by many remote villages, rugged mountain terrain and impressive limestone cliffs. 
Stop at a few of the villages, most of which are only accessible by boat and offer a unique look into traditional daily village life along the river. For lunch, stop on a remote sandbank and can enjoy a fish BBQ, prepared by the boat crew and your guide. An excellent way to experience local life and food!
At the end of the journey, arrive at Muang Khua and transfer to a vehicle, then continue to Oudomxay, and check-in to your resort.
Overnight in Namkat Resort 
5-6 hrs. by boat / By vehicle distance: 130 km / 3 hrs', 'ACTIVE', NOW());
INSERT INTO itineraries (id, tour_id, title, level, description, status, created_at)
VALUES (387, 16, 'Day 12: Activities Of Choice — Exploration', 'moderate', 'Activities of choice ( not included)
https://www.namkatyorlapa.com/namkat/activities
Overnight in Namkat Resort', 'ACTIVE', NOW());
INSERT INTO itineraries (id, tour_id, title, level, description, status, created_at)
VALUES (388, 16, 'Day 13: Overland Transfer Via Oudomxay To Pakbeng — Exploration', 'moderate', 'Overland transfer via Oudomxay to Pakbeng, a small town located on the banks of the upper Mekong river. Several stops will be made to encounter the local rural life of Lao people and different ethnic tribes. Lunch at a local basic restaurant before arriving in Pakbeng town.
Overnight in Pakbeng 
Distance: 150 km / 3-4 hrs', 'ACTIVE', NOW());
INSERT INTO itineraries (id, tour_id, title, level, description, status, created_at)
VALUES (389, 16, 'Day 14: Private Charter Slow Boat — Boat', 'moderate', 'PRIVATE CHARTER SLOW BOAT (alternative by Mekong Cruise)
After breakfast, depart by slow boat from Pakbeng to Huay Xai. Visit local villages and enjoy the Mekong River view along the way. Local lunch is served on board. The boat arrives in Huay Xai before 17:00 hrs. 
Transfer to the Lao-Thai Friendship Bridge 4. Handover to the Thai guide and continue the journey in Thailand. 
Distance:  approx. 130 km / 7-8 hrs
— END OF SERVICES —', 'ACTIVE', NOW());

-- ===== LAOS - FROM NORTH TO SOUTH [CLASSIC TOUR (15)] =====
INSERT INTO destinations (id, country_id, name, status, created_at) VALUES (17, 1, 'LAOS - FROM NORTH TO SOUTH', 'ACTIVE', NOW()) ON DUPLICATE KEY UPDATE name=VALUES(name);
INSERT INTO tours (
    id, destination_id, sku, title, duration, price,
    summary, hightlight, included, not_included, status, created_at
) VALUES (
    17, 17, NULL, 'Laos - From North To South',
    '16 days', 2025,
    'Travel from the ancient royal seat of Laos, through today’s laid back riverside capital of Vientiane and on to the amazing 4000 islands and waterfalls of southern Laos. This is a diverse, fully loaded-16 day city, culture, and nature lover’s tour with biking, trekking, and kayaking options throughout to keep you active as you explore Laos history, nature, and Buddhist culture.', '• UNESCO World Heritage Sites
• Expert English-speaking guide
• Authentic cultural experiences
• Small group, private service
• All entrance fees included',
    '✓ Private air-conditioned transport
✓ English-speaking guide
✓ Accommodation (twin shared)
✓ Meals as per itinerary
✓ Entrance fees
✓ Luggage handling', '✗ International flights
✗ Visa fees ($30-40 USD/pax)
✗ Travel insurance
✗ Meals not mentioned
✗ Personal expenses & tips',
    'ACTIVE', NOW()
);
INSERT INTO itineraries (id, tour_id, title, level, description, status, created_at)
VALUES (401, 17, 'Day 1: Upon Arrival — Temple', 'easy', 'Upon arrival, transfer to the hotel. Luang Prabang is a very special city! It is enchanting with its magnificent location amidst mountain ranges and its historic temples, which gave the city the title of World Heritage Site by UNESCO. 
Overnight in Luang Prabang', 'ACTIVE', NOW());
INSERT INTO itineraries (id, tour_id, title, level, description, status, created_at)
VALUES (402, 17, 'Day 2: Explore The City By Tuk Tuk — Temple', 'easy', 'Explore the city by Tuk Tuk. The Tuk Tuk (a motorized-rickshaw) was brought to Southeast Asia in 1934 from Japan, and has since then become an icon of the region. The classic Tuk Tuk is a sheet-metal roof covering an open frame which rests on three wheels. They’re one of the most popular forms of transportation in Laos, Thailand and Cambodia, and this Southeast Asian emblem is the perfect vehicle for an open-air tour of Luang Prabang. 
Departing from the hotel at 08:30, get on the Tuk Tuk  to the open-air Morning Market in the old town. There are only a few large grocery stores here—instead, food is still produced by small farming families and villages and brought to Luang Prabang from the surrounding rural areas. Guide will explain the common vegetables and fruits that are in season and pick up some snacks for later.
A short walk from the market is Wat Mai Suwannaphumaham (“New Monastery ''''), the National Museum (Royal Palace) and Hor Phra Bang. After the museum, travel again by tuk tuk through more of the picturesque town to Wat Visounnalath. 
Another short tuk tuk ride along the Nam Khan River to Wat Xieng Thong. End the day’s tour on top of Mount Phousi. 
MORNING MARKET
This small market is the Laotian "supermarket" where they come to buy their fresh fruit, vegetables and meat, which are offered in showcases which are not always the way we used to see in most of our countries. Some products are coming from the jungle around, and will be for sure highly exotic for travelers from western countries.
WAT MAI SUWANNAPHUMAHAM
The impressive Wat Mai Suwannaphumaham is one of Luang Prabang’s largest and most richly decorated temples. Both its interior and exterior are extensively adorned with black and red lacquer decoration and gold leaf. The temple, also known as Wat Mai, meaning “new temple” , was founded around 1780 by King Anurat of the Luang Prabang Kingdom. 
NATIONAL MUSEUM (ROYAL PALACE) AND HOR PHRA BANG
Set in a spacious, well-tended garden just off one of Lua', 'ACTIVE', NOW());
INSERT INTO itineraries (id, tour_id, title, level, description, status, created_at)
VALUES (403, 17, 'Day 3: A Day To Follow The Footsteps Of The Local Rice Farmers — Waterfall', 'moderate', 'A day to follow the footsteps of the local rice farmers. Spend half a day in the rice field and forget that you are a tourist! On a traditional working organic farm you will be introduced to every step of the rice industry and will of course be involved in the selection of the seeds, the water buffalo plowing, the tedious planting etc. And of course there will be rice too to eat! Well-fortified with Asia''s staple food, in the afternoon it continues into the breathtaking nature to explore the Tad Kuang Si waterfalls. The short drive leads through rice fields, small villages and hilly landscape. A detour to a Hmong village will tell you something interesting about the centuries-old culture of these people. The Kuang Si waterfalls are an ideal place to relax and recharge your batteries. After all, today the Bear Rescue Center and some villages await you, where you can get to know traditional handicrafts. 
LIVING LAND FARM
Spend a morning at the Living Land Farm, experience how rice is grown on the farm and the life of a farmer and try your hand at some of the activities.
KUANG SI WATERFALL AND BEAR RESCUE CENTER
Kuang Si Waterfall is the biggest waterfall in the Luang Prabang area with three tiers leading to a 50-meter drop into spectacular azure pools before flowing downstream. The pools also make great swimming holes and are very popular with both tourists and locals. Visit the Bear Rescue Center in the Kuang Si Waterfall.
Overnight in Luang Prabang', 'ACTIVE', NOW());
INSERT INTO itineraries (id, tour_id, title, level, description, status, created_at)
VALUES (404, 17, 'Day 4: Aboard A Traditional — Cave', 'moderate', 'Aboard a traditional, slow boat, the Mekong goes upstream. The Mekong is the tenth longest river in the world and has a biodiversity in its basin that is only surpassed by the Amazon in the world. At the confluence of the Nam Ou and Mekong you will go ashore to explore the Pak Ou Caves, where centuries-old stupas, shrines and thousands of Buddha sculptures testify to the spiritual traditions of mankind. On the Mekong, it''s back to Luang Prabang. In Ban Xang Khong, watch how craftsmen from the bark of the mulberry tree conjure up special paper. 
 PAK OU CAVE
One of the most respected holy sites in Lao; Pak Ou Caves have a history dating back thousands of years. Packed with over 4,000 Buddha icons, the caves, a shrine to the river spirit and Lord Buddha, are set in a dramatic limestone cliff at the point where the Mekong joins the Nam Ou River. There are two caves to visit, the lower cave called Tham Ting and the upper cave Tham Theung, both boasting miniature Buddhist figures that are mostly made from wood.
Overnight in Luang Praban', 'ACTIVE', NOW());
INSERT INTO itineraries (id, tour_id, title, level, description, status, created_at)
VALUES (405, 17, 'Day 5: Alt — Cave', 'moderate', '(alt. by train / tba)
Say goodbye to Luang Prabang and head to the imposing mountainous region of Central Laos! Along the way, visit some Hmong villages. This interesting indigenous hill tribe migrated from southern China to Laos in the 18th century. The arrival in the small town of Vang Vieng, which is located between gigantic limestone cliffs in the magical valley of the Nam Song River.

VANG VIENG
The small town of Vang Vieng is located 150 km north of Vientiane. This is a place of a dreamlike landscape of bizarre limestone mountain peaks and scenic cliffs with the Nam Song River bisecting the town. At the base of the town’s limestone mountains are a network of caves  we can visit and embark on a short boat ride on the Nam Song river for sunset.
Overnight in Vang Vieng', 'ACTIVE', NOW());
INSERT INTO itineraries (id, tour_id, title, level, description, status, created_at)
VALUES (406, 17, 'Day 6: Today We Drive South Vientiane On The Banks Of The Mekong — Exploration', 'easy', 'Today we drive south Vientiane on the banks of the Mekong, which was already declared the capital of the Kingdom of Laos in 1563. 
Colonial administration was established here during the French colonial era, and thanks to the economic growth of recent years, the city has become the country''s most important economic center. 
BUDDHA PARK (aka Wat Xieng Khuan) is a famous sculpture park with more than 200 religious statues including a huge 40-meter high reclining Buddha image.
The best spot for photography here is on top of the giant pumpkin structure standing about three stories high. The entrance is crafted to look like a demon’s mouth (about three meters high) with a stone ladder inside leading to a bird''s eye view of the entire Xieng Khuan Park.
It was built in 1958 by Luang Pu Bunleua Sulilat, a monk who studied both Buddhism and Hinduism. This explains why his park is full not only of Buddha images but also of Hindu gods as well as demons and animals from both beliefs.
The most outstanding ones include Indra, the king of Hindu gods riding the three-headed elephant (aka Erawan and Airavata), a four-armed deity sitting on a horse and an artistic deity with 12 faces and many hands, each holding interesting objects. They are all equally impressive not only because of their enormous size but because they are full of interesting details and interesting motifs.
There is a local eatery and café offering food and drinks to tourists at one end of the park right next to the Mekong River that makes a great spot to chill after all the walking and climbing. Among the popular snacks are papaya salad, fried bananas and cold Lao beer. 
Overnight in Vientiane', 'ACTIVE', NOW());
INSERT INTO itineraries (id, tour_id, title, level, description, status, created_at)
VALUES (407, 17, 'Day 7: Discover The Charms Of Vientiane — Temple', 'easy', 'Discover the charms of Vientiane, a quiet but endearing capital city. Tour includes Wat Sisaket, Hor Phra Keo, That Luang Stupa and Patuxay Monument. Visit markets where you can find an abundance of locally made handicrafts.
WAT SISAKET
Wat Si Saket is an early 19th century Buddhist monastery in the center of Vientiane. It is the oldest temple of the town that is still in its original form. The temple was built in 1820 near the Royal Palace in the center of town by King Anouvong, the last King of Vientiane. It is one of the very few temples that survived the destruction that came with the Siamese armies that looted and burnt the city in 1827. The temple was restored in the 1930’s. Next to the cloister is the more recent, active part of the temple with resident monks. Right across the street is another one of Vientiane’s most important temples, the Hor Phra Keo.

HOR PHRA KEO
Hor Phra Keo is one of Laos’ most highly venerated temples, now turned into a museum. The temple derives its name from the Emerald Buddha, Thailand’s most highly revered Buddha image which was enshrined in the temple for over 200 years

THAT LUANG STUPA
That Luang Stupa or “Great Stupa” is the most important Buddhist monument in Laos. The large golden stupa in Vientiane is believed to enshrine a breast bone of the Buddha. The pagoda also known as That Luang is officially named Pha Chedi Lokajulamani, which translates to “World Precious Sacred Stupa”.
PATUXAY MONUMENT
Vientiane'' s Arc de Triomphe replica is a monumental sight. Officially called ''Victory Gate'' and commemorating the Lao who died in pre-revolutionary wars, it was built in the 1960s with cement donated by the USA intended for the construction of a new airport. Climb to the top for panoramic views over Vientiane.

COPE VISITOR CENTER
https://copelaos.org/
Overnight in Vientiane', 'ACTIVE', NOW());
INSERT INTO itineraries (id, tour_id, title, level, description, status, created_at)
VALUES (408, 17, 'Day 8: Start Early And Your Guide Will Pick You Up Around — Temple', 'moderate', 'Start early and your guide will pick you up around 08:00. Overland journey brings us further East to Paksan and onwards to Bolikhamxay Province to Khoun Kham, the starting point for tours to Tham Kong Lor Cave. Stop at Wat Phra Baht and Wat Phonsan.

WAT PHRA BAHT
70 km east of Vientiane and is best known for its large Phabaht (Buddha footprint) shrine and monastery. It is an important pilgrimage place for lowland Lao from Bolikhamxay and Vientiane.
WAT PHONSAN
Located on the Mekong Riverside and 2 km away from Wat Phra Baht. Both temples are not located in the same area, but only had a link from their legend. This is the reason why people called these 2 temples in one name as Wat Phabatphonsan.
Overnight in Kong Lor
Distance: 320 km / 6 hrs', 'ACTIVE', NOW());
INSERT INTO itineraries (id, tour_id, title, level, description, status, created_at)
VALUES (409, 17, 'Day 9: Visit Tham Kong Lor Cave — Cave', 'easy', 'Visit Tham Kong Lor Cave, explore the karst limestone caves while drifting along a winding, underground river surrounded by spectacular rock formations. Then we continue to Thakhek, a small, clear city on the Mekong.Unterwegs We stop at the ''Great Wall'' (Kamphaeng Yak) about their edification is very little known; and at the well-known and revered Sikhottabong Stupa, located on the Mekong. 
KONG LOR CAVE
This amazing 7.5 kilometers-long limestone cave was formed by the Hinboun River which still flows through the cave year-round. A boat ride right through the main cave, which is up to 90 meters wide and 100 meters high.
THAT SIKHOTTABONG STUPA
On the east bank of the Mekong south of Thakhek, is the most important cultural and religious site in South Central Laos. The history of the 16th century / 500 year old stupa is linked across the Mekong River with cultural sites in Thailand. The region’s main event is the Sikhottabong festival in February, when crowds make a pilgrimage to the Stupa from all over Laos.
Overnight in Thakhek 

Distance: 190 km / 3.5 hrs', 'ACTIVE', NOW());
INSERT INTO itineraries (id, tour_id, title, level, description, status, created_at)
VALUES (410, 17, 'Day 10: Overland Southwards To Seno And Savannakhet — Temple', 'easy', 'Overland southwards to Seno and Savannakhet, the capital city of Khammouane Province. Visit That Ing Stupa and Dinosaur Museum.
The old French Quarter of Savannakhet downtown invites you for an evening stroll, and you can sit along the Mekong River Bank for a sunset drink & snack.
THAT ING HANG STUPA
Is about nine meters high with beautiful carving and decoration. It’s reported to house a relic of Buddha’s spine. The 16th century stupa is located in Savannakhet, Central Laos. The sacred stupa is an important place of worship not only for Laotian Buddhists but also Thai Buddhists who live in northern Thailand. ‘Dress with respect’ is a must for all visitors. Women may be required to wear traditional phasin (Lao-style sarong) before entering the temple grounds. There are plenty of them available at the nearby stands and stores.
DINOSAUR MUSEUM
A museum where one can discover more about the Savannakhet prehistoric period. It is the latest addition to tourist sites here and is situated south of the stadium on Khantabouli Road. The hall displays a massive collection of fossils excavated from 1930 to the present. Four different dinosaurs and early mammalian remains from 200 million years ago are on display; even some fragments of a meteorite that fell to earth over 100 million years ago are kept here. 
Overnight in Savannakhet

Distance: 170 km / 3 hrs', 'ACTIVE', NOW());
INSERT INTO itineraries (id, tour_id, title, level, description, status, created_at)
VALUES (411, 17, 'Day 11: Drive To Tad Lo And On The Way — Waterfall', 'moderate', 'Drive to Tad Lo and on the way, visit the Hor Tay Phidok Library, located South of Savannakhet. Arrive late afternoon and check-in to the Lodge near the Tad Lo Waterfall.
HOR TAY PHIDOK LIBRARY
This is an impressive old structure originally built in the 17th century. It is the most important repository of palm leaf books written in Burmese Pali, Khmer and ancient Lao alphabets in Laos. There are currently 4,000 books containing 361 different stories. The books are maintained in good condition by monks and novices, as well as the local people.
Overnight in Tad Lo

Distance: 260 km / 5-6 hrs', 'ACTIVE', NOW());
INSERT INTO itineraries (id, tour_id, title, level, description, status, created_at)
VALUES (412, 17, 'Day 12: The Renowned Coffee Of Laos Is Produced In This Region — Waterfall', 'moderate', 'The renowned coffee of Laos is produced in this region. During colonization, the French promoted the production of high quality Arabica and Robusta strains. Production declined during the war years, but is now experiencing a renaissance. The climate of the plateau with its cooler temperatures and abundant rainfall makes it the perfect place for coffee production. 

A chance to visit some coffee and tea plantations and taste the unique flavor of Lao coffee. 
This area is rich in ethnic groups, predominantly Laven. Enroute the road between Pakse and Paksong on the western edge of the plateau, visit Tad E-Tu Waterfall. Continue to Tad Fane Waterfall, the highest in Champasak Province, and the nearby Tad Yuang Waterfall.

Overnight in Paksong', 'ACTIVE', NOW());
INSERT INTO itineraries (id, tour_id, title, level, description, status, created_at)
VALUES (413, 17, 'Day 13: After Breakfast — Temple', 'easy', 'After breakfast, drive from Paksong down into the Mekong plain and visit the town of Champasak, where we’ll explore the French colonial architecture dotting the town. Further South, we reach the ruined Khmer temple complex of Vat Phou. Our next stop is the city of Champasak with its French colonial architecture. Continue to the largest islands in the 4000 islands region, Don Khong
VAT PHOU
Vat Phu is considered one of the oldest archaeological sites in Laos. One temple on the site was constructed around the 5th century but most buildings found in the complex are from the 11th to 13th centuries. Like other notable Khmer architecture in Southeast Asia, it was constructed using sandstone, laterite and bricks. Among many of the outstanding carvings there are Indra, the Hindu god of war, storms, and rainfall, riding a three-headed elephant and Vishnu riding on a garuda, an eagle. 
Overnight on Don Khong  

Distance: 220 km / 5 hrs', 'ACTIVE', NOW());
INSERT INTO itineraries (id, tour_id, title, level, description, status, created_at)
VALUES (414, 17, 'Day 14: By Boat To Explore The Area Of — Waterfall', 'moderate', 'By boat to explore the area of ​​4000 Islands (Si Pan Don). SI PHAN DON
Meaning “Four Thousand Islands”, Si Phan Don is a group of islands in the Mekong river in the South of Laos. The area’s main attractions are its rural character, tranquility, the opportunity to watch the rare Irrawaddy dolphin and the Khone Phapheng Waterfall.

The pace of life is slow in the rural area where local people live in small wooden houses on stilts and where cows, goats, pigs and other animals roam around freely. 

The most visited islands are Don Khone, Don Det and Don Khong, which is the largest island. Don Det is a small island that offers the most choice of accommodation. The island attracts a large number of backpackers. The larger Don Khone Island, which is just one kilometer from the Cambodian border, is less developed than Don Det. The island is connected with Don Det with a bridge built by the French during the colonial era. During the rainy season it is up to 12 km wide. When the water goes back, there are many small islands. It is this phenomenon that gave the region its name. 
LI PHI WATERFALL
Is another amazing natural site to visit. Relax, enjoy the scenery, watch people fishing, and enjoy a dish of freshly caught Mekong fish. This waterfall is named after a sacred Buddha image (Pha), which was dropped in the water-never to be found again by the first King of Laos, Chao Fa Ngum, who was traveling the region by boat. The name Li Phi was given to the area because it acts like a giant fish trap (Li) and will kill any of those who dare to navigate it (Phi means ghost or dead person). 
Overnight on Don Khone', 'ACTIVE', NOW());
INSERT INTO itineraries (id, tour_id, title, level, description, status, created_at)
VALUES (415, 17, 'Day 15: Return To Pakse With A Stop At The Legendary Khone Phapheng Cascade Falls — Waterfall', 'moderate', 'Return to Pakse with a stop at the legendary Khone Phapheng Cascade Falls. 
 KHONE PHAPHENG WATERFALL
13 km from the Cambodian border and east of Don Khone on the Mekong River is the pearl of the Mekong, Khone Phapheng Waterfall. Here the Mekong Cascades across a wide fault line, which slopes in curvilinear pattern and causes the river to pass through with awesome power. Khone Phapheng is the largest waterfall by water volume in due to its great power and steep descent, the waterfall renders this area of the Mekong unnavigable, before flowing peacefully South into Cambodia and Vietnam.
Overnight in Pakse 
Distance: 190 km / 4.5 hrs', 'ACTIVE', NOW());
INSERT INTO itineraries (id, tour_id, title, level, description, status, created_at)
VALUES (416, 17, 'Day 16: Transfer From Hotel To Airport For Departure Flight — Exploration', 'moderate', 'Transfer from hotel to airport for departure flight. 

— END OF SERVICES ---', 'ACTIVE', NOW());

-- ===== LUANG PRABANG LUXURY [LUXURY (7)] =====
INSERT INTO destinations (id, country_id, name, status, created_at) VALUES (18, 1, 'LUANG PRABANG LUXURY', 'ACTIVE', NOW()) ON DUPLICATE KEY UPDATE name=VALUES(name);
INSERT INTO tours (
    id, destination_id, sku, title, duration, price,
    summary, hightlight, included, not_included, status, created_at
) VALUES (
    18, 18, NULL, '✦ Luang Prabang Luxury',
    '4 DAYS', 841,
    'Embark on an unforgettable journey through LUANG PRABANG LUXURY. Experience the authentic culture, stunning landscapes, and warm hospitality of Laos. Your expert guide will take you off the beaten path for a truly immersive adventure.', '• UNESCO World Heritage Sites
• Expert English-speaking guide
• Authentic cultural experiences
• Small group, private service
• All entrance fees included',
    '- All sightseeing as described in program above
- Transportation in private a /c vehicles
- Accommodation in hotels (twin shared)
- English speaking guide 
- Admission fees to sights described above
- Meals: B= breakfast, L= lunch, D= dinner
- Lao PDR governmental tax and service charge
- Luggage handling', '- All sightseeing as described in program above
- Transportation in private a /c vehicles
- Accommodation in hotels (twin shared)
- English speaking guide 
- Admission fees to sights described above
- Meals: B= breakfast, L= lunch, D= dinner
- Lao PDR governmental tax and service charge
- Luggage handling',
    'ACTIVE', NOW()
);
INSERT INTO itineraries (id, tour_id, title, level, description, status, created_at)
VALUES (426, 18, 'Day 1: Arrive In Luang Prabang — Temple', 'moderate', 'ARRIVE IN LUANG PRABANG - SIGHTSEEING (-)
Meet your guide and drive to your hotel, after checking in our visit will start with the Wat Visoun, this temple was constructed during the reign of King Visounarat around 1520. In 1942, it was turned into a Museum of Religious Arts, and houses collections of Buddha images and religious artifacts from the fourteenth century. A short drive along the Nam Khan river brings us to Wat Xieng Thong.  This is one of the most important temples in the entire country of Laos and the most important one in Luang Prabang. Until 1975, when the Communist Party gained control over Laos, Wat Xieng Thong was a royal temple, supported by the royal family. During the 1960s Wat Xieng Thong was completely remodeled and redecorated, becoming the splendid temple we see today.
After a short walk along the streets you will arrive at Wat Mai (“New Monastery” built in 1796).  It was given its present name following the restoration undertaken in 1821 by King Manthathourat. The most striking feature of the temple is the gilded relief panels covering the front facade. The panels tell the story of the highest incarnation of the Buddha -- Vessentara. The gilded door frames merge into the relief panel, forming what looks like a monolithic wall of gold. Next to Wat Mai temple is the National Museum which used to be the Royal Palace (Haw Kham).  Your guide will help explain some information as you tour the museum. It houses the Royal throne of the Lane Xang kingdom in its original splendor, and many other religious treasures.
To finish our trip we will climb the steps of Phou Si hill, to the top, which is studded with many small temples and shrines. The gilded stupa at the top of the hill is built on a large rock outcropping. An old opening in the base of the rock was sealed up to prevent vandalism. Next to the stupa is a small wiharn (chapel) for prayers. Further down the side of the hill is part of Wat Phra Buddabhat (The Buddha''s Footprint Temple). From here', 'ACTIVE', NOW());
INSERT INTO itineraries (id, tour_id, title, level, description, status, created_at)
VALUES (427, 18, 'Day 2: Private Breakfast At Kuang Si Waterfall — Cave', 'moderate', 'Private Breakfast at Kuang Si Waterfall - Pak Ou Caves 
Morning Activity: Kuang Si waterfalls is the most visited tourist attraction in Laos, and this morning you will have a private breakfast set up by one of the top restaurants in Luang Prabang, L'' Elephant. This way you can see the beauty of the falls without the tourists, the ideal way to experience this site. Relax and hang out at the waterfall. 
After the waterfall we will drive back to the town, visit Ban Xang Khong, where Lao craftspeople make saa paper from the bark of mulberry trees. Ban Xang Hai where you can see rice whisky (Lou Lao) being distilled and taste the local product.
Continue the drive to Ban Pak ou Village. Visit  Holly Tam Ting Caves (also called the Pak Ou caves), where the Nam Ou river meets the Mekong, . This is a site of ancient spiritual significance. It was here, during the 15th century, that the animistic religions were peacefully united with Buddhism. Within the two caves of Tam Ting are stupas, shrines, and carvings of Buddha. Over 4,000 wooden figures of Buddha, many highly ornate, stand within the natural limestone caves, testament to the skill of Lao craftsmen centuries ago.
Take a nice local boat on Mekong back to Luang Prabang, enjoy the drinks and snacks during the cruise. 
Evening Option: Join a traditional Baci ceremony at Ock Pop Tok where you will be blessed. The ceremony is to summon back all 32 of your souls. 

TAD KUANG SI WATERFALL AND BEAR RESCUE CENTER
Tad Kuang Si Waterfall is the biggest waterfall in the Luang Prabang area with three tiers leading to a 50-meter drop into spectacular azure pools before flowing downstream. The pools also make great swimming holes and are very popular with both tourists and locals. Visit the Bear Rescue Center within the Kuang Si Waterfall Park (No extra entrance ticket).
Many of the bears at the Tat Kuang Si Bear Rescue Centre were destined for bile farms or kept illegally as ''pets''. Since 2003, we''ve been working with the Luang Prab', 'ACTIVE', NOW());
INSERT INTO itineraries (id, tour_id, title, level, description, status, created_at)
VALUES (428, 18, 'Day 3: View The Preparation Of A Lao Meal With A Member Of The Former Royal Court — Temple', 'moderate', 'View the Preparation of a Lao Meal With a Member of the Former Royal Court & Offer It To The Monks.
During this two-hour experience, the member of the royal court will skillfully show you how several Lao dishes are made and he will also show how to make ornamental dishes and decorations out of banana leaves and other natural products. You then walk the food over to the local temple and offer it to the monks. After you receive their blessing you return to his house and sample these dishes.', 'ACTIVE', NOW());
INSERT INTO itineraries (id, tour_id, title, level, description, status, created_at)
VALUES (429, 18, 'Day 4: Departure — Exploration', 'moderate', 'Departure (-)
After breakfast, we drive to the airport for your onward flight. 
End of service.', 'ACTIVE', NOW());

-- ===== SOUTHERN LAOS [LUXURY (7)] =====
INSERT INTO destinations (id, country_id, name, status, created_at) VALUES (19, 1, 'PAKSE - BOLAVEN PLATEAU - 4000 ISLANDS - CHAMPASAK', 'ACTIVE', NOW()) ON DUPLICATE KEY UPDATE name=VALUES(name);
INSERT INTO tours (
    id, destination_id, sku, title, duration, price,
    summary, hightlight, included, not_included, status, created_at
) VALUES (
    19, 19, NULL, '✦ Southern Laos',
    '5 DAYS', 2024,
    'Embark on an unforgettable journey through SOUTHERN LAOS. Experience the authentic culture, stunning landscapes, and warm hospitality of Laos. Your expert guide will take you off the beaten path for a truly immersive adventure.', '• UNESCO World Heritage Sites
• Expert English-speaking guide
• Authentic cultural experiences
• Small group, private service
• All entrance fees included',
    '- All sightseeing as described in program above
- Transportation in private a /c vehicles
- English speaking guide 
- Admission fees to sights described above
- Meals: B = breakfast, L = lunch, D = dinner
- Lao PDR governmental tax and service charge', '- All sightseeing as described in program above
- Transportation in private a /c vehicles
- English speaking guide 
- Admission fees to sights described above
- Meals: B = breakfast, L = lunch, D = dinner
- Lao PDR governmental tax and service charge',
    'ACTIVE', NOW()
);
INSERT INTO itineraries (id, tour_id, title, level, description, status, created_at)
VALUES (451, 19, 'Day 1: Pakse — Waterfall', 'moderate', 'PAKSE - BOLAVEN PLATEAU - CHAMPASAK (L)
Upon arrival, driving to the Bolaven Plateau, the renowned coffee of Laos is produced in this region. During colonization, the French promoted the production of high quality Arabica and Robusta strains. Production declined during the war years, but is now experiencing a renaissance. The climate of the plateau with its cooler temperatures and abundant rainfall makes it the perfect place for coffee production. 
A chance to visit some coffee and tea plantations and taste the unique flavor of Lao coffee. 

This area is rich in ethnic groups, predominantly Laven. Enroute the road between Pakse and Paksong on the western edge of the plateau, visit Tad E-Tu Waterfall. Continue to Tad Fane Waterfall, the highest in Champasak Province, and the nearby Tad Yuang Waterfall.
Return to Pakse and onwards to Champasak for overnight.
Overnight in Champasak', 'ACTIVE', NOW());
INSERT INTO itineraries (id, tour_id, title, level, description, status, created_at)
VALUES (452, 19, 'Day 2: Champasak — Temple', 'moderate', 'CHAMPASAK - VAT PHOU - DONE KHONG (B/L)
After breakfast we’ll explore the French colonial architecture dotting the town.
Further South, we reach the ruined Khmer temple complex of Vat Phou and continue to Done Khong.
VAT PHOU
Vat Phou is considered one of the oldest archaeological sites in Laos. One temple on the site was constructed around the 5th century but most buildings found in the complex are from the 11th to 13th centuries. Like other notable Khmer architecture in Southeast Asia, it was constructed using sandstone, laterite and bricks. Among many of the outstanding carvings there are Indra, the Hindu god of war, storms, and rainfall, riding a three-headed elephant and Vishnu riding on a garuda, an eagle
Overnight on Done Khong', 'ACTIVE', NOW());
INSERT INTO itineraries (id, tour_id, title, level, description, status, created_at)
VALUES (453, 19, 'Day 3: Islands — Waterfall', 'moderate', '4000 ISLANDS - DONE KHONE (B/L)
Explore the area of ‘​​Si Pan Don’ (4000 Islands) by boat. The pace of life is slow in the rural area where local people live in small wooden houses on stilts and where cows, goats, pigs and other animals roam around freely. 
SI PHAN DONE
Meaning ‘Four Thousand Islands'' , Si Phan Don is a group of islands in the Mekong river in the South of Laos. The area’s main attractions are its rural character, tranquility and the Khone Phapheng Waterfall.
DONE KHONE, DONE DET & DONE KHONG
The most visited islands are Don Khone, Don Det and Don Khong, which is the largest island. Don Det is a small island that offers the most choice of accommodation. The island attracts a large number of backpackers. The larger Don Khone Island, which is just one kilometer from the Cambodian border, is less developed than Don Det. The island is connected with Don Det with a bridge built by the French during the colonial era. During the rainy season it is up to 12 km wide. When the water goes back, there are many small islands. It is this phenomenon that gave the region its name.
Overnight on Done Khone', 'ACTIVE', NOW());
INSERT INTO itineraries (id, tour_id, title, level, description, status, created_at)
VALUES (454, 19, 'Day 4: Don Khone — Waterfall', 'moderate', 'DON KHONE - KHON PHAPHENG FALLS - DON DAENG (B/L)
Return to the mainland and visit the legendary Khone Phapheng Cascade Falls. 
KHONE PHAPHENG WATERFALL
A series of cascading waterfalls in the Mekong river is one of Laos’ most beautiful natural attractions. The impressive falls in Champasak province near the Cambodian border are the largest in volume in Southeast Asia.
The falls, also known as Khone Phapheng, are located in the 4000 Islands. At this point the Mekong river broadens out; during the rainy season the river and series of cascades is kilometers wide and extend over a length of almost 10 km downstream.
Continue to the north again to Ban Muang  where you stay for your last night in southern Laos on Don Daeng island.
Overnight on Don Daeng', 'ACTIVE', NOW());
INSERT INTO itineraries (id, tour_id, title, level, description, status, created_at)
VALUES (455, 19, 'Day 5: Don Daeng — Exploration', 'moderate', 'DON DAENG  - PAKSE (B)
Free time in the morning; then transfer to Pakse. 
Transfer to the airport for departure flight. 

— END OF SERVICES —', 'ACTIVE', NOW());

-- ===== LUANG PRABANG LUXURY [LUXURY (7)] =====
INSERT INTO destinations (id, country_id, name, status, created_at) VALUES (20, 1, 'LUANG PRABANG LUXURY', 'ACTIVE', NOW()) ON DUPLICATE KEY UPDATE name=VALUES(name);
INSERT INTO tours (
    id, destination_id, sku, title, duration, price,
    summary, hightlight, included, not_included, status, created_at
) VALUES (
    20, 20, NULL, '✦ Luang Prabang Luxury',
    '5 DAYS', 1436,
    'Embark on an unforgettable journey through LUANG PRABANG LUXURY. Experience the authentic culture, stunning landscapes, and warm hospitality of Laos. Your expert guide will take you off the beaten path for a truly immersive adventure.', '• UNESCO World Heritage Sites
• Expert English-speaking guide
• Authentic cultural experiences
• Small group, private service
• All entrance fees included',
    '- All sightseeing as described in program above
- Transportation in private a /c vehicles
- Accommodation in hotels (twin shared)
- English speaking guide 
- Admission fees to sights described above
- Meals: B= breakfast, L= lunch, D= dinner
- Lao PDR governmental tax and service charge
- Luggage handling', '- All sightseeing as described in program above
- Transportation in private a /c vehicles
- Accommodation in hotels (twin shared)
- English speaking guide 
- Admission fees to sights described above
- Meals: B= breakfast, L= lunch, D= dinner
- Lao PDR governmental tax and service charge
- Luggage handling',
    'ACTIVE', NOW()
);
INSERT INTO itineraries (id, tour_id, title, level, description, status, created_at)
VALUES (476, 20, 'Day 1: Arrive In  Luang Prabang — Exploration', 'moderate', 'Arrive in  Luang Prabang 
Meet your guide and drive to your hotel, Free and relax.', 'ACTIVE', NOW());
INSERT INTO itineraries (id, tour_id, title, level, description, status, created_at)
VALUES (477, 20, 'Day 2: Private Breakfast At Kuang Si Waterfall Pak Ou Caves Morning Activity — Cave', 'moderate', 'Private Breakfast at Kuang Si Waterfall Pak Ou Caves Morning Activity: Kuang Si waterfalls is the most visited tourist attraction in Laos, and this morning you will have a private breakfast set up by one of the top restaurants in Luang Prabang, L'' Elephant. This way you can see the beauty of the falls without the tourists, the ideal way to experience this site.
Continue the drive to Ban Pak ou Village. Visit  Holly Tam Ting Caves (also called the Pak Ou caves), where the Nam Ou river meets the Mekong, . This is a site of ancient spiritual significance. It was here, during the 15th century, that the animistic religions were peacefully united with Buddhism. Within the two caves of Tam Ting are stupas, shrines, and carvings of Buddha. Over 4,000 wooden figures of Buddha, many highly ornate, stand within the natural limestone caves, testament to the skill of Lao craftsmen centuries ago.
Take a nice local boat on Mekong back to Luang Prabang, enjoy the drinks and snacks during the cruise. 
Evening Option: Join a traditional Baci ceremony at Ock Pop Tok where you will be blessed. The ceremony is to summon back all 32 of your souls. 

TAD KUANG SI WATERFALL AND BEAR RESCUE CENTER
Tad Kuang Si Waterfall is the biggest waterfall in the Luang Prabang area with three tiers leading to a 50-meter drop into spectacular azure pools before flowing downstream. The pools also make great swimming holes and are very popular with both tourists and locals. Visit the Bear Rescue Center within the Kuang Si Waterfall Park (No extra entrance ticket).
Many of the bears at the Tat Kuang Si Bear Rescue Centre were destined for bile farms or kept illegally as ''pets''. Since 2003, we''ve been working with the Luang Prabang Provincial Agriculture and Forestry Office to create a safe haven for these victims of the illegal wildlife trade. The bears can now relax in hammocks, play with new friends and live a safe, healthy life.


THAM PAK OU CAVES
One of the most respected holy sites in Lao; Pak Ou Cav', 'ACTIVE', NOW());
INSERT INTO itineraries (id, tour_id, title, level, description, status, created_at)
VALUES (478, 20, 'Day 3: View The Preparation Of A Lao Meal With A Member Of The Former Royal Court — Temple', 'moderate', 'View the Preparation of a Lao Meal With a Member of the Former Royal Court & Offer It To The Monks.
During this two hour experience the member of the royal court will skillfully show you how several Lao dishes are made and he will also show how to make ornamental dishes and decoration out of banana leaves and other natural products. You then walk the food over to the local temple and offer it to the monks. After you receive their blessing you return to his house and sample these dishes.', 'ACTIVE', NOW());
INSERT INTO itineraries (id, tour_id, title, level, description, status, created_at)
VALUES (479, 20, 'Day 4: Luang Prabang Sightseeing — Temple', 'easy', 'LUANG PRABANG SIGHTSEEING  
Starting from your hotel at 8:30, we’ll drive to the Morning Market.  Unlike the large grocery stores you might be familiar with back home; the food here is still produced by small farming families and villages and brought to Luang Prabang from the surrounding Northern provinces.  Your guide will explain the common vegetables and fruits that are in season and pick up some snacks for later. After a short walk along the streets you will arrive at Wat Mai (“New Monastery'''' built in 1796).  It was given its present name following the restoration undertaken in 1821 by King Manthathourat. The most striking feature of the temple is the gilded relief panels covering the front facade. The panels tell the story of the highest incarnation of the Buddha -- Vessentara. The gilded door frames merge into the relief panel, forming what looks like a monolithic wall of gold. Next to Wat Mai temple is the National Museum which used to be the Royal Palace (Haw Kham).  Your guide will help explain some information as you tour the museum. It houses the Royal throne of the Lane Xang kingdom in its original splendor, and many other religious treasures. After the museum you will take another ride to visit Wat Visoun.  This temple was constructed during the reign of King Visounarat around 1520. In 1942, it was turned into a Museum of Religious Arts, and houses collections of Buddha images and religious artifacts from the fourteenth century.
After a ride along the Nam Khan river to Wat Xieng Thong.  This is one of the most important temples in the entire country of Laos and the most important one in Luang Prabang. Until 1975, when the Communist Party gained control over Laos, Wat Xieng Thong was a royal temple, supported by the royal family. During the 1960s Wat Xieng Thong was completely remodeled and redecorated, becoming the splendid temple we see today. To finish our trip we will climb the steps of Phou Si hill, to the top, which is studded with many small temp', 'ACTIVE', NOW());
INSERT INTO itineraries (id, tour_id, title, level, description, status, created_at)
VALUES (480, 20, 'Day 5: Luang Prabang Departure — Exploration', 'moderate', 'LUANG PRABANG DEPARTURE 
After breakfast we drive to the airport for your onward flight. End of service.', 'ACTIVE', NOW());

-- ===== CLASSIC LAOS [LUXURY (7)] =====
INSERT INTO destinations (id, country_id, name, status, created_at) VALUES (21, 1, 'Vang Vieng', 'ACTIVE', NOW()) ON DUPLICATE KEY UPDATE name=VALUES(name);
INSERT INTO tours (
    id, destination_id, sku, title, duration, price,
    summary, hightlight, included, not_included, status, created_at
) VALUES (
    21, 21, NULL, '✦ Classic Laos',
    '6 days', 2024,
    'Embark on an unforgettable journey through CLASSIC LAOS. Experience the authentic culture, stunning landscapes, and warm hospitality of Laos. Your expert guide will take you off the beaten path for a truly immersive adventure.', '• UNESCO World Heritage Sites
• Expert English-speaking guide
• Authentic cultural experiences
• Small group, private service
• All entrance fees included',
    '- All sightseeing as described in program above
- Transportation in private a /c vehicles
- Accommodation in hotels (twin shared)
- English speaking guide 
- Admission fees to sights described above
- Meals: B= breakfast, L= lunch, D= dinner
- Lao PDR governmental tax and service charge
- Luggage handling', '- All sightseeing as described in program above
- Transportation in private a /c vehicles
- Accommodation in hotels (twin shared)
- English speaking guide 
- Admission fees to sights described above
- Meals: B= breakfast, L= lunch, D= dinner
- Lao PDR governmental tax and service charge
- Luggage handling',
    'ACTIVE', NOW()
);
INSERT INTO itineraries (id, tour_id, title, level, description, status, created_at)
VALUES (501, 21, 'Day 1: Vientiane — Market', 'easy', 'VIENTIANE - ARRIVAL (-)
Upon arrival in Vientiane, transfer from Wattay International Airport to the hotel. The rest of the day will be left free to relax after your flights. Depending on your arrival time, there is still a chance to explore the city and walk along the Mekong River and visit the Night Market.
Overnight in Vientiane', 'ACTIVE', NOW());
INSERT INTO itineraries (id, tour_id, title, level, description, status, created_at)
VALUES (502, 21, 'Day 2: Vientiane — Temple', 'easy', 'VIENTIANE - CITY TOUR (B/L)
Discover the charms of Vientiane, a quiet but endearing capital city. Tour includes Wat Sisaket, Hor Phra Keo, That Luang Stupa and Patuxay Monument. Visit to markets, where you can find an abundance of locally made handicrafts.

WAT SISAKET
Wat Si Saket is an early 19th century Buddhist monastery in the center of Vientiane. It is the oldest temple of the town that is still in its original form. The temple was built in 1820 near the Royal Palace in the center of town by King Anouvong, the last King of Vientiane. It is one of the very few temples that survived the destruction that came with the Siamese armies that looted and burnt the city in 1827. The temple was restored in the 1930’s. Next to the cloister is the more recent, active part of the temple with resident monks. Right across the street is another one of Vientiane’s most important temples, the Hor Phra Keo.

HOR PHRA KEO
Hor Phra Keo is one of Laos’ most highly venerated temples, now turned into a museum. The temple derives its name from the Emerald Buddha, Thailand’s most highly revered Buddha image which was enshrined in the temple for over 200 years

THAT LUANG STUPA
That Luang Stupa or “Great Stupa” is the most important Buddhist monument in Laos. The large golden stupa in Vientiane is believed to enshrine a breast bone of the Buddha. The pagoda also known as That Luang is officially named Pha Chedi Lokajulamani, which translates to “World Precious Sacred Stupa”.
PATUXAY MONUMENT
Vientiane'' s Arc de Triomphe replica is a monumental sight. Officially called ''Victory Gate'' and commemorating the Lao who died in pre-revolutionary wars, it was built in the 1960s with cement donated by the USA intended for the construction of a new airport. Climb to the top for panoramic views over Vientiane.

COPE Visitor Center
https://copelaos.org/

Overnight in Vientiane', 'ACTIVE', NOW());
INSERT INTO itineraries (id, tour_id, title, level, description, status, created_at)
VALUES (503, 21, 'Day 3: Vientiane — Cave', 'moderate', 'VIENTIANE - BUDDHA PARK - VANG VIENG (B/L)

Buddha Park (aka Wat Xieng Khuan) is a famous sculpture park with more than 200 religious statues including a huge 40-meter high reclining Buddha image.
The best spot for photography here is on top of the giant pumpkin structure standing about three stories high. The entrance is crafted to look like a demon’s mouth (about three meters high) with a stone ladder inside leading to a bird''s eye view of the entire Xieng Khuan Park.
It was built in 1958 by Luang Pu Bunleua Sulilat, a monk who studied both Buddhism and Hinduism. This explains why his park is full not only of Buddha images but also of Hindu gods as well as demons and animals from both beliefs.
The most outstanding ones include Indra, the king of Hindu gods riding the three-headed elephant (aka Erawan and Airavata), a four-armed deity sitting on a horse and an artistic deity with 12 faces and many hands, each holding interesting objects. They are all equally impressive not only because of their enormous size but because they are full of interesting details and interesting motifs.
There is a local eatery and café offering food and drinks to tourists at one end of the park right next to the Mekong River that makes a great spot to chill after all the walking and climbing. Among the popular snacks are papaya salad, fried bananas and cold Lao beer. 

Drive north to Vang Vieng, which is tucked in amongst giant limestone cliffs and sits along the Nam Song River. This is an area of immense natural beauty, with the Nam Song River passing through the shadows of the dramatic mountains.

VANG VIENG
The small town of Vang Vieng is located 150 km north of Vientiane. This is a place of a dreamlike landscape of bizarre limestone mountain peaks and scenic cliffs with the Nam Song River bisecting the town. At the base of the town’s limestone mountains are a network of caves.
Overnight in Vang Vieng 

Distance: 150 km / 3-4 hrs', 'ACTIVE', NOW());
INSERT INTO itineraries (id, tour_id, title, level, description, status, created_at)
VALUES (504, 21, 'Day 4: Vang Vieng — Exploration', 'easy', 'VANG VIENG - LUANG PRABANG (B/L)
We leave Vang Vieng north on Road 13, which leads across the highlands through the stunning countryside to Luang Prabang Province. 
Enjoy scenic views and visit one of the many Hmong villages in the region. The Hmong are an ethnic group from the mountainous regions of Laos. They are also one of the sub-groups of the Miao ethnicity in Southern China. Hmong groups began a gradual southward migration in the 18th century due to political unrest and a lack of arable land.
LUANG PRABANG
Luang Prabang, a UNESCO World Heritage site. This beautiful city was the royal capital and seat of government for the Kingdom of Laos until the revolution of 1975. The main part of the city consists of four main roads crisscrossing a peninsula between the Nam Khan and Mekong Rivers.
Overnight in Luang Prabang 
Distance: 220 km / 5-6 hrs', 'ACTIVE', NOW());
INSERT INTO itineraries (id, tour_id, title, level, description, status, created_at)
VALUES (505, 21, 'Day 5: Luang Prabang — Temple', 'easy', 'LUANG PRABANG - CITY TOUR (B/L)
Explore the city by Tuk Tuk. The Tuk Tuk (a motorized-rickshaw) was brought to Southeast Asia in 1934 from Japan, and has since then become an icon of the region. The classic Tuk Tuk is a sheet-metal roof covering an open frame which rests on three wheels. They’re one of the most popular forms of transportation in Laos, Thailand and Cambodia, and this Southeast Asian emblem is the perfect vehicle for an open-air tour of Luang Prabang. 
Depart from the hotel at 08:30, get on the Tuk Tuk  to the open-air Morning Market in the old town. There are only a few large grocery stores here—instead, food is still produced by small farming families and villages and brought to Luang Prabang from the surrounding rural areas. Guide will explain the common vegetables and fruits that are in season and pick up some snacks for later.
A short walk from the market is Wat Mai Suwannaphumaham (“New Monastery”), the National Museum (Royal Palace) and Hor Phra Bang. After the museum, travel again by tuk tuk through more of the picturesque town to Wat Visounnalath. Continue to Heuan Chan Luang Prabang for a short activity and learn how to make Banana Leaf and Flower.
Another short tuk tuk ride along the Nam Khan River to Wat Xieng Thong. End the day’s tour on top of Mount Phousi. 
MORNING MARKET
This small market is the Laotian "supermarket" where they come to buy their fresh fruit, vegetables and meat, which are offered in showcases which are not always the way we used to see in most of our countries. Some products are coming from the jungle around, and will be for sure highly exotic for travelers from western countries.
WAT MAI SUWANNAPHUMAHAM
The impressive Wat Mai Suwannaphumaham is one of Luang Prabang’s largest and most richly decorated temples. Both its interior and exterior are extensively adorned with black and red lacquer decoration and gold leaf. The temple, also known as Wat Mai, meaning “new temple” was founded around 1780 by King Anurat of Luang ', 'ACTIVE', NOW());
INSERT INTO itineraries (id, tour_id, title, level, description, status, created_at)
VALUES (506, 21, 'Day 6: Luang Prabang — Waterfall', 'moderate', 'LUANG PRABANG - KUANG SI WATERFALL - DEPARTURE (B/L)
After breakfast at the hotel, visit the local Phosy Market. Then travel by vehicle to the beautiful Tad Kuang Si Waterfalls, stopping on the way to visit Hmong and Khamu villages. Hmong and Khamu villages have different structures and ways of life; here, we can learn about their traditions and the differences between Lao, Khamu and Hmong culture. 
PHOSY MARKET
Phosy Market is by far the biggest market in Luang Prabang. There are several hundred merchants of all kinds proposing a large variety of products.


KUANG SI WATERFALL AND BEAR RESCUE CENTER
Kuang Si Waterfall is the biggest waterfall in the Luang Prabang area with three tiers leading to a 50-meter drop into spectacular azure pools before flowing downstream. The pools also make great swimming holes and are very popular with both tourists and locals. Visit the Bear Rescue Center within the Kuang Si Waterfall Park.
Transfer to the hotel and/or the airport for departure 




— END OF SERVICES —', 'ACTIVE', NOW());

-- ===== CLASSIC LAOS [LUXURY (7)] =====
INSERT INTO destinations (id, country_id, name, status, created_at) VALUES (22, 1, 'Vang Vieng', 'ACTIVE', NOW()) ON DUPLICATE KEY UPDATE name=VALUES(name);
INSERT INTO tours (
    id, destination_id, sku, title, duration, price,
    summary, hightlight, included, not_included, status, created_at
) VALUES (
    22, 22, NULL, '✦ Classic Laos',
    '10 DAYS', 2024,
    'Embark on an unforgettable journey through CLASSIC LAOS. Experience the authentic culture, stunning landscapes, and warm hospitality of Laos. Your expert guide will take you off the beaten path for a truly immersive adventure.', '• UNESCO World Heritage Sites
• Expert English-speaking guide
• Authentic cultural experiences
• Small group, private service
• All entrance fees included',
    'All sightseeing as described in program above
Transportation in private vehicles
Accommodation in hotels (twin shared)
English speaking guide
Admission fees to sights described above
Meals: B= breakfast, L= lunch, D= dinner
Lao PDR governmental tax and service charge
Luggage handling', 'All sightseeing as described in program above
Transportation in private vehicles
Accommodation in hotels (twin shared)
English speaking guide
Admission fees to sights described above
Meals: B= breakfast, L= lunch, D= dinner
Lao PDR governmental tax and service charge
Luggage handling',
    'ACTIVE', NOW()
);
INSERT INTO itineraries (id, tour_id, title, level, description, status, created_at)
VALUES (526, 22, 'Day 1: Vientiane — Market', 'easy', 'VIENTIANE - ARRIVAL (-)
Upon arrival in Vientiane, transfer from Wattay International Airport to the hotel. The rest of the day will be left free to relax after your flights. Depending on your arrival time, there is still a chance to explore the city and walk along the Mekong River and visit the Night Market.
Overnight in Vientiane', 'ACTIVE', NOW());
INSERT INTO itineraries (id, tour_id, title, level, description, status, created_at)
VALUES (527, 22, 'Day 2: Vientiane — Temple', 'easy', 'VIENTIANE - CITY TOUR (B/L)
Discover the charms of Vientiane, a quiet but endearing capital city. Tour includes Wat Sisaket, Hor Phra Keo, That Luang Stupa, Wat Simuang  and Patuxay Monument. 

WAT SISAKET
Wat Si Saket is an early 19th century Buddhist monastery in the center of Vientiane. It is the oldest temple of the town that is still in its original form. The temple was built in 1820 near the Royal Palace in the center of town by King Anouvong, the last King of Vientiane. It is one of the very few temples that survived the destruction that came with the Siamese armies that looted and burnt the city in 1827. The temple was restored in the 1930’s. Next to the cloister is the more recent, active part of the temple with resident monks. Right across the street is another one of Vientiane’s most important temples, the Hor Phra Keo.

HOR PHRA KEO
Hor Phra Keo is one of Laos’ most highly venerated temples, now turned into a museum. The temple derives its name from the Emerald Buddha, Thailand’s most highly revered Buddha image which was enshrined in the temple for over 200 years

THAT LUANG STUPA
That Luang Stupa or “Great Stupa” is the most important Buddhist monument in Laos. The large golden stupa in Vientiane is believed to enshrine a breast bone of the Buddha. The pagoda also known as That Luang is officially named Pha Chedi Lokajulamani, which translates to “World Precious Sacred Stupa”.
PATUXAY MONUMENT
Vientiane'' s Arc de Triomphe replica is a monumental sight. Officially called ''Victory Gate'' and commemorating the Lao who died in pre-revolutionary wars, it was built in the 1960s with cement donated by the USA intended for the construction of a new airport. Climb to the top for panoramic views over Vientiane.

COPE Visitor Center / https://copelaos.org/
Overnight in Vientiane', 'ACTIVE', NOW());
INSERT INTO itineraries (id, tour_id, title, level, description, status, created_at)
VALUES (528, 22, 'Day 3: Vientiane — Cave', 'moderate', 'VIENTIANE -BUDDHA PARK - VANG VIENG (B/L)
BUDDHA PARK
Buddha Park (aka Wat Xieng Khuan) is a famous sculpture park with more than 200 religious statues including a huge 40-meter high reclining Buddha image.
The best spot for photography here is on top of the giant pumpkin structure standing about three stories high. The entrance is crafted to look like a demon’s mouth (about three meters high) with a stone ladder inside leading to a bird''s eye view of the entire Xieng Khuan Park.
It was built in 1958 by Luang Pu Bunleua Sulilat, a monk who studied both Buddhism and Hinduism. This explains why his park is full not only of Buddha images but also of Hindu gods as well as demons and animals from both beliefs.
The most outstanding ones include Indra, the king of Hindu gods riding the three-headed elephant (aka Erawan and Airavata), a four-armed deity sitting on a horse and an artistic deity with 12 faces and many hands, each holding interesting objects. They are all equally impressive not only because of their enormous size but because they are full of interesting details and interesting motifs.
There is a local eatery and café offering food and drinks to tourists at one end of the park right next to the Mekong River that makes a great spot to chill after all the walking and climbing. Among the popular snacks are papaya salad, fried bananas and cold Lao beer.
Enjoy lunch at a local restaurant before continuing to Vang Vieng, which is tucked in amongst giant limestone cliffs and sits along the Nam Song River. This is an area of immense natural beauty, with the Nam Song River passing through the shadows of the dramatic mountains.
VANG VIENG
The small town of Vang Vieng is located 160 km north of Vientiane. This is a place of a dreamlike landscape of bizarre limestone mountain peaks and scenic cliffs with the Nam Song River bisecting the town. At the base of the town’s limestone mountains are a network of caves.
Overnight in Vang Vieng 

Distance: 160 km / 3-4 hrs', 'ACTIVE', NOW());
INSERT INTO itineraries (id, tour_id, title, level, description, status, created_at)
VALUES (529, 22, 'Day 4: Vang Vieng — Trek', 'challenging', 'VANG VIENG - SAYABOURY /ELEPHANT CONSERVATION CENTER( ECC) (B/L/D)
Early departure ( 6.30am) from Vang Vieng, following the road over the highlands and through the stunning countryside to Sayaboury. Enjoy scenic views along the way. 
Travel to ECC by minivan – Boat trip – Walk Through the Forest – Laotian Lunch –
Nursery Visit – Hospital Visit – Observe Elephants
Bathing – Encounter Elephants & Mahouts – Dinner.
Upon arrival at Nam Tien Lake, we will transfer you to the Center by boat. You will have time to settle into your accommodation before your guide takes you to the forest. Along the way, you will walk past the different enclosures where our main activities take place. After enjoying a family-style traditional Laotian lunch on a lakeside platform, you will observe bath time at the nursery, an area in the forest reserved for our youngest (and cutest!) elephants and their mothers.
When the elephants have drunk enough and returned to the forest, you will take the boat back to the Center for the hospital visit. Our Laotian vet team or our biologist will introduce you to their world, sharing information about common and uncommon injuries and treatments. This is the perfect time to ask questions about the biology and physiology of elephants.
Elephants love water! And you’ll get a chance to see this first hand. Elephants use bath time to socialize and strengthen ties within the herd. You will watch their bathing routines and interactions up close, observing their ears flapping and tails swatting while they use their trunks and trees to satisfy a nagging itch. All of the elephants at the ECC had difficult lives before we rescued them, and the pleasures of bath time are important to their recovery. Our guides will share stories and information, helping you get to know and understand our elephants better. Now it’s time for elephants to walk back to the forest.
After a short trek the mahouts will decide on a place where the elephants can graze for the night.
Before dinne', 'ACTIVE', NOW());
INSERT INTO itineraries (id, tour_id, title, level, description, status, created_at)
VALUES (530, 22, 'Day 5: Sayaboury — Exploration', 'moderate', 'SAYABOURY / ECC (B/L/D)
Breakfast – Meet the Elephants in the Forest – Observe Elephants Bathing – Socialization Area Observation – Lunch – Afternoon Bath – Positive Reinforcement Training – Vet Check – Dinner.
On the second day, you will meet up with the elephants in the forest. After spending the night in the jungle, it is time for another bath. Enjoy strolling together with these magnificent animals in their natural habitat. Watch them walk, forage, scratch, and socialize. If you’re lucky, you’ll hear them trumpet with excitement!
What are they saying? After bath time, it’s on to the Socialization Area. This is an area where our elephants can freely interact during much of the day. Here, we have created a semi natural living environment where our elephants can enjoy being elephants. Follow our guide around the perimeter to learn more about the elephant group’s fascinating dynamics. Spend time on the different raised platforms to see how a new herd is being formed. This rare opportunity will bring you closer to understanding elephants’ natural lives, a special learning experience rarely found in Asia.
Lunch is served at the Center. In the afternoon, you can observe the elephants having their afternoon bath.
You will then meet our mahouts and vet team again as they will conduct a “Target Training” session. All our elephants are being trained using ‘positive reinforcement’ techniques to facilitate any necessary treatments and to reduce the stress that these treatments or routine checks can give to them. We offer you the chance to follow their work from a safe distance.
Overnight in Sayaboury / ECC', 'ACTIVE', NOW());
INSERT INTO itineraries (id, tour_id, title, level, description, status, created_at)
VALUES (531, 22, 'Day 6: Sayaboury — Exploration', 'moderate', 'SAYABOURY / ECC – LUANG PRABANG (B/L)
Breakfast – Male Elephants Socialization Area - Information Center – Lunch.
After breakfast, you will visit the Male Elephants Socialization Area. This is an activity that can only be experienced at the ECC. Male elephants, ranging from massive tuskers to juveniles, form a group of bachelors, just as they would in the wild. 
Their majesty and power will take your breath away as you observe them quietly
and safely from a raised wooden platform. Follow our guide around the perimeter to learn more about male elephants’ social dynamics in this once-in-a-lifetime experience.
Once back to the Center, you will have the opportunity to improve your elephant knowledge at our
Information Center, where we have created a series of displays about the Asian elephant’s biology, social life, ecology, and cultural significance. You’ll also learn about elephants’ vital role in Asian history and their symbolic associations. Time spent at the Information
Center with our guide or on your own will help you better understand both the importance of elephants as a keystone species within their ecosystem and the intimate relationship they have shared with humans in Asia for thousands of years.
Lunch is served at the restaurant. 
You have some time to relax before we bring you to Luang Prabang by minivan. You can say your goodbyes to the staff or walk around the Center one last time.
Overnight in Luang Prabang 

Distance: 120 km /3-4 hrs', 'ACTIVE', NOW());
INSERT INTO itineraries (id, tour_id, title, level, description, status, created_at)
VALUES (532, 22, 'Day 7: Luang Prabang — Temple', 'easy', 'LUANG PRABANG - TAK BAAT / CITY TOUR - PAK OU CAVES (B/L)
An optional early (5.30am) start gives you the fantastic opportunity to witness the daily morning rituals of saffron-clad monks collecting offerings of Alms (ubiquitous sticky rice) from the faithful residents. This procession called ‘Tak Baat’ is very unique in Laos, being one of the few Buddhist nations still preserving the tradition . 
Explore the city by Tuk Tuk. The Tuk Tuk (a motorized-rickshaw) was brought to Southeast Asia in 1934 from Japan, and has since then become an icon of the region. The classic Tuk Tuk is a sheet-metal roof covering an open frame which rests on three wheels. They’re one of the most popular forms of transportation in Laos, Thailand and Cambodia, and this Southeast Asian emblem is the perfect vehicle for an open-air tour of Luang Prabang. 
Departing from the hotel at 08:30, get on the Tuk Tuk  to the open-air Morning Market in the old town. There are only a few large grocery stores here—instead, food is still produced by small farming families and villages and brought to Luang Prabang from the surrounding rural areas. Guide will explain the common vegetables and fruits that are in season and pick up some snacks for later.
A short walk from the market is Wat Mai Suwannaphumaham (“New Monastery ''''), the National Museum (Royal Palace) and Hor Phra Bang. 
Another short tuk tuk ride along the Nam Khan River to Wat Xieng Thong. 
From here embark on a boat ride on the Mekong river to the famous buddha caves of Pak Ou
End the day’s tour on top of Mount Phousi. 
MORNING MARKET
This small market is the Laotian "supermarket" where they come to buy their fresh fruit, vegetables and meat, which are offered in showcases which are not always the way we used to see in most of our countries. Some products are coming from the jungle around, and will be for sure highly exotic for travelers from western countries.
WAT MAI SUWANNAPHUMAHAM
The impressive Wat Mai Suwannaphumaham is one of Luang Praban', 'ACTIVE', NOW());
INSERT INTO itineraries (id, tour_id, title, level, description, status, created_at)
VALUES (533, 22, 'Day 8: Living Landfarm — Waterfall', 'moderate', 'LIVING LANDFARM - KUANG SI WATERFALL (B/L)
Living Land Farm / Rice is Life Experience
Would you like to see the process of planting and harvesting rice in the rice paddy? Come and spend half a day on our LIVING LAND FARM, situated in an idyllic countryside setting surrounded by mountains in the middle of ancient rice terraces.
Come and let us show you how rice is grown on our farm, experience the life of a rice farmer and try your hand at some of the activities. Or just view it all from the comfort of our traditional Lao rice house terrace.
Meet some real Lao people and Susan, Bentley & Betty our buffalos
Would you like to see how rice is planted in the rice paddy? You could join our team of rice planters and have a go!
It is fun, it is educational, hands-on and eco-friendly!
Come and see how buffaloes are used to plough the rice paddies and try it for yourself!
After lunch on the farm we continue to the beautiful Kuang Si Waterfall.
KUANG SI WATERFALL AND BEAR ASYLUM:
The Kuang Si Waterfall is the largest in the Luang Prabang area. Three levels lead to a 50 meter drop into spectacular azure pools before flowing downstream. The natural pools are very popular with both tourists and locals. Also visit the Bear Sanctuary by the Waterfall, an NGO dedicated to protecting endangered bears.

Overnight in Luang Prabang', 'ACTIVE', NOW());
INSERT INTO itineraries (id, tour_id, title, level, description, status, created_at)
VALUES (534, 22, 'Day 9: Luang Prabang — Waterfall', 'challenging', 'LUANG PRABANG - ACTIVITIES OF CHOICE / BACI CEREMONY (B/-/D)
Choose from a variety of day activities in and around Luang Prabang:
-Ban Chan Pottery Village
-Tamarind Cooking Class
-Bamboo Experience ( Weaving & Cooking)
-Kuang SI Waterfall Trek
-Food & Fun Tour by bicycle


In the evening visit a local Lao house to experience the unique ritual of a Baci ceremony.
BACI CEREMONY
Baci Ceremony (also spelt Basi) is a specific ceremony in Laos which has been practiced for hundreds of years. The term commonly used is “Sou Khuan” which means “spirit enhancing or spirit calling”. The ceremony involves the tying of white cotton strings around a person''s wrists and the prayer saying or well wishing for the person that the ceremony is intended for.
Lao people believe that a human being is a union of thirty-two organs, each has a spirit or Khuan (Lao word for spirit) to protect them. These spirits often wander outside the body causing unbalance of the soul which might lead to an illness. The tying of the white string represents tying of the 32 spirits to the body putting them back in harmony as well as bringing good luck and prosperity.

Upon arrival at the local house, you will be greeted by one of our local representatives and explain to you what Baci ceremony is all about while having your welcome drink. This time you are free to ask questions on what you want to know about Laos and we can share our culture. Afterwards, when the briefing is done, we will start our Baci Ceremony for a maximum of 30 minutes.
Our Baci conductor will say something during the ceremony and you will listen and follow him/her on the ritual. Once it is done, you are free to eat the foods on the tray table which we offer during the ceremony and enjoy a Lao dinner with your host family.
Transfer back to the hotel.
Overnight in Luang Prabang', 'ACTIVE', NOW());
INSERT INTO itineraries (id, tour_id, title, level, description, status, created_at)
VALUES (535, 22, 'Day 10: Luang Prabang — Exploration', 'moderate', 'LUANG PRABANG - DEPARTURE (B)
Transfer to the airport for departure flight.
— END OF SERVICES —', 'ACTIVE', NOW());

-- ===== NORTHERN LAOS IN STYLE [LUXURY (7)] =====
INSERT INTO destinations (id, country_id, name, status, created_at) VALUES (23, 1, 'NORTHERN LAOS IN STYLE', 'ACTIVE', NOW()) ON DUPLICATE KEY UPDATE name=VALUES(name);
INSERT INTO tours (
    id, destination_id, sku, title, duration, price,
    summary, hightlight, included, not_included, status, created_at
) VALUES (
    23, 23, NULL, '✦ Northern Laos In Style',
    '10 DAYS', 2024,
    'Embark on an unforgettable journey through NORTHERN LAOS IN STYLE. Experience the authentic culture, stunning landscapes, and warm hospitality of Laos. Your expert guide will take you off the beaten path for a truly immersive adventure.', '- Cruise up the Mekong River to explore the Pak Ou Cave of a thousand Buddhas
- Enjoy three nights and local excursions at the Namka Resort
- Ride in a long-tail boat through the rugged, mountainous Nam Ou River valley
- Explore the beautiful city of Nong Khiaw
- Visit the “100 waterfalls” on an exciting tour in Nong Khiaw',
    '- All sightseeing as described in program above
- Transportation in private a /c vehicles
- Accommodation in hotels (twin shared)
- English speaking guide 
- Admission fees to sights described above
- Meals: B= breakfast, L= lunch, D= dinner
- Lao PDR governmental tax and service charge
- Luggage handling', '- All sightseeing as described in program above
- Transportation in private a /c vehicles
- Accommodation in hotels (twin shared)
- English speaking guide 
- Admission fees to sights described above
- Meals: B= breakfast, L= lunch, D= dinner
- Lao PDR governmental tax and service charge
- Luggage handling',
    'ACTIVE', NOW()
);
INSERT INTO itineraries (id, tour_id, title, level, description, status, created_at)
VALUES (551, 23, 'Day 1: After Your Arrival In Luang Prabang — Exploration', 'moderate', 'After your arrival in Luang Prabang, you will be transferred to your hotel in town.
The rest of the day is free.
Overnight in Luang Prabang', 'ACTIVE', NOW());
INSERT INTO itineraries (id, tour_id, title, level, description, status, created_at)
VALUES (552, 23, 'Day 2: Board A Private Traditional Slow Boat Trip Up The Mekong River To Pak Beng — Boat', 'moderate', 'Board a private traditional slow boat trip up the Mekong River to Pak Beng, visiting the local villages of different ethnic minorities along the way. 
We''ll arrive in Pak Beng in the afternoon and stay the night.', 'ACTIVE', NOW());
INSERT INTO itineraries (id, tour_id, title, level, description, status, created_at)
VALUES (553, 23, 'Day 3: Ll Drive To Our Next Destination — Temple', 'moderate', 'We''ll drive to our next destination, reaching the province of Oudom Xai (Muang Xai on some maps) in a few hours. The region, the heart of northern Laos, is rich in mountain scenery and many ethnic minorities live here. In the afternoon, you arrive in Oudomxay and you can visit local temples, markets before you check-in at the resort.', 'ACTIVE', NOW());
INSERT INTO itineraries (id, tour_id, title, level, description, status, created_at)
VALUES (554, 23, 'Day 4: Choose An Activity That Suits You Best — Exploration', 'moderate', 'Choose an activity that suits you best , or just spend the day relaxing at the resort.
(lunch will be included in activities / activities not included yet)
Overnight in Namkat Resort', 'ACTIVE', NOW());
INSERT INTO itineraries (id, tour_id, title, level, description, status, created_at)
VALUES (555, 23, 'Day 5: Choose An Activity That Suits You Best — Exploration', 'moderate', 'Choose an activity that suits you best , or just spend the day relaxing at the resort.
(lunch will be included in activities / activities not included yet)
Overnight in Namkat Resort', 'ACTIVE', NOW());
INSERT INTO itineraries (id, tour_id, title, level, description, status, created_at)
VALUES (556, 23, 'Day 6: You — Boat', 'moderate', 'You''ll leave the Resort and travel along a scenic road to Muang Khua for the start of a river cruise. The river journey from Muang Khua to Nong Khiaw is one of the most beautiful in the region. Board a long-tail boat to begin your journey down the Nam Ou River, discovering many villages and beautiful landscapes with limestone formations rising from the water. Your lunch, a picnic barbecue, will be on one of the beaches along the river. You''ll arrive at Nong Khiaw to check in to your resort or guest house in this quiet mountainous setting 
Overnight in Nong Khiaw', 'ACTIVE', NOW());
INSERT INTO itineraries (id, tour_id, title, level, description, status, created_at)
VALUES (557, 23, 'Day 7: After A — Waterfall', 'moderate', 'After a 1 hour boat trip on the scenic Nam Ou you''ll hike through the 100 waterfalls, a recently-discovered waterfall in the jungle. A village visit is included, as well, where you learn more about life along the Nam Ou River before returning by boat to Nong Khiaw.
*Choose the Mountain View tour as an alternative.
Overnight in Nong Khiaw', 'ACTIVE', NOW());
INSERT INTO itineraries (id, tour_id, title, level, description, status, created_at)
VALUES (558, 23, 'Day 8: This Is A Free Day For You To Explore The City Of Nong Khiaw — Cave', 'easy', 'This is a free day for you to explore the city of Nong Khiaw, relax and take in the grandeur of the karst scenery, and explore nearby caves if you choose.
Overnight in Nong Khiaw', 'ACTIVE', NOW());
INSERT INTO itineraries (id, tour_id, title, level, description, status, created_at)
VALUES (559, 23, 'Day 9: The Journey From Nong Khiaw To Luang Prabang Will Follow The Nam Ou River And Then Takes You Up And — Exploration', 'easy', 'The journey from Nong Khiaw to Luang Prabang will follow the Nam Ou river and then takes you up and over the mountains. Along the way we''ll visit the village of Ban  Nayang, which is famous for their traditional cotton weaving.  Almost every household has its own weaving loom where the families create beautiful scarves, table cloths and ornate wall hangings. After the visit in the village we''ll continue on the road to the UNESCO world heritage city of Luang Prabang, where we drop you off at your hotel.
Overnight in Luang Prabang', 'ACTIVE', NOW());
INSERT INTO itineraries (id, tour_id, title, level, description, status, created_at)
VALUES (560, 23, 'Day 10: Transfer From Your Hotel To The Airport For The Departure Flight — Exploration', 'moderate', 'Transfer from your hotel to the airport for the departure flight.', 'ACTIVE', NOW());

-- ===== LUXURIOUS LAOS [LUXURY (7)] =====
INSERT INTO destinations (id, country_id, name, status, created_at) VALUES (24, 1, 'Vang Vieng', 'ACTIVE', NOW()) ON DUPLICATE KEY UPDATE name=VALUES(name);
INSERT INTO tours (
    id, destination_id, sku, title, duration, price,
    summary, hightlight, included, not_included, status, created_at
) VALUES (
    24, 24, NULL, '✦ Luxurious Laos',
    '14 days', 2024,
    'Embark on an unforgettable journey through LUXURIOUS LAOS. Experience the authentic culture, stunning landscapes, and warm hospitality of Laos. Your expert guide will take you off the beaten path for a truly immersive adventure.', '• UNESCO World Heritage Sites
• Expert English-speaking guide
• Authentic cultural experiences
• Small group, private service
• All entrance fees included',
    '✓ Private air-conditioned transport
✓ English-speaking guide
✓ Accommodation (twin shared)
✓ Meals as per itinerary
✓ Entrance fees
✓ Luggage handling', '✗ International flights
✗ Visa fees ($30-40 USD/pax)
✗ Travel insurance
✗ Meals not mentioned
✗ Personal expenses & tips',
    'ACTIVE', NOW()
);
INSERT INTO itineraries (id, tour_id, title, level, description, status, created_at)
VALUES (576, 24, 'Day 1: Vientiane Arrival — Market', 'easy', 'VIENTIANE ARRIVAL
Upon arrival in Vientiane, transfer from Wattay International Airport to the hotel. The rest of the day will be left free to relax after your flights. Depending on your arrival time, there is still a chance to explore the city and walk along the Mekong River and visit the Night Market.
Overnight in Vientiane(-)', 'ACTIVE', NOW());
INSERT INTO itineraries (id, tour_id, title, level, description, status, created_at)
VALUES (577, 24, 'Day 2: Vientiane City Tour — Temple', 'easy', 'VIENTIANE CITY TOUR
Discover the charms of Vientiane, a quiet but endearing capital city. Your tour includes Wat Sisaket, Hor Phra Keo, That Luang Stupa and Patuxay Monument. Visit the Talat Sao (Morning Market), where you can find an abundance of locally made handicrafts.
WAT SISAKET
Wat Si Saket is an early 19th century Buddhist monastery in the center of Vientiane. It is the oldest temple of the town that is still in its original form. The temple was built in 1820 near the Royal Palace in the center of town by King Anouvong, the last King of Vientiane. It is one of the very few temples that survived the destruction that came with the Siamese armies, that looted and burnt the city in 1827. The temple was restored in the 1930’s. Next to the cloister is the more recent, active part of the temple with resident monks. Right across the street is another one of Vientiane’s most important temples, the Hor Phra Keo.

HOR PHRA KEO
Hor Phra Keo is one of Laos’ most highly venerated temples, now turned into a museum. The temple derives its name from the Emerald Buddha, Thailand’s most highly revered Buddha image which was enshrined in the temple for over 200 years.

THAT LUANG STUPA
That Luang Stupa or “Great Stupa” is the most important Buddhist monument in Laos. The large golden stupa in Vientiane is believed to enshrine a breast bone of the Buddha. The pagoda also known as That Luang is officially named Pha Chedi Lokajulamani, which translates to “World Precious Sacred Stupa”.
PATUXAY MONUMENT
Vientiane'' s Arc de Triomphe replica is a monumental sight. Officially called ''Victory Gate'' and commemorating the Lao who died in pre-revolutionary wars, it was built in the 1960s with cement donated by the USA intended for the construction of a new airport. Climb to the top for panoramic views over Vientiane.

COPE Visitor Center
https://copelaos.org/
Overnight in Vientiane (B,L)', 'ACTIVE', NOW());
INSERT INTO itineraries (id, tour_id, title, level, description, status, created_at)
VALUES (578, 24, 'Day 3: Vientiane — Cave', 'moderate', 'VIENTIANE - BUDDHA PARK - VANG VIENG
Buddha Park (aka Wat Xieng Khuan) is a famous sculpture park with more than 200 religious statues including a huge 40-meter high reclining Buddha image.
The best spot for photography here is on top of the giant pumpkin structure standing about three stories high. The entrance is crafted to look like a demon’s mouth (about three meters high) with a stone ladder inside leading to a bird''s eye view of the entire Xieng Khuan Park.
It was built in 1958 by Luang Pu Bunleua Sulilat, a monk who studied both Buddhism and Hinduism. This explains why his park is full not only of Buddha images but also of Hindu gods as well as demons and animals from both beliefs.
The most outstanding ones include Indra, the king of Hindu gods riding the three-headed elephant (aka Erawan and Airavata), a four-armed deity sitting on a horse and an artistic deity with 12 faces and many hands, each holding interesting objects. They are all equally impressive not only because of their enormous size but because they are full of interesting details and interesting motifs.
There is a local eatery and café offering food and drinks to tourists at one end of the park right next to the Mekong River that makes a great spot to chill after all the walking and climbing. Among the popular snacks are papaya salad, fried bananas and cold Lao beer. 
Drive north to Vang Vieng, which is tucked in amongst giant limestone cliffs and sits along the Nam Song River. This is an area of immense natural beauty, with the Nam Song River passing through the shadows of the dramatic mountains.

VANG VIENG
The small town of Vang Vieng is located 150 km north of Vientiane. This is a place of a dreamlike landscape of bizarre limestone mountain peaks and scenic cliffs with the Nam Song River bisecting the town. At the base of the town’s limestone mountains are a network of caves.
Overnight in Vang Vieng (B,L)

Distance: 150 km / 3-4 hrs', 'ACTIVE', NOW());
INSERT INTO itineraries (id, tour_id, title, level, description, status, created_at)
VALUES (579, 24, 'Day 4: Vang Vieng — Cave', 'easy', 'VANG VIENG - PHONSAVAN
Depart from Vang Vieng, following the road over the highlands and through the stunning countryside to Phonsavan. Enjoy scenic views along the way. 
Stop for lunch at Phou Khoun and enjoy a panorama view from Phou Khoun Observation Site. Continue to Phonsavanh with a stop in Muang Sui to visit Tham Pha Cave and Nong Tang Lake.

THAM PHA CAVE
These two limestone caves hid hundreds of small Buddha figures from the Haw invasion a few centuries ago. Dimly lit with the help of the rigged electrical lights (switched on by the locals for a small donation) making the passageways that link one cave to another accessible. The caves persist deep into the hillside and are pretty amazing.
NONG TANG LAKE
Nong Tang Lake is a large picturesque natural lake flanked by high limestone cliffs. 
PHONSAVANH
Phonsavanh is the capital city of Xieng Khuang Province, a well-known tourist destination for its famous Plain of Jars. By 1973, almost every town and village in Xieng Khuang had been bombed and destroyed as a result of what is now called “The Secret War” in Laos, a ten-year period during which the USA and its allies bombed the region without regard to borders in an attempt to stop movements on the Ho Chi Minh Trail. Approximately two tons of ordnance per inhabitant was dropped on the country, with much of this bombing occurring over Xieng Khuang. However, the area is still remarkably beautiful, with the mysterious ancient jars resting near the strange craters that scar the earth, memories from the dark days of a devastating war.
Overnight in Phonsavanh (B,L)

Distance: 235 km / 7-8 hrs', 'ACTIVE', NOW());
INSERT INTO itineraries (id, tour_id, title, level, description, status, created_at)
VALUES (580, 24, 'Day 5: Plain Of Jars — Temple', 'moderate', 'PLAIN OF JARS
Start the day by visiting the Plain of Jars (Site I and Site II) is the largest ancient cultural site in Laos. 
PLAIN OF JARS SITE I
Plain of Jars Site I is one of the largest sites with over 300 jars. The site, also known as Site I, is located about 15 km. Southwest of Phonsavanh. The large area surrounded by a fence is adjacent to a Laos army military base. 
PLAIN OF JARS SITE II
Plain of Jars Site II or Hai Hin Phu Salato is located about 20 km. Southwest of Phonsavanh. The site contains 93 jars spread across two adjacent hills.
Continue to Muang Khoun the former royal capital of the Xieng Khuang Region to visit Wat Phia Wat, That Foun Stupa and That Chomphet Stupa.
WAT PHIA WAT
Admire this massive Buddha prominently sitting amid the bombed out remains of its 400-year-old temple. A short trail leads from the main road on the eastern edge to Wat Phia Wat’s distinguished and sizable sitting Buddha that surprisingly survived the bombing relatively intact. 
THAT FOUN STUPA

Built in 1576, around the same time as Vientiane’s That Luang Stupa, That Foun Stupa stands alone on a knoll withered only by time. Believers say That Foun Stupa covers Buddha’s ashes brought from India. A tunnel through the base presents visitors with a cool channel to examine the inner construction of precisely placed bricks.
THAT CHOMPHET STUPA
For more than 500 years, That Chomphet Stupa has overlooked Muang Khoun and the Nam Ngiap River Valley from its shrubby hilltop perch. Time has taken its aesthetic toll on the ancient monument, but it remains solid under a carpet of vegetation. A diamond once topped the sacred stupa, but is long gone, possibly pilfered by Haw invaders during an 1874 raid.
Overnight in Phonsavanh (B,L)', 'ACTIVE', NOW());
INSERT INTO itineraries (id, tour_id, title, level, description, status, created_at)
VALUES (581, 24, 'Day 6: Phonsavanh — Exploration', 'easy', 'PHONSAVANH – LUANG PRABANG
Departing from Phonsavanh, take the road over the highlands through stunning countryside to Luang Prabang. Enjoy scenic views and visit one of the many Hmong villages in the region. The Hmong are an ethnic group from the mountainous regions of Laos. They are also one of the sub-groups of the Miao ethnicity in Southern China. Hmong groups began a gradual southward migration in the 18th century due to political unrest and a lack of arable land.
LUANG PRABANG
Luang Prabang, a UNESCO World Heritage site. This beautiful city was the royal capital and seat of government for the Kingdom of Laos until the revolution of 1975. The main part of the city consists of four main roads crisscrossing a peninsula between the Nam Khan and Mekong Rivers.
Overnight in Luang Prabang(B,L)
Distance: 300 km / 8-9 hrs', 'ACTIVE', NOW());
INSERT INTO itineraries (id, tour_id, title, level, description, status, created_at)
VALUES (582, 24, 'Day 7: Luang Prabang — Temple', 'easy', 'LUANG PRABANG - CITY TOUR
Explore the city by Tuk Tuk. The Tuk Tuk (a motorized-rickshaw) was brought to Southeast Asia in 1934 from Japan, and has since then become an icon of the region. The classic Tuk Tuk is a sheet-metal roof covering an open frame which rests on three wheels. They’re one of the most popular forms of transportation in Laos, Thailand and Cambodia, and this Southeast Asian emblem is the perfect vehicle for an open-air tour of Luang Prabang. 
Departing from the hotel at 08:30, get on the Tuk Tuk  to the open-air Morning Market in the old town. There are only a few large grocery stores here—instead, food is still produced by small farming families and villages and brought to Luang Prabang from the surrounding rural areas. Guide will explain the common vegetables and fruits that are in season and pick up some snacks for later.
A short walk from the market is Wat Mai Suwannaphumaham (“New Monastery ''''), the National Museum (Royal Palace) and Hor Phra Bang. After the museum, travel again by tuk tuk through more of the picturesque town to Wat Visounnalath. Continue to Heuan Chan Luang Prabang for a short activity and learn how to make Banana Leaf and Flower.
Another short tuk tuk ride along the Nam Khan River to Wat Xieng Thong. End the day’s tour on top of Mount Phousi. 
MORNING MARKET
This small market is the Laotian "supermarket" where they come to buy their fresh fruit, vegetables and meat, which are offered in showcases which are not always the way we used to see in most of our countries. Some products are coming from the jungle around, and will be for sure highly exotic for travelers from western countries.

WAT MAI SUWANNAPHUMAHAM
The impressive Wat Mai Suwannaphumaham is one of Luang Prabang’s largest and most richly decorated temples. Both its interior and exterior are extensively adorned with black and red lacquer decoration and gold leaf. The temple, also known as Wat Mai, meaning “new temple” was founded around 1780 by King Anurat of the Lu', 'ACTIVE', NOW());
INSERT INTO itineraries (id, tour_id, title, level, description, status, created_at)
VALUES (583, 24, 'Day 8: Luang Prabang — Waterfall', 'moderate', 'LUANG PRABANG - KUANG SI WATERFALLS
After breakfast, visit the local Phosy Market. Then travel by vehicle to the beautiful Tad Kuang Si Waterfalls, stopping on the way to visit Hmong and Khamu villages. Hmong and Khamu villages have different structures and ways of life; here, we can learn about their traditions and the differences between Lao, Khamu and Hmong culture. 
PHOSY MARKET
Phosy Market is by far the biggest market in Luang Prabang. There are several hundred merchants of all kinds proposing a large variety of products.
KUANG SI WATERFALL AND BEAR RESCUE CENTER
Kuang Si Waterfall is the biggest waterfall in the Luang Prabang area with three tiers leading to a 50-meter drop into spectacular azure pools before flowing downstream. The pools also make great swimming holes and are very popular with both tourists and locals. Visit the Bear Rescue Center in the Kuang Si Waterfall.
Overnight in Luang Prabang(B,L)', 'ACTIVE', NOW());
INSERT INTO itineraries (id, tour_id, title, level, description, status, created_at)
VALUES (584, 24, 'Day 9: Luang Prabang — Cave', 'moderate', 'LUANG PRABANG – PAK OU CAVES - NONG KHIAW 
Travel by boat to Pak Ou Caves and continue by vehicle to Nong Khiaw. Along the way, visit the village of Ban Nayang, which is famous for its traditional cotton weaving. After visiting Ban Nayang, continue to Nong Khiaw, located on the shores of the Nam Ou River.
 PAK OU CAVE
One of the most respected holy sites in Lao; Pak Ou Caves have a history dating back thousands of years. Packed with over 4,000 Buddha icons, the caves, a shrine to the river spirit and Lord Buddha, are set in a dramatic limestone cliff at the point where the Mekong joins the Nam Ou River. There are two caves to visit, the lower cave called Tham Ting and the upper cave Tham Theung, both boasting miniature Buddhist figures that are mostly made from wood. 
BAN NAYANG
Almost every household has its own weaving loom where families create beautiful scarves, tablecloths, and ornate wall hangings. The art of cotton weaving in Ban Nayang has been passed from generation to generation for almost 300 years. The local population at Ban Nayang belongs to the Tai Lue (Lü) ethnic group, which migrated to this area from the Yunnan Province during the 18th century. In Yunnan, the Tai Lue are officially part of the Dai ethnic group.
Overnight in Nong Khiaw(B,L)

Distance: 130 km / 3-4 hrs', 'ACTIVE', NOW());
INSERT INTO itineraries (id, tour_id, title, level, description, status, created_at)
VALUES (585, 24, 'Day 10: Nong Khiaw Trekking — Cave', 'challenging', 'NONG KHIAW TREKKING
EASY TREK: 
Tham Pha Tok Cave hike (3 km), bike-tour or hike to a nearby cave, which was used as a shelter for up to 2000 people during the Indochina wars of the 1960-70; a historically interesting site well worth a visit. A short walk away from the cave, you can see and visit the former ‘people''s bank’, a deep cavernous complex, bombproof deep in the mountain. The very narrow spiral walkway down into the mountain leads you to different chambers and vaults of this unique place. (Not recommended for claustrophobic people!)
MEDIUM TREK:
Mountainview Trek, 3-4 hrs. steep trails
This is a short and steep trek to the top of the second highest point overlooking Nong Khiaw.  We’ll ascend about 400 m (1300 ft.) on a trail that’s 1.8 km long. The short and adventurous trail takes us into the jungle and ancient high altitude forests surrounding the town. On a clear day, you can see as far as 20 km to the northern mountains of Muang Ngoi area. Nong Khiaw is known for its beautiful mountainous jungle landscape. If you come with limited time and can walk steep up and down then that’s a great and short adventure to take home!
Total tour duration 4 hours; walking up 1.5 hours, snack at the top, then 1.5 hours down.
DIFFICULT TREK:
''Wow,wow,wow...'' is what the first travelers said after coming back from this simply amazing waterfall hike and river trip! (Note: difficult, slippery walking, no trails & railings.)
Starting the day with a peaceful boat ride on the Nam Ou River to explore a small Lao village along the river side before heading into the waterfalls. Learn about their way of life along this river! Walking through small streams and rice paddies you arrive at the bottom of the 100 waterfalls which have been first explored in October 2008! The next few hours you will see only water and jungle and hear the sound of clear waterfall cascades. The pools around you are very inviting for a refreshing splash. Your guide will lead you through the cascades and prep', 'ACTIVE', NOW());
INSERT INTO itineraries (id, tour_id, title, level, description, status, created_at)
VALUES (586, 24, 'Day 11: Nong Khiaw — Boat', 'moderate', 'NONG KHIAW – BY BOAT TO MUANG KHUA – OUDOMXAY
The boat ride from Nong Khiaw to Muang Khua offers several highlights. The Nam Ou River is one of the most important rivers of Laos and offers some of the most stunning scenery. The river runs 448 km from Phongsaly in Northern Laos to Luang Prabang where it merges with the Mekong River. On board the traditional Lao Longtail Boat, the journey continues slowly upriver which allows you to take in the view and relax along the way. The boat will pass by many remote villages, rugged mountain terrain and impressive limestone cliffs. 
Stop at a few of the villages, most of which are only accessible by boat and offer a unique look into traditional daily village life along the river. For lunch, stop on a remote sandbank and can enjoy a fish BBQ, prepared by the boat crew and your guide. An excellent way to experience local life and food!
At the end of the journey, arrive at Muang Khua and transfer to a vehicle, then continue to Oudomxay, and check-in to your resort.
Overnight in Namkat Resort (B,L)

4-5 hrs. by boat / By vehicle distance: 120 km / 3,5 hrs', 'ACTIVE', NOW());
INSERT INTO itineraries (id, tour_id, title, level, description, status, created_at)
VALUES (587, 24, 'Day 12: Namkat Resort — Exploration', 'moderate', 'NAMKAT RESORT – CHOOSE YOUR OWN ACTIVITIES
Activities of choice ( not included)
https://www.namkatyorlapa.com/namkat/activities
Overnight in Namkat Resort (B)', 'ACTIVE', NOW());
INSERT INTO itineraries (id, tour_id, title, level, description, status, created_at)
VALUES (588, 24, 'Day 13: Namkat Resort — Exploration', 'moderate', 'NAMKAT RESORT - OUDOMXAY - PAKBENG
Overland transfer via Oudomxay to Pakbeng, a small town located on the banks of the upper Mekong river. Several stops will be made to encounter the local rural life of Lao people and different ethnic tribes. Lunch at a local basic restaurant before arriving in Pakbeng town.
Overnight in Pakbeng (B,L)

Distance: 150 km / 4 hrs', 'ACTIVE', NOW());
INSERT INTO itineraries (id, tour_id, title, level, description, status, created_at)
VALUES (589, 24, 'Day 14: Pakbeng — Boat', 'moderate', 'PAKBENG – BY BOAT TO HUAY XAI / BORDER THAILAND

PRIVATE CHARTER SLOW BOAT (alternative by Shompoo or Le Grand Pak Beng Cruise)
After breakfast, depart by slow boat from Pakbeng to Huay Xai. Visit local villages and enjoy the Mekong River view along the way. Local lunch is served on board. The boat arrives in Huay Xai before 17:00. 
Transfer to the Lao-Thai Friendship Bridge 4. Handover to the Thai guide and continue the journey in Thailand. (B,L)

Distance:  approx. 130 km / 7-8 hrs

— END OF SERVICES —', 'ACTIVE', NOW());

-- ===== CHICKEN RUN
PHOU LUANG TAI [BIKINGCYCLING (30)] =====
INSERT INTO destinations (id, country_id, name, status, created_at) VALUES (25, 1, 'Dirt Road Cycling and Trekking adventure with Home', 'ACTIVE', NOW()) ON DUPLICATE KEY UPDATE name=VALUES(name);
INSERT INTO tours (
    id, destination_id, sku, title, duration, price,
    summary, hightlight, included, not_included, status, created_at
) VALUES (
    25, 25, NULL, 'Chicken Run
Phou Luang Tai',
    '1 DAY', 115,
    'LUANG PRABANG -CHOMPHET -PHOU LUANG TAI -  PRABANG', 'UNESCO World Heritage town of Luang Prabang
Live with the Locals
Dirt Road Cycling
Community Based Tourism / Sustainable Tourism',
    'All hotels, as mentioned in the tour details
Meals as per itinerary
On each trip, guests are allowed to dine independently, allowing them to discover a location on their own. Your guides are happy to make recommendations you should desire.
A Van support that follows throughout the trip and carries all belongings (6-10 Pax 2 vans, 11-15 Pax) and train tickets
Bike with helmet
Expert Trip Leader(s) who look after your every need (2 guides are provided at 8 pax see supplement )
Refreshments & mineral water while cycling
Entrance fees to historic sites, museums, and temples as in the itinerary', 'All hotels, as mentioned in the tour details
Meals as per itinerary
On each trip, guests are allowed to dine independently, allowing them to discover a location on their own. Your guides are happy to make recommendations you should desire.
A Van support that follows throughout the trip and carries all belongings (6-10 Pax 2 vans, 11-15 Pax) and train tickets
Bike with helmet
Expert Trip Leader(s) who look after your every need (2 guides are provided at 8 pax see supplement )
Refreshments & mineral water while cycling
Entrance fees to historic sites, museums, and temples as in the itinerary',
    'ACTIVE', NOW()
);
INSERT INTO itineraries (id, tour_id, title, level, description, status, created_at)
VALUES (601, 25, 'Day 1: Luang Prabang — Trek', 'easy', 'LUANG PRABANG
Chomphet and Phou Luang Tai (L)

Today we Cycle and trek in Chomphet district across the river from the main Unesco zone of Luang Prabang. We start with a boat downstream to the village Pak Long. From here we cycle to the village of Ban Som (12) and begin an uphill trek to Ban Phou Luang Tai and an extremely remote Hmong Community. It is a 6km trek taking approx. 3 hours.

The community is totally off the grid with no running water, no electricity and just a small primary school.  There are 35 families and  281 people. living a timeless existence perched on the mountainside.

The village is due to be relocated soon as part of the Lao Government''s commitment to providing all Lao citizens with access to clean water, electricity, health care and sanitation. From our conversations with the community, the families are all looking forward to a connected and healthier lifestyle. This traditional, symbiotic existence will soon become harder to see in Laos and Phou Luang Tai is an exquisite example of Community and Nature in harmony. Relocation is slated to begin in 2024.

After lunch in the village, trek back down the mountain, approx 90 minutes. We then ride a looping circuit of about 20 km medium biking on dirt roads with some hills and stream crossings. 

You''ll be well off the beaten path and into a side of Luang Prabang that few foreigners explore.  This village will soon be gone so this is a limited-time experience.

A professional guide accompanies you every step of the way.', 'ACTIVE', NOW());

-- ===== LUANG PRABANG - VANG VIENG [BIKINGCYCLING (30)] =====
INSERT INTO destinations (id, country_id, name, status, created_at) VALUES (26, 1, 'Luang Prabang', 'ACTIVE', NOW()) ON DUPLICATE KEY UPDATE name=VALUES(name);
INSERT INTO tours (
    id, destination_id, sku, title, duration, price,
    summary, hightlight, included, not_included, status, created_at
) VALUES (
    26, 26, NULL, 'Luang Prabang - Vang Vieng',
    '4 DAYS', 2026,
    'Embark on an unforgettable journey through Luang Prabang - Vang Vieng. Experience the authentic culture, stunning landscapes, and warm hospitality of Laos. Your expert guide will take you off the beaten path for a truly immersive adventure.', '• UNESCO World Heritage Sites
• Expert English-speaking guide
• Authentic cultural experiences
• Small group, private service
• All entrance fees included',
    '-All sightseeing as described in the program above
-Bike Rental, Helmets and Locks
-Transportation in Air conditioned van and a Hyundai truck 
- 3  Nights Accommodation in hotels (Twin or Double)
- English-speaking guide
 -Meals: B= breakfast, L= lunch
- Lao PDR governmental tax and service charge
- Luggage handling
- All Boat Transfers', '-All sightseeing as described in the program above
-Bike Rental, Helmets and Locks
-Transportation in Air conditioned van and a Hyundai truck 
- 3  Nights Accommodation in hotels (Twin or Double)
- English-speaking guide
 -Meals: B= breakfast, L= lunch
- Lao PDR governmental tax and service charge
- Luggage handling
- All Boat Transfers',
    'ACTIVE', NOW()
);
INSERT INTO itineraries (id, tour_id, title, level, description, status, created_at)
VALUES (626, 26, 'Day 1: Dirt — Boat', 'moderate', '50 km | Dirt & Gravel | Lunch & Dinner
Our adventure begins with a scenic boat crossing over the Mekong River to the peaceful Chomphet side of Luang Prabang. From here, we cycle along gentle dirt and gravel tracks through friendly villages, shady forests, and golden rice fields. With smiling locals, children playing, and buffalo resting in the fields, it feels like stepping into a storybook Laos.
We stop for lunch and a garden visit at the beautiful Green Jungle Park before continuing our ride to Kiao Niao Farmstead — a cosy eco-retreat surrounded by nature. After a delicious home-style dinner, we relax under the stars and enjoy the calm countryside evening.', 'ACTIVE', NOW());
INSERT INTO itineraries (id, tour_id, title, level, description, status, created_at)
VALUES (627, 26, 'Day 2: Breakfast — Waterfall', 'challenging', 'Breakfast, Lunch & Dinner
After a fresh farm breakfast, we trek to the stunning Kuang Si Waterfalls. Families can enjoy swimming in the bright turquoise pools, relaxing in the shade, or trying the newly built zipline (optional for thrill-seekers!). Lunch is at the View Café overlooking the falls.
On the way back, we visit the Lao Buffalo Dairy — a favourite for both kids and adults! Here you can feed and milk the buffalo, learn about their care, and enjoy tasty ice cream and cheese.
In the afternoon, we take the train to Vang Vieng. Your guide will then invite you for a sunset drink at the rooftop bar of Elephant Crossing Hotel, where hot-air balloons float gently over the valley — a perfect family photo moment.', 'ACTIVE', NOW());
INSERT INTO itineraries (id, tour_id, title, level, description, status, created_at)
VALUES (628, 26, 'Day 3: Gravel — Exploration', 'moderate', '35 km | Gravel | Breakfast & Lunch
Today is all about fun and water! We cycle easy gravel roads around Vang Vieng, stopping at the famous Blue Lagoons 1, 2, and 3. Each lagoon offers crystal-clear water, rope swings, and shady picnic spots — so don’t forget your swimming costumes!
It’s a relaxed, joyful day with plenty of time to swim, laugh, and enjoy the beautiful river scenery.', 'ACTIVE', NOW());
INSERT INTO itineraries (id, tour_id, title, level, description, status, created_at)
VALUES (629, 26, 'Day 4: Tarmac — Cave', 'moderate', '20 km | Tarmac | Breakfast & Lunch
After breakfast, we cycle to Kuang Yui Waterfall, hidden in an ancient forest. Here you can see some of Laos’ rarest and oldest trees, marked with orange blessing scarves 
Next, we ride to Tham Cham Cave, where you can float through the cave on an inner tube — an exciting and safe adventure for all ages. The nearby park offers tasty street food and a great river swimming area.
In the late afternoon, we return by train to Luang Prabang, ending our family adventure with wonderful memories.', 'ACTIVE', NOW());

-- ===== THE NORTHERN LOOP [BIKINGCYCLING (30)] =====
INSERT INTO destinations (id, country_id, name, status, created_at) VALUES (27, 1, 'Luang Prabang', 'ACTIVE', NOW()) ON DUPLICATE KEY UPDATE name=VALUES(name);
INSERT INTO tours (
    id, destination_id, sku, title, duration, price,
    summary, hightlight, included, not_included, status, created_at
) VALUES (
    27, 27, NULL, 'The Northern Loop',
    '4 DAYS', 1575,
    'The Classic Loop is an entry-level experience and can be shaped and honed for all riders, This excursion is a  great addition to an already existing tour and allows you to discover Laos at the perfect pace. 
The dramatic Karst Backdrop of Oudomxay province provides the canvas for a truly memorable ride. There are so many experiences packed into this shortish tour that your sense of wonder and adventure will be satisfied. form drifting along the mighty Mekong to zig-zagging downhill surrounded on either side by pristine forest. 
Nong Khiew is a delight with quiet riverside bars and restaurants and some unique trails and paths to rural communities untouched by tourism. 
The Northern Loop has everything!', 'Boat trip on Nam Ou
Spectacular Road Cycling 
Picnic Lunch on Slow Boat
Riverside Bungalows',
    'All sightseeing as described in the program above
Bike Hire, Helmets, Bags
3-night Village Homestay
1 Night Farmstay bungalow
English-speaking guide 
Entrance fees to the sights described above
Meals: B= breakfast, L= lunch, D= dinner
Lao PDR governmental tax and service charge
Luggage handling', 'All sightseeing as described in the program above
Bike Hire, Helmets, Bags
3-night Village Homestay
1 Night Farmstay bungalow
English-speaking guide 
Entrance fees to the sights described above
Meals: B= breakfast, L= lunch, D= dinner
Lao PDR governmental tax and service charge
Luggage handling',
    'ACTIVE', NOW()
);
INSERT INTO itineraries (id, tour_id, title, level, description, status, created_at)
VALUES (651, 27, 'Day 1: Slow Boat On The Mekong — Bike', 'moderate', 'SLOW BOAT ON THE MEKONG (L)
The bikes will be put on board while you prepare yourself for a soft-starting adventure in Northern Laos. Few people have had the opportunity to do this.  The boat meanders down the Mekong giving you plenty of time to get to know your guide, and learn about Laos and the road ahead. A Laos Style Picnic Lunch will be served on Board. Just Relax and enjoy the scenery
Overnight in Pakbeng', 'ACTIVE', NOW());
INSERT INTO itineraries (id, tour_id, title, level, description, status, created_at)
VALUES (652, 27, 'Day 2: Pakbeng To Oudomxay — Exploration', 'easy', 'PAKBENG TO OUDOMXAY(B)
After a brief transfer by vehicle, we’ll be cycling in very rural Laos, an area inhabited by hill tribe villagers who eke a meagre existence from the land. Along the way, you will pass villages of Phu Thai, Thai Lu, Hmong, Thai Dam, Lao and Khamu. The people are very friendly and not yet tired of seeing tourists. in the shade weaving on old looms. After climbing a 300-meter pass, a long descent brings you to Oudomxay the capital of the Oudomxay Province. From here we will transfer around the city and cycle along the Kat River to the resort haven of Namkat Yorla Pa Resort 
Distance Cycled: Approx 90 km
Difficulty: Comfortable
Overnight in Oudomxai', 'ACTIVE', NOW());
INSERT INTO itineraries (id, tour_id, title, level, description, status, created_at)
VALUES (653, 27, 'Day 3: Oudomxay — Exploration', 'moderate', 'OUDOMXAY- NONG KHIAW (B)
After a 1-hour uphill transfer, you will start cycling at an altitude of 1300 m. Enjoy the great views and the daily life in the Hmong villages dominating this region. A long descent will bring you to Pak Mong, where we will have lunch. From Pak Mong, you cycle over a small road into the karst, the scenic limestone mountains that surround Nong Khiaw. We stay overnight in a resort with fine views over the mountains and the Nam Ou River.
Accommodation; Nam Kat Yorla Pa 
Distance Cycled: 90-120 km
Difficulty Level: Challenging

Overnight in Nong Khiaw', 'ACTIVE', NOW());
INSERT INTO itineraries (id, tour_id, title, level, description, status, created_at)
VALUES (654, 27, 'Day 4: Nong Khiaw — Exploration', 'moderate', 'Nong Khiaw-Luang Prabang (B)
Today starts with a beautiful trip down the Nam Ou River before flatter and better roads will enable you to complete the longer distance to Luang Prabang. Only a few minor passes must be climbed before you ride along the banks of the Nam Ou River, with stunning views of colossal mountain ranges. The last stage takes you through teakwood plantations before arriving in Luang Prabang.
Distance Cycled: 80km
Difficulty Level: Comfortable', 'ACTIVE', NOW());

-- ===== MUDDY SPOKES VILLAGE EXPLORER [BIKINGCYCLING (30)] =====
INSERT INTO destinations (id, country_id, name, status, created_at) VALUES (28, 1, 'Dirt Road Cycling and Trekking adventure with Home', 'ACTIVE', NOW()) ON DUPLICATE KEY UPDATE name=VALUES(name);
INSERT INTO tours (
    id, destination_id, sku, title, duration, price,
    summary, hightlight, included, not_included, status, created_at
) VALUES (
    28, 28, NULL, 'Muddy Spokes Village Explorer',
    '5 days', 595,
    'LUANG PRABANG - BAN LONG LAO - NONG KHOUAY - HOUAY FAI - LUANG PRABANG', 'UNESCO World Heritage town of Luang Prabang
Villages and waterfalls
Live with the Locals
Dirt Road Cycling
Community-Based Tourism / Sustainable Tourism
Baci Ceremony',
    '-All sightseeing as described in the program above
-Bike Rental, Helmets and Locks
-Transportation in private a /c vehicles-
- 5 Nights Accommodation in hotels (Twin or Double)
- English-speaking guide
 -Meals: B= breakfast, L= lunch, D= dinner
- Lao PDR governmental tax and service charge
- Luggage handling
- All Boat Transfers
- Souvenir  Cycle Jersey', '-All sightseeing as described in the program above
-Bike Rental, Helmets and Locks
-Transportation in private a /c vehicles-
- 5 Nights Accommodation in hotels (Twin or Double)
- English-speaking guide
 -Meals: B= breakfast, L= lunch, D= dinner
- Lao PDR governmental tax and service charge
- Luggage handling
- All Boat Transfers
- Souvenir  Cycle Jersey',
    'ACTIVE', NOW()
);
INSERT INTO itineraries (id, tour_id, title, level, description, status, created_at)
VALUES (676, 28, 'Day 1: Luang Prabang — Waterfall', 'moderate', 'LUANG PRABANG - Chomphet Villages and Farmstay  (L,D)
Today, we cycle in the Chomphet district, across the river from the main UNESCO zone of Luang Prabang. From here, we cycle to the village of Pak Lueang, a short distance from Green Jungle Park. We will visit the Waterfall and the flower garden at the park. before cycling on the riverbank through villages that rarely see tourists. 
Cross the river on a local ferry and by bike continue to Kiao Niao Farmstay, a beautiful small resort surrounded by lush paddy fields, we will enjoy the evening with our hosts and learn all about rice farming.', 'ACTIVE', NOW());
INSERT INTO itineraries (id, tour_id, title, level, description, status, created_at)
VALUES (677, 28, 'Day 2: Luang Prabang — Waterfall', 'challenging', 'LUANG PRABANG - KUANG SI WATERFALLS - LONG LAO MAI (L, D)
We depart early from the farmstay for a short hike to Kuang Si Falls, we arrive before the crowds and have a chance for a bracing early morning swim. 
We start to trek to the top of the falls, and take a trail passing the azure blue Oasis pool through the jungle for 8.5 km to the Hmong and Khmu community of Long Lao Mai.
Ban Long Laos Village offers a unique glimpse of 3 dominant ethnicities living side by side, This Khmu village has grown since the end of the Civil war the government resettled Hmong Mountain people into the same area, it was hard at first for the two vastly different cultures to get to know each other, it took a visit from a wild Tiger in 1981 to fully unite the people. After the trek and Dinner with our Homestay families, we can toast some marshmallows and gaze at the starry sky.
Trek 14km
Overnight in Long Lao Mai', 'ACTIVE', NOW());
INSERT INTO itineraries (id, tour_id, title, level, description, status, created_at)
VALUES (678, 28, 'Day 3: Long Lao Mai — Trek', 'challenging', 'LONG LAO MAI - NONG KHOUAY (B,L,D)
Village life starts early with breakfast served at 7 am. Today we have a three-hour jungle trek through the valley to Nong Khouay. You can leave your devices in your backpack as the village is totally ‘Off the Grid’ the small central store is the meeting place and friendly villagers will be keen to meet you and learn about your home over a coffee or cold beer. That evening we can share thoughts and examine the experience and perhaps hear a story from ‘Grandpa’ a wise whitty village elder who loves making new friends.
Trek 9km


Overnight at Nong Khouay', 'ACTIVE', NOW());
INSERT INTO itineraries (id, tour_id, title, level, description, status, created_at)
VALUES (679, 28, 'Day 4: Nong Khuay — Bike', 'moderate', 'Nong Khuay - Houay Fai (B,L,D)
Back on the Bikes Today for a thrilling dirt road ride! The brake-screeching descent from Nong Khouay is the perfect wake-up. Then we continue on dirt roads through the farmland and jungle to the community of Houay Fai and another new family to befriend. 
This evening we receive a traditional  ‘Baci’ Ceremony, a village blessing which is given to say farewell to new friends and family.
Cycle 30km (Dirt Road)

Overnight in Houay Fai', 'ACTIVE', NOW());
INSERT INTO itineraries (id, tour_id, title, level, description, status, created_at)
VALUES (680, 28, 'Day 5: Houay Fai — Exploration', 'easy', 'Houay Fai-Luang Prabang (B)
Walk out of the Village to the shores of the Nam Khan River for a 2-hour Kayak trip back to the city of Luang Prabang.', 'ACTIVE', NOW());

-- ===== THE NORTHERN LOOP [BIKINGCYCLING (30)] =====
INSERT INTO destinations (id, country_id, name, status, created_at) VALUES (29, 1, 'Waterfalls Trek
Luang Prabang', 'ACTIVE', NOW()) ON DUPLICATE KEY UPDATE name=VALUES(name);
INSERT INTO tours (
    id, destination_id, sku, title, duration, price,
    summary, hightlight, included, not_included, status, created_at
) VALUES (
    29, 29, NULL, 'The Northern Loop',
    '5 DAYS', 950,
    'Embark on an unforgettable journey through The Northern Loop. Experience the authentic culture, stunning landscapes, and warm hospitality of Laos. Your expert guide will take you off the beaten path for a truly immersive adventure.', 'Boat trip on Nam Ou
Spectacular Road Cycling 
Picnic Lunch on Slow Boat
Riverside Bungalows
100 waterfall trek',
    'Drinking water, Soft drinks, and snacks whilst cycling, coffee and tea available 
All sightseeing as described in the program above
Transportation in   private vehicles with AC 
1 English-speaking guide per 8 pax
4 Accommodation in hotels or homestay  (twin shared)
Admission fees to sights described above
Meals: B= breakfast, L= lunch, D= dinner as stated in the itinerary
Lao PDR governmental tax and service charge
Luggage handling
Cycle rental, helmets (TREK Mountain Bikes )', 'Drinking water, Soft drinks, and snacks whilst cycling, coffee and tea available 
All sightseeing as described in the program above
Transportation in   private vehicles with AC 
1 English-speaking guide per 8 pax
4 Accommodation in hotels or homestay  (twin shared)
Admission fees to sights described above
Meals: B= breakfast, L= lunch, D= dinner as stated in the itinerary
Lao PDR governmental tax and service charge
Luggage handling
Cycle rental, helmets (TREK Mountain Bikes )',
    'ACTIVE', NOW()
);
INSERT INTO itineraries (id, tour_id, title, level, description, status, created_at)
VALUES (701, 29, 'Day 1: Slow Boat On The Mekong — Bike', 'moderate', 'SLOW BOAT ON THE MEKONG (L)
The bikes will be put on board while you prepare yourself for a soft-starting adventure in Northern Laos. Few people have had the opportunity to do this.  The boat meanders down the Mekong giving you plenty of time to get to know you guide , learn about Laos and the road ahead . A Laos Style Picnic Lunch will be served on Board . Just Relax and enjoy the scenery
Overnight in Pakbeng', 'ACTIVE', NOW());
INSERT INTO itineraries (id, tour_id, title, level, description, status, created_at)
VALUES (702, 29, 'Day 2: Pakbeng To Oudomxay — Exploration', 'moderate', 'PAKBENG TO OUDOMXAY(B,L)
After a brief transfer by vehicle, we’ll be cycling in very rural Laos, an area inhabited by hill tribe villagers who eke a meagre existence from the land. Along the way you will pass villages of Phu Thai, Thai Lu, Hmong, Thai Dam, Lao and Khamu. The people are very friendly and not yet tired of seeing tourists. We stop at weaving villages along the way, where you still see families sitting in the shade weaving on old looms. After climbing a 300 meter pass, a long descent brings you to Oudomxay the capital of the Oudomxay Province. 
Distance Cycled: Approx 90 km
Difficulty: Comfortable
Overnight in Oudomxai', 'ACTIVE', NOW());
INSERT INTO itineraries (id, tour_id, title, level, description, status, created_at)
VALUES (703, 29, 'Day 3: Oudomxay — Exploration', 'moderate', 'OUDOMXAY- NONG KHIAW (B,L)
After a 1 hour uphill transfer, you will start cycling at an altitude of 1300 m. Enjoy the great views and the daily life in the Hmong villages dominating this region. A long descent will bring you to Pak Mong, where we will have lunch. From Pak Mong, you cycle over a small  road into the karst, the scenic limestone mountains that surround Nong Khiaw. We stay overnight in a resort with fine views over the mountains and the Nam Ou River.

Distance Cycled: 90-120 km
Difficulty Level: Challenging
Overnight in Nong Khiaw', 'ACTIVE', NOW());
INSERT INTO itineraries (id, tour_id, title, level, description, status, created_at)
VALUES (704, 29, 'Day 4: Nong Khiaw — Waterfall', 'challenging', 'NONG KHIAW 100 WATERFALLS TREK (B,L)
Nam Ou River Cruise, 100 Waterfall Trek.
Start the day with a peaceful boat ride on the Nam Ou River. Along the way, you''ll be able to explore a small Lao village along the river. Then we''ll hike through small streams and rice paddies to reach the base of the 100 waterfalls. 
For the following few hours, you''ll see only water and jungle and hear the sound of clear waterfall cascades. Your guide will lead you through the cascades and prepare a local-style lunch on the falls in the middle of it all. 
A small villagers’ trail on the top of the 100 waterfalls will lead us back down into the valley, offering wide views over the landscapes of the Nam Ou valley along the way. Hiking back to the village, we will have more time to see the daily life.
Accommodation: Mandala Ou Bungalows
Overnight in Nong Khiaw', 'ACTIVE', NOW());
INSERT INTO itineraries (id, tour_id, title, level, description, status, created_at)
VALUES (705, 29, 'Day 5: Nong Khiaw — Exploration', 'moderate', 'Nong Khiaw-Luang Prabang (B,L)
Today start with a beautiful trip down the Nam Ou River before flatter and better roads will enable you to complete the longer distance to Luang Prabang. Only a few minor passes have to be climbed before you are riding along the banks of the Nam Ou River, with stunning views on huge mountain ranges. The last stage takes you through teakwood plantations before arriving in Luang Prabang.
Distance Cycled: 80km
Difficulty Level: Comfortable
Overnight in Luang Prabang', 'ACTIVE', NOW());

-- ===== SOUTHERN LOOP [BIKINGCYCLING (30)] =====
INSERT INTO destinations (id, country_id, name, status, created_at) VALUES (30, 1, 'Pakse  - Bolavean Loop', 'ACTIVE', NOW()) ON DUPLICATE KEY UPDATE name=VALUES(name);
INSERT INTO tours (
    id, destination_id, sku, title, duration, price,
    summary, hightlight, included, not_included, status, created_at
) VALUES (
    30, 30, NULL, 'Southern Loop',
    '5 DAYS', 1665,
    'Embark on an unforgettable journey through Southern Loop. Experience the authentic culture, stunning landscapes, and warm hospitality of Laos. Your expert guide will take you off the beaten path for a truly immersive adventure.', '• UNESCO World Heritage Sites
• Expert English-speaking guide
• Authentic cultural experiences
• Small group, private service
• All entrance fees included',
    'All hotels, as mentioned in the tour details
Meals as per itinerary
On each trip, guests are allowed to dine independently, allowing them to discover a location on their own. Your guides are happy to make recommendations you should desire.
A Van support that follows throughout the trip and carries all belongings (6-10 Pax 2 vans, 11-15 Pax)
Bike with helmet
Expert Trip Leader(s) who look after your every need (2 guides are provided at 8 pax see supplement )
Refreshments & mineral water while cycling
Entrance fees to historic sites, museums, and temples as in the itinerary', 'All hotels, as mentioned in the tour details
Meals as per itinerary
On each trip, guests are allowed to dine independently, allowing them to discover a location on their own. Your guides are happy to make recommendations you should desire.
A Van support that follows throughout the trip and carries all belongings (6-10 Pax 2 vans, 11-15 Pax)
Bike with helmet
Expert Trip Leader(s) who look after your every need (2 guides are provided at 8 pax see supplement )
Refreshments & mineral water while cycling
Entrance fees to historic sites, museums, and temples as in the itinerary',
    'ACTIVE', NOW()
);
INSERT INTO itineraries (id, tour_id, title, level, description, status, created_at)
VALUES (726, 30, 'Day 1: Distance — Waterfall', 'moderate', 'Distance: ≈52 km | Ascent: +900 m | Descent: −120 m | End Elevation: ≈1,250 m
Your adventure begins! Depart from the bustling streets of Pakse and embark on a steady, invigorating climb onto the majestic Bolaven Plateau. The air grows progressively cooler and cleaner as you gain elevation.
Along the way, indulge your senses with stops at fragrant local coffee farms where you can witness the bean-to-cup process. Be awestruck by the sheer power and beauty of dramatic waterfalls such as the towering Tad Fane, plunging into a gorge, and the cascading brilliance of Tad Yueng.
Finally, arrive in Paksong, proudly known as the “Coffee Capital of Laos.” Unwind and feel the day''s exertion melt away in the crisp, rejuvenating highland air.
Overnight in Paksong.', 'ACTIVE', NOW());
INSERT INTO itineraries (id, tour_id, title, level, description, status, created_at)
VALUES (727, 30, 'Day 2: Distance — Waterfall', 'moderate', 'Distance: ≈75 km | Ascent: +450 m | Descent: −1150 m | End Elevation: ≈700 m
Start the day riding east through the undulating plateau before beginning a long, spectacular descent toward Salavan Province. Pedal past vibrant, lush farms and through sleepy rural villages, catching glimpses of traditional Lao life.
Pause for sweeping, breathtaking views of the impressive Tad Suong waterfall and browse the colourful, lively local markets. The day concludes as you roll into the idyllic Tad Lo Village, a true oasis where the sight of gentle elephants and the soothing sound of rushing waterfalls set an instantly tranquil scene.
 Overnight at Tad Lo.', 'ACTIVE', NOW());
INSERT INTO itineraries (id, tour_id, title, level, description, status, created_at)
VALUES (728, 30, 'Day 3: Distance — Exploration', 'moderate', 'Distance: ≈80  km  (30km Transfer) | Ascent: +800 m | Descent: −920 m | End Elevation: ≈250 m
Enjoy a truly scenic day of riding along gently winding roads framed by dense, emerald forested hills. You''ll pass through the small town of Thateng before following the road as it descends into the enchanting frontier of Xekong Province—a region celebrated as one of the most pristine and least-visited corners of Laos. This leg offers a deep dive into authentic, untouched Southern Laos.
Overnight in Xekong Town.', 'ACTIVE', NOW());
INSERT INTO itineraries (id, tour_id, title, level, description, status, created_at)
VALUES (729, 30, 'Day 4: Distance — Exploration', 'moderate', 'Distance: ≈70  km  (50km Transfer)| Ascent: +1050 m | Descent: −800 m | End Elevation: ≈400 m
Today, your route takes you deeper into the wild heart of Southern Laos, heading toward the majestic, protected wilderness of Xe Pian National Park. Anticipate a day of gentle, rolling climbs interspersed with long stretches through remote, peaceful villages. Keep a keen eye out—this area is renowned for exciting sightings of diverse forest wildlife.
A section 
Overnight near Xe Dian (inside or close to the National Park).', 'ACTIVE', NOW());
INSERT INTO itineraries (id, tour_id, title, level, description, status, created_at)
VALUES (730, 30, 'Day 5: Distance — Temple', 'easy', 'Distance: ≈140 km | Ascent: +1188 m | Descent: −1333 m | End Elevation: ≈130 m
Your final day is a grand finale as you begin your rewarding journey back toward the immense Mekong River. The cultural highlight awaits with a stop in charming Champasak Town. Here, you will explore the awe-inspiring UNESCO World Heritage Site of Wat Phou, an ancient, exquisitely preserved Khmer temple complex offering sweeping, magnificent valley views from its upper terraces.
Our final stretch of road is a smooth, easy ride into the bustling border city of Pakse and a comfortable hotel.', 'ACTIVE', NOW());

-- ===== LUANG PRABANG - VANG VIENG [BIKINGCYCLING (30)] =====
INSERT INTO destinations (id, country_id, name, status, created_at) VALUES (31, 1, 'Luang Prabang - Vang Vieng', 'ACTIVE', NOW()) ON DUPLICATE KEY UPDATE name=VALUES(name);
INSERT INTO tours (
    id, destination_id, sku, title, duration, price,
    summary, hightlight, included, not_included, status, created_at
) VALUES (
    31, 31, NULL, 'Luang Prabang - Vang Vieng',
    '6 days', 1300,
    'Embark on an unforgettable journey through Luang Prabang - Vang Vieng. Experience the authentic culture, stunning landscapes, and warm hospitality of Laos. Your expert guide will take you off the beaten path for a truly immersive adventure.', '• UNESCO World Heritage Sites
• Expert English-speaking guide
• Authentic cultural experiences
• Small group, private service
• All entrance fees included',
    'All hotels, as mentioned in the tour details
Meals as per itinerary
On each trip guests are allowed to dine on their own so that they discover a location independently. Your guides are happy to make recommendations you should desire.
A Van support that follows throughout the trip and carries all belongings (6-10 Pax 2 vans, 11-15 Pax)
Bike with helmet
Expert Trip Leader(s) who look after your every need (2 guides are provided at 8 pax see supplement )
Refreshments & mineral water while cycling
Entrance fees to historic sites, museums, temples as in the itinerary', 'All hotels, as mentioned in the tour details
Meals as per itinerary
On each trip guests are allowed to dine on their own so that they discover a location independently. Your guides are happy to make recommendations you should desire.
A Van support that follows throughout the trip and carries all belongings (6-10 Pax 2 vans, 11-15 Pax)
Bike with helmet
Expert Trip Leader(s) who look after your every need (2 guides are provided at 8 pax see supplement )
Refreshments & mineral water while cycling
Entrance fees to historic sites, museums, temples as in the itinerary',
    'ACTIVE', NOW()
);
INSERT INTO itineraries (id, tour_id, title, level, description, status, created_at)
VALUES (751, 31, 'Day 1: We Begin Our Journey By Crossing The Mekong River To Explore The Lesser — Exploration', 'moderate', 'We begin our journey by crossing the Mekong River to explore the lesser-seen Chomphet side of Luang Prabang. The ride follows a mix of dirt and gravel tracks, weaving through rustic villages, serene forest patches, and rice fields. With fewer tourists and plenty of local life unfolding along the way, this ride feels like a step back in time. We finish at Kiao Niao Farmstead, a charming eco-retreat surrounded by greenery, where we enjoy a hearty dinner and a quiet night under the stars.', 'ACTIVE', NOW());
INSERT INTO itineraries (id, tour_id, title, level, description, status, created_at)
VALUES (752, 31, 'Day 2: After A Farm Breakfast — Exploration', 'moderate', 'After a farm breakfast, we ride towards the emerald cascades of Kuang Si Falls, one of Laos’ most iconic natural wonders. A refreshing dip in the turquoise pools makes for the perfect mid-ride pause. From here, we continue through scenic countryside tracks towards Muang Nan. Later in the afternoon, we transfer by vehicle to Kasi, saving our legs for the climbs to come.', 'ACTIVE', NOW());
INSERT INTO itineraries (id, tour_id, title, level, description, status, created_at)
VALUES (753, 31, 'Day 3: Today — Exploration', 'moderate', 'Today’s route is smoother, with stretches of brand-new tarmac guiding us deeper into the Lao countryside. The ride feels peaceful and steady, with gentle rolling hills, mountain vistas, and friendly village encounters. We arrive in Muang Met, a quiet town set among farmland and forested hills, perfect for a restful overnight.', 'ACTIVE', NOW());
INSERT INTO itineraries (id, tour_id, title, level, description, status, created_at)
VALUES (754, 31, 'Day 4: A Big Day Of Adventure Awaits As We Tackle Remote Gravel Roads Leading To Muang Fuang — Boat', 'moderate', 'A big day of adventure awaits as we tackle remote gravel roads leading to Muang Fuang. The route features a serious climb, but the reward is worth every turn of the pedal: sweeping views of limestone cliffs, untouched valleys, and a sense of raw wilderness. This is the kind of cycling day that defines the journey — challenging, but truly memorable.  We will arrange drinks on a boat for sunset on the Nam Lik River', 'ACTIVE', NOW());
INSERT INTO itineraries (id, tour_id, title, level, description, status, created_at)
VALUES (755, 31, 'Day 5: Today — Cave', 'moderate', 'Today, we start with a loop around the mountains and a short hike to the viewpoint overlooking the river. We continue on a rugged mix of gravel and patchy tarmac roads, winding our way toward the vibrant town of Vang Vieng. The landscape changes dramatically, with towering karst mountains rising sharply from the valleys. Arriving in Vang Vieng, we’re welcomed by its riverside setting, dramatic scenery, and a more lively atmosphere — the perfect contrast after days in the wild. We will arrive with plenty of time to explore some of the cave complexes close to the town', 'ACTIVE', NOW());
INSERT INTO itineraries (id, tour_id, title, level, description, status, created_at)
VALUES (756, 31, 'Day 6: Our Final Day Offers A More Relaxed Pace — Exploration', 'moderate', 'Our final day offers a more relaxed pace. For those who wish, we cycle a scenic gravel loop around Vang Vieng, visiting quiet backroads and swimming holes along the Nam Song River. It’s a light, joyful ride that gives us time to soak in the beauty of the region before gathering for a farewell evening together', 'ACTIVE', NOW());

-- ===== LUANG PRABANG - VIENTIANE [BIKINGCYCLING (30)] =====
INSERT INTO destinations (id, country_id, name, status, created_at) VALUES (32, 1, 'Luang Prabang - Vientiane', 'ACTIVE', NOW()) ON DUPLICATE KEY UPDATE name=VALUES(name);
INSERT INTO tours (
    id, destination_id, sku, title, duration, price,
    summary, hightlight, included, not_included, status, created_at
) VALUES (
    32, 32, NULL, 'Luang Prabang - Vientiane',
    '7 days', 1575,
    'Embark on an unforgettable journey through Luang Prabang - Vientiane. Experience the authentic culture, stunning landscapes, and warm hospitality of Laos. Your expert guide will take you off the beaten path for a truly immersive adventure.', '• UNESCO World Heritage Sites
• Expert English-speaking guide
• Authentic cultural experiences
• Small group, private service
• All entrance fees included',
    '● All sightseeing as described in the program above 
● Transportation in private a /c vehicles 1 Minivan  1-5 pax, 2 Minivan  6-10 Pax  11 + 2 minivans and a truck for bicycles 
● Accommodation in hotels (twin/double shared )
● English speaking guide  (2 guides advisable at 8pax)
● Water Taxi 
● Admission fees to sights described above 
● Meals: B= breakfast, L= lunch 
● Lao PDR governmental tax and service charge 
● Luggage handling 
● Cycle hire and Trek Marlin MTB Bikes 2023 /24 models  or  Merida Big9 ‘20  24/25 models', '● All sightseeing as described in the program above 
● Transportation in private a /c vehicles 1 Minivan  1-5 pax, 2 Minivan  6-10 Pax  11 + 2 minivans and a truck for bicycles 
● Accommodation in hotels (twin/double shared )
● English speaking guide  (2 guides advisable at 8pax)
● Water Taxi 
● Admission fees to sights described above 
● Meals: B= breakfast, L= lunch 
● Lao PDR governmental tax and service charge 
● Luggage handling 
● Cycle hire and Trek Marlin MTB Bikes 2023 /24 models  or  Merida Big9 ‘20  24/25 models',
    'ACTIVE', NOW()
);
INSERT INTO itineraries (id, tour_id, title, level, description, status, created_at)
VALUES (776, 32, 'Day 1: Our Guide Will Meet You Post — Temple', 'moderate', 'Our guide will meet you post-lunch at 13:00hrs at your hotel.
Begin the afternoon tour by cycling around the old quarter of Luang Prabang, starting at Heuan Chan Heritage House and after to Luang Prabang’s National Museum, formerly the Royal Palace. Displayed within is a collection of personal artefacts of the former Laotian Royal Family. Visit nearby Wat Mai – the five-tiered roof epitomizes the graceful Luang Prabang architectural style. Continue cycling along the Mekong River and stop at the hillside temple of Wat That Luang. Take a short walk and visit the ancient stupa called That Dam (the Black Stupa) before biking to Wat Visoun, the oldest living temple in Luang Prabang. Wat Visoun dates back to 1513 and contains antique wooden Buddha images. Continue along the Nam Khan River to Wat Xieng Thong – often considered Luang Prabang’s most elegant. The temple is characterised by tiered roofs sweeping low to the ground and the impressive “tree of life” mosaic. Before sunset, cycle back to your hotel on the town’s main street, stopping at Wat Sop and Wat Sen.
Meals: D
Cycling Distance: 12km / 7mi
Accommodation: Sala Prabang', 'ACTIVE', NOW());
INSERT INTO itineraries (id, tour_id, title, level, description, status, created_at)
VALUES (777, 32, 'Day 2: Our Main Destination For The Day Is The Hidden Waterfall — Waterfall', 'moderate', 'Our main destination for the day is the hidden waterfall, Kung Si. Tucked away between thick foliage, the famous waterfall feels like a secret. The aquamarine waters are tempting, so do carry your swimwear along.
On our way to the waterfalls, we stopped at Great Project (called the Laos Buffalo Dairy), a project designed to educate Rural communities about Animal Husbandry and basic animal health care. They rent the Cattle from the villagers to enable a secure income for the community and use the milk to create Cheese and Spectacular Ice Cream. Lunch is served picnic-style here, and there is also an opportunity to get an unforgettable ‘Buffalo Selfie’.
On arrival at the falls, hike to the top before bracing Crystal clear waters. We spend until the afternoon here and return to the town. Shopping for local delights can be great fun, so enjoy your shopping time for the day.
Today’s dinner is on your own. We suggest eating dinner at a street stall so you can dig into the local delicacies. Street stall so you can dig into the local delicacies. Lao food can be very meat-oriented. Chopped meat, chicken or duck are common, but there are plenty of options for vegetarians as well. Our recommendation is the light and tasty Tam Mak houng or papaya salad, which is made from sliced raw papaya, garlic, chilly, peanuts, sugar, fermented fish sauce and lime juice.

Meals: B,L
Cycling Distance: 30km / 18mi
Accommodation: Sala Prabang', 'ACTIVE', NOW());
INSERT INTO itineraries (id, tour_id, title, level, description, status, created_at)
VALUES (778, 32, 'Day 3: Laos — Exploration', 'easy', 'Laos, the "Land of a Million Elephants," offers us an unforgettable experience today. At The Elephant Village, an ethical sanctuary dedicated to animal welfare, we''ll walk alongside these magnificent creatures during a half-day jungle stroll, followed by a delicious lunch.
This afternoon, we switch gears, cycling on dirt roads through the scenic countryside of Xiang Ngern district. Along the way, we’ll visit Ban Huay Fai, a village of about 80 families, where we support a social enterprise producing bamboo cycling bottles. Through the Jungle Jar program, this initiative funds school dorms and helps young people continue their education.
Our dirt-road adventure continues to Xieng Ngern town before a short transfer brings us back to the city outskirts for a relaxing night at a luxurious resort.
Meals: B, L,D
Cycling Distance: 25km / 15mi
Accommodation: The Namkhan', 'ACTIVE', NOW());
INSERT INTO itineraries (id, tour_id, title, level, description, status, created_at)
VALUES (779, 32, 'Day 4: Immerse Yourself In The Spiritual Essence Of Luang Prabang Today — Market', 'easy', 'Immerse yourself in the spiritual essence of Luang Prabang today. Rise early at 5:30 AM to witness the serene almsgiving ceremony. Your guide will lead you away from the crowds to a local community for a more intimate experience of this heartfelt tradition, deeply rooted in the city’s culture.
Next, embark on a culinary journey, starting with local coffee and breakfast at the vibrant morning market. Explore unique ingredients, sample traditional Lao delicacies like Naem Khao, and embrace the warmth of authentic local hospitality. Visit nearby villages to observe traditional crafts such as weaving and Saa paper-making. End the experience with a lively pétanque game, complemented by refreshing Beerlao and local snacks.
In the afternoon, transfer to the high-speed train station for a 50-minute ride to Vang Vieng, Laos’ adventure capital.
Meals: B, L,D
Cycling Distance: 20km / 12mi
Accommodation: Bearlin Bungalows', 'ACTIVE', NOW());
INSERT INTO itineraries (id, tour_id, title, level, description, status, created_at)
VALUES (780, 32, 'Day 5: Today We Cycle The Dirt Road To The Peaceful And Secluded Blue Lagoon — Exploration', 'moderate', 'Today we cycle the dirt road to the peaceful and secluded Blue Lagoon 3 for a refreshing dip, the rest of the day is free to enjoy the vibe of the town.

Meals: B, L
Cycling Distance: 35km / 28mi
Accommodation: Bearlin Bungalows', 'ACTIVE', NOW());
INSERT INTO itineraries (id, tour_id, title, level, description, status, created_at)
VALUES (781, 32, 'Day 6: Departing From The Town At — Bike', 'moderate', 'Departing from the town at 7:30 am, we transfer early to Boat Actress, the lake leading to Thalat. In landlocked Laos, today''s ride sparks excitement about coastal life as we make our way to the ''sea of Laos,'' a 250 sq km artificial Lake Nam Ngum. A blissful 2-hour boat journey concludes in Thalat. Our cycling adventure then begins as we head southeast toward the national park.
As we mount our bikes, the landscape unfolds before us, revealing lush paddy fields that stretch out to the horizon. With each pedal stroke, we are treated to stunning vistas of the Phou Khao Khouay mountain range, creating a visual symphony of nature''s beauty.
Following a short 20km transfer to Ban Khune for lunch, an afternoon ride of 50km brings us to a luxurious resort hidden within the national park.
Meals: B,L, D
Cycling Distance: 70km / 43mi
Accommodation: Nam Pien Yorla Pa', 'ACTIVE', NOW());
INSERT INTO itineraries (id, tour_id, title, level, description, status, created_at)
VALUES (782, 32, 'Day 7: Enjoy An Extended Breakfast At The Resort And Take Some Time To Explore The Surroundings — Temple', 'easy', 'Enjoy an extended breakfast at the resort and take some time to explore the surroundings. Departure for the capital is scheduled for around 10:30 am, with a transfer back to route 10 and then riding south towards the capital.
Vientiane, nestled on the banks of the mighty Mekong River, beckons us as we approach it in the early afternoon, around 2 pm. With ample time on our hands before our farewell dinner, we seize the opportunity to immerse ourselves in the city''s rich cultural tapestry.
Our sightseeing adventure commences with an exploration of iconic landmarks, starting with the Patuxay monument—a remarMonumentchitectural homage to the Arc de Triomphe. If time allows, we''ll also have the opportunity to visit one of the majestic temples, Pha That Luang, bathed in the gentle afternoon light.
In the evening, we delve into the local rhythm of life by strolling along the bustling walking street that lines the riverside. The vibrant atmosphere envelopes us as we take in the sights and sounds of the city. To cap off our unforgettable journey, we indulge in a delectable local-style BBQ, savoring the flavors of Laos as we come together for our final meal, creating cherished memories to carry with us as we bid adieu to this remarkable adventure.

Meals: B,L,D
Cycling Distance: 60km / 37mi
Accommodation: La Seine Hotel', 'ACTIVE', NOW());

-- ===== JURASSIC LOOP
 A CAVE & KARST ODYSSEY [BIKINGCYCLING (30)] =====
INSERT INTO destinations (id, country_id, name, status, created_at) VALUES (33, 1, 'Jurassic Loop
 A Cave & Karst Odyssey', 'ACTIVE', NOW()) ON DUPLICATE KEY UPDATE name=VALUES(name);
INSERT INTO tours (
    id, destination_id, sku, title, duration, price,
    summary, hightlight, included, not_included, status, created_at
) VALUES (
    33, 33, NULL, 'Jurassic Loop
 A Cave & Karst Odyssey',
    '7 days', 2026,
    'Embark on an unforgettable journey through Jurassic Loop
 A Cave & Karst Odyssey. Experience the authentic culture, stunning landscapes, and warm hospitality of Laos. Your expert guide will take you off the beaten path for a truly immersive adventure.', 'Konglor Cave 
Dramatic Scenery 
Back Roads Cycling 
Natural Swimming Holes',
    'All sightseeing as described in the program above
Transportation in private a /c vehicles
Accommodation in hotels (twin shared/Double)
English-speaking guide 
Admission fees to sights described above
Meals: B= breakfast, L= lunch, D= dinner
Lao PDR governmental tax and service charge
Luggage handling
Cycle Hire, Helmets, Locks and Spares
Souvenir Cycle Jersey', 'All sightseeing as described in the program above
Transportation in private a /c vehicles
Accommodation in hotels (twin shared/Double)
English-speaking guide 
Admission fees to sights described above
Meals: B= breakfast, L= lunch, D= dinner
Lao PDR governmental tax and service charge
Luggage handling
Cycle Hire, Helmets, Locks and Spares
Souvenir Cycle Jersey',
    'ACTIVE', NOW()
);
INSERT INTO itineraries (id, tour_id, title, level, description, status, created_at)
VALUES (801, 33, 'Day 1: Our Journey Begins With A Morning Transfer To The Surreal Buddha Park — Bike', 'moderate', 'Our journey begins with a morning transfer to the surreal Buddha Park, where myth and sculpture meet in a fantastical display of devotion. After time to explore this quirky gem, we hop on our bikes and follow a scenic route through rural backroads and into the rising hills of Phou Khao Khouay.
Lunch awaits at the resort nestled in the forest. The afternoon is yours to soak in the peace, perhaps with a swim in the pool or a walk in the resort’s natural surroundings. The air here feels crisper, and the stars come out in full force.
Cycle: 55 km
Overnight in a jungle resort', 'ACTIVE', NOW());
INSERT INTO itineraries (id, tour_id, title, level, description, status, created_at)
VALUES (802, 33, 'Day 2: After A Peaceful Morning — Exploration', 'moderate', 'After a peaceful morning, we transfer deeper into Laos to Vieng Kham village. From here, our ride begins—meandering through remote settlements and into a landscape carved by time. Our destination is Rock Point, a jagged limestone forest bursting skyward like nature’s own fortress.
Before sunset, we’ll explore the remarkable Karst formations, followed by a local-style dinner with panoramic views over the spiny peaks.
Cycle: 35 km | Transfer: 3 hrs
Overnight in a Cabin with spectacular views', 'ACTIVE', NOW());
INSERT INTO itineraries (id, tour_id, title, level, description, status, created_at)
VALUES (803, 33, 'Day 3: Today — Cave', 'moderate', 'Today’s route cuts deep through a limestone valley to one of Laos’ most astonishing wonders—Kong Lor Cave. We trade bikes for wooden boats and enter a 7.5 km underground river, snaking through complete darkness, except for the light of your headlamp and occasional lit-up chambers filled with otherworldly stalactites.
After emerging into the remote hinterlands, we return through the cave and head to Silver River Resort. A light lunch by the water is followed by a peaceful kayaking trip to a jungle lagoon before transferring back to our base.
Cycle: 40 km | Kayak: 1.5 hrs
Overnight in a Cabin with spectacular views', 'ACTIVE', NOW());
INSERT INTO itineraries (id, tour_id, title, level, description, status, created_at)
VALUES (804, 33, 'Day 4: This Is A Day Of Descending Thrills And Natural Marvels — Cave', 'moderate', 'This is a day of descending thrills and natural marvels. A short transfer takes us to the mountain top, where we glide downhill through pristine forests. We’ll stop at the Cool Pool, an aquamarine gem perfect for a refreshing dip.
After lunch, we delve into the Dragon Cave, a cavernous hall dripping in stalagmites. A short climb rewards us with panoramic views before riding on to the border town of Lak Sao, humming with Vietnamese trade.
Cycle: 65 km 
Overnight in a local-style guesthouse', 'ACTIVE', NOW());
INSERT INTO itineraries (id, tour_id, title, level, description, status, created_at)
VALUES (805, 33, 'Day 5: Our Longest Day Begins From The Guesthouse — Exploration', 'moderate', 'Our longest day begins from the guesthouse, winding over the hills toward Nakai Reservoir. En route, we pause at mountainside Buddha carvings before descending into an eerie flooded forest, ghostly tree trunks standing sentinel over calm waters.
After a lakeside lunch, we roll onward to our peaceful resort beside the vast, mirror-like Nakai Lake. Time slows here as the sun dips behind the water’s edge.
Our guide can grill fresh fish overlooking the lake for our evening meal. 
Cycle: 65 km
Overnight in a Lakeside family resort', 'ACTIVE', NOW());
INSERT INTO itineraries (id, tour_id, title, level, description, status, created_at)
VALUES (806, 33, 'Day 6: Today — Cave', 'moderate', 'Today, we dive into a lush blend of waterfalls, caves, and riverside trails. We start from the resort and walk to Tad Song Sa, a tiered waterfall framed by jungle. After enjoying a smoothie at the top, we continue to Tham Nang Ene Cave, where playful colored lights highlight surreal rock formations.
Lunch is served by the Nam Hinboun River at Tha Falang, a spot popular with local picnickers. Our final ride takes quiet backroads into Thakek, a Mekong-side town with colonial charm and panoramic views of Thailand across the water.
Cycle: 49 km (22 + 27 km) 
Overnight in a Colonial-style Boutique hotel', 'ACTIVE', NOW());
INSERT INTO itineraries (id, tour_id, title, level, description, status, created_at)
VALUES (807, 33, 'Day 7: Our Final Ride Follows The Mekong River Before Veering Inland To Khoun Kong Leng Lake — Exploration', 'moderate', 'Our final ride follows the Mekong River before veering inland to Khoun Kong Leng Lake, a hidden, turquoise spring sacred to the locals. It’s the perfect final glimpse of Laos'' raw beauty.
After a farewell lunch, we board the van and begin our return journey to Vientiane, arriving in the capital just after dark, exhilarated and full of unforgettable memories.
Cycle: 50 km
Overnight in a Riverside Boutique hotel', 'ACTIVE', NOW());

-- ===== THE LAOS CLASSIC [BIKINGCYCLING (30)] =====
INSERT INTO destinations (id, country_id, name, status, created_at) VALUES (34, 1, 'Luang Prabang', 'ACTIVE', NOW()) ON DUPLICATE KEY UPDATE name=VALUES(name);
INSERT INTO tours (
    id, destination_id, sku, title, duration, price,
    summary, hightlight, included, not_included, status, created_at
) VALUES (
    34, 34, NULL, 'The Laos Classic',
    '7 days', 1450,
    'Embark on an unforgettable journey through The Laos Classic. Experience the authentic culture, stunning landscapes, and warm hospitality of Laos. Your expert guide will take you off the beaten path for a truly immersive adventure.', 'Boat trip on Nam Ngem
Trek to Kuang Si and visit a Hmong Village
Unesco World Heritage City Luang Prabang
Vang Vieng viewpoint climb and visit to the Blue Lagoon
Laos Wildlife Conservation Trust Visit',
    'All sightseeing as described in the program above
Transportation in private a /c vehicles
Accommodation in hotels (twin shared/Double)
English-speaking guide 
Admission fees to the sights described above
Meals: B= breakfast, L= lunch, D= dinner
Lao PDR governmental tax and service charge
Luggage handling
Cycle Hire, Helmets, Locks and Spares
Souvenir Cycle Jersey', 'All sightseeing as described in the program above
Transportation in private a /c vehicles
Accommodation in hotels (twin shared/Double)
English-speaking guide 
Admission fees to the sights described above
Meals: B= breakfast, L= lunch, D= dinner
Lao PDR governmental tax and service charge
Luggage handling
Cycle Hire, Helmets, Locks and Spares
Souvenir Cycle Jersey',
    'ACTIVE', NOW()
);
INSERT INTO itineraries (id, tour_id, title, level, description, status, created_at)
VALUES (826, 34, 'Day 1: Luang Prabang — Bike', 'moderate', 'Luang Prabang (L, D)
Meet your guide early in the morning and get sized up on one of our quality mountain bikes.  Ride a short distance to the Mekong River, where we''ll board a ferry to cross the river.  On this tour – our newest tour on the opposite side of the Mekong River – you’ll meet villagers, see animals roaming and try local snacks.  
We''ll ride a looping circuit of about 20km (3 hours), medium biking on dirt roads with some hills. There are very few tourists and no traffic.
Look back on Luang Prabang from the river. We then ride on gravel roads, passing rice fields and amazing views. We stop in a village, try local snacks, and observe the village life around us. We continue on single tracks, passing through farmlands and encountering animals. Ensure your camera is charged for all the stunning photos you will take.
We stop again in a village for cold drinks and to watch locals do their business. After exploring on single tracks a little longer, we hit the tarmac a short while to the ferry. We have lunch in a local restaurant near the ferry landing, and your guide is with you every step of the way. 
In the Evening over dinner at a great local vocational restaurant, we will discuss the ride ahead 

Overnight in Luang Prabang', 'ACTIVE', NOW());
INSERT INTO itineraries (id, tour_id, title, level, description, status, created_at)
VALUES (827, 34, 'Day 2: Kuang Si Waterfalls — Waterfall', 'easy', 'Kuang Si Waterfalls (B, L) Trek and Cycle
Start with a short transfer to the village of Long Lao,  a thriving Hmong community of around 80 families. The community manages an excellent 8km trail that finishes at the top of Kuang Si Falls. we can enjoy lunch and a swim in the crystal waters before cycling back to the city and stopping for an ice cream on the way. 

Elevation: +250 m  / -160 m 
Ride: 27 KM 
Trek: 8 KM

Overnight in Luang Prabang', 'ACTIVE', NOW());
INSERT INTO itineraries (id, tour_id, title, level, description, status, created_at)
VALUES (828, 34, 'Day 3: Luang Prabang To Kasi — Bike', 'moderate', 'Luang Prabang to Kasi (B, L, D)
A 2-hour transfer by Minivan brings you to Xieng Ngern. In the first part of this stage, you will cycle to Pong Dong Village, jump into the minivan and transfer to the top of the mountain for lunch and photo ops. Back on the bikes to enjoy the long descent into the valley of Kasi. 
First Section  Xieng Ngern - Pong Dong 37 km 
Elevations + 580 m - 320 m
Second Section  Viewpoint - Kasi   46.3 km 
Elevations  + 600 m  - 1,900 m
Overnight in Kasi', 'ACTIVE', NOW());
INSERT INTO itineraries (id, tour_id, title, level, description, status, created_at)
VALUES (829, 34, 'Day 4: Kasi — Cave', 'moderate', 'Kasi -Vang Vieng (B, L)
This day will be much easier, as we cover a shorter distance on gently rolling hills to Vang Vieng, which we''ll reach in time for lunch. In the afternoon, you can visit the Tham Xang or Tham Hoi caves, which are set among the dramatic scenery on the banks of the Nam Song River. Relax with a Lao beer and watch the sunset over the mountains you have just crossed.
If we make good time, we can have a dip. 
Ride: 60 KM,  Well-paved roads 
Elevations  + 460 m  - 630 m', 'ACTIVE', NOW());
INSERT INTO itineraries (id, tour_id, title, level, description, status, created_at)
VALUES (830, 34, 'Day 5: Vang Vieng — Cave', 'challenging', 'Vang Vieng (B, L)
In the morning, we take a vigorous and steep trek up Big Pha Ngern. This climb is fun and you are rewarded with spectacular views across the Song Valley, the trek is around 2.5-3 hours so we should be back in Vang Vieng by lunch In the afternoon, you can choose to visit the Tham Xang or Tham Hoi caves or perhaps venture a little further to Blue Lagoon 3 for a swim.
(Optional morning Hot Air Balloon ride. $150 per person ) 
Trek, 7 km
Ride, 35 km 
Overnight in Vang Vieng', 'ACTIVE', NOW());
INSERT INTO itineraries (id, tour_id, title, level, description, status, created_at)
VALUES (831, 34, 'Day 6: Vang Vieng — Boat', 'moderate', 'Vang Vieng - Nam Ngum Lakeside - Nam Pien Yorla Pa (B, L)
After Breakfast, transfer to the ‘sea of Laos’: the 250 square kilometres of artificial Lake Nam Ngum. A 2-hour boat ride brings us to our hotel to relax poolside. and enjoy the sunset over the Lake.
We will continue cycling on Route 10 on the south side of the national park. to the picturesque resort of NamPien Yorla Pa

Afternoon Ride 
Ride 80km 
Elevation +360 / -420
Overnight in Nam Pien Yorla Pa', 'ACTIVE', NOW());
INSERT INTO itineraries (id, tour_id, title, level, description, status, created_at)
VALUES (832, 34, 'Day 7: Nam Ngum To Vientiane — Exploration', 'easy', 'Nam Ngum to Vientiane (B,D)

We can check out later today so we can enjoy the amazing breakfast at the resort 
in the morning, we cycle to Laos Conservation Trust to visit the program there and learn about their mission to protect the endangered species of SE Asia, then you cycle through paddy fields with fine views in the Phou Khao Khouay mountain range before entering the capital city of Laos: Vientiane. 
You’ll ride through the suburbs on your way to the centre of this bustling, historical city situated along the bank of the Mekong. We will stop for a final Photo underneath the famous Patuxai Monument to commemorate the journey.
A Final Sindat meal on the banks of the Mekong to finish the trip with local flavour
Ride: 67 KM 
Elevation +170 / -170
Overnight in Vientiane', 'ACTIVE', NOW());

-- ===== VIENTIANE PEAKS AND PADDYFIELD LOOP [BIKINGCYCLING (30)] =====
INSERT INTO destinations (id, country_id, name, status, created_at) VALUES (35, 1, 'Vang Vieng', 'ACTIVE', NOW()) ON DUPLICATE KEY UPDATE name=VALUES(name);
INSERT INTO tours (
    id, destination_id, sku, title, duration, price,
    summary, hightlight, included, not_included, status, created_at
) VALUES (
    35, 35, NULL, 'Vientiane Peaks And Paddyfield Loop',
    '7 days', 1940,
    'Embark on an unforgettable journey through Vientiane Peaks and Paddyfield Loop. Experience the authentic culture, stunning landscapes, and warm hospitality of Laos. Your expert guide will take you off the beaten path for a truly immersive adventure.', 'Boat trip on Nam Ngem
Muang Fuang viewpoint hike and river cruise 
Vang Vieng  Blue Lagoon and  Water Caving 
Laos Wildlife Conservation Trust Visit',
    '-All sightseeing as described in the program above inc meditation program 
-Bike Rental, Helmets and Locks
-Travelling Yoga instructor 
-Transportation in private a /c vehicles-
- 7 Nights Accommodation in hotels (Twin or Double)
- English-speaking guide
 -Some Meals', '-All sightseeing as described in the program above inc meditation program 
-Bike Rental, Helmets and Locks
-Travelling Yoga instructor 
-Transportation in private a /c vehicles-
- 7 Nights Accommodation in hotels (Twin or Double)
- English-speaking guide
 -Some Meals',
    'ACTIVE', NOW()
);
INSERT INTO itineraries (id, tour_id, title, level, description, status, created_at)
VALUES (851, 35, 'Day 1: We Arrive In Vientiane And Meet Our Local Guide — Temple', 'moderate', 'We arrive in Vientiane and meet our local guide, ready to gear up with high-quality mountain bikes and dive into our Laotian adventure. Together, we’ll explore the capital’s cultural gems, including the grand Patuxay Monument and the gleaming golden That Luang temple and a visit to the Cope centre, a remarkable Place that openly discusses the issues of development in Laos and the struggles that continue in rural areas after the fallout of the secret war and a relentless 9 year bonbong campaign.
 As evening falls, we’ll gather for a delicious Lao-style feast along the banks of the Mekong River, where the journey ahead takes shape.

 Overnight in Vientiane', 'ACTIVE', NOW());
INSERT INTO itineraries (id, tour_id, title, level, description, status, created_at)
VALUES (852, 35, 'Day 2: Our Day Starts Early As We Head Out Toward The Rural Village Of Pak Chom — Exploration', 'moderate', 'Our day starts early as we head out toward the rural village of Pak Chom. From there, we saddle up and begin a scenic ride through lush countryside to Muang Fuang. After a tasty lunch and a few well-earned rest stops, we continue to our serene mountain resort, nestled among soaring karst cliffs, far from the noise of the riverside parties. 
In the evening, it is a short cycle to the shore to unwind at many bars along the Nam Lik Riverbanks.

Overnight in Muang Fuang', 'ACTIVE', NOW());
INSERT INTO itineraries (id, tour_id, title, level, description, status, created_at)
VALUES (853, 35, 'Day 3: We Take To The Gravel Trails Today — Boat', 'moderate', 'We take to the gravel trails today, riding a 25 km loop through the breathtaking Fuang Valley. We’ll climb up to the Pha Phou viewpoint, where sweeping views await, and the wind feels like freedom. For lunch, we’ll float down the Namlik River aboard a party boat—yes, a floating feast with music, laughter, and the chance to relax mid-river.
 Overnight in Muang Fuang', 'ACTIVE', NOW());
INSERT INTO itineraries (id, tour_id, title, level, description, status, created_at)
VALUES (854, 35, 'Day 4: After Breakfast — Exploration', 'moderate', 'After breakfast, we roll out toward Hinehup on a smooth, newly paved road. A short stretch on the expressway brings us to a stunning lakeside resort perched on the edge of Nam Ngum Lake. Once we’ve refuelled with lunch, we’ll grab kayaks and explore the nearby villages, gliding across calm waters, soaking in the tranquil beauty of this hidden gem.
Overnight in Tha Huae', 'ACTIVE', NOW());
INSERT INTO itineraries (id, tour_id, title, level, description, status, created_at)
VALUES (855, 35, 'Day 5: We Transfer To Vang Vieng This Morning To Face The Mighty Big Pha Ngern — Trek', 'challenging', 'We transfer to Vang Vieng this morning to face the mighty Big Pha Ngern. The trek is steep but oh-so-worth it—the panoramic views over Song Valley are simply breathtaking. After descending, we hop on our bikes and head for the famous Blue Lagoons 2 and 3, time to cool off in turquoise waters surrounded by jungle-clad cliffs. We return to the resort refreshed and exhilarated.
Overnight in Tha Huae', 'ACTIVE', NOW());
INSERT INTO itineraries (id, tour_id, title, level, description, status, created_at)
VALUES (856, 35, 'Day 6: This Day Is A Dream — Boat', 'moderate', 'This day is a dream. We begin with a peaceful two-hour boat ride across shimmering Nam Ngum Lake—watching the mountains rise, and reflections dance. After arriving at the shore, we make a short transfer before a 2-hour ride to our secluded retreat nestled on the edge of the national park. 
Tonight we sleep with the sounds of the jungle and trickling streams. 
Overnight in Nam Pien Yorla Pa', 'ACTIVE', NOW());
INSERT INTO itineraries (id, tour_id, title, level, description, status, created_at)
VALUES (857, 35, 'Day 7: Our Final Day Begins With A Visit To The Laos Conservation Trust — Exploration', 'easy', 'Our final day begins with a visit to the Laos Conservation Trust, where we meet the passionate people protecting the region’s endangered species. As we ride back to Vientiane, the countryside gives us one last show—vibrant rice paddies and the rugged beauty of Phou Khao Khouay in the distance. We call in at the Buddha park on the outskirts of the city. 
Back in the capital, we pause for photos at the Patuxay Monument and gather once more by the Mekong River for our closing meal. Together, we celebrate new friendships, incredible stories, and the adventure of a lifetime.


 Overnight in Vientiane', 'ACTIVE', NOW());

-- ===== WELLBEING AND YOGA [BIKINGCYCLING (30)] =====
INSERT INTO destinations (id, country_id, name, status, created_at) VALUES (36, 1, 'Day Journey In Search Of Inner Peace And Tranquillity


Luang Prabang', 'ACTIVE', NOW()) ON DUPLICATE KEY UPDATE name=VALUES(name);
INSERT INTO tours (
    id, destination_id, sku, title, duration, price,
    summary, hightlight, included, not_included, status, created_at
) VALUES (
    36, 36, NULL, 'Wellbeing And Yoga',
    '7 days', 1430,
    'Embark on an unforgettable journey through Wellbeing and Yoga. Experience the authentic culture, stunning landscapes, and warm hospitality of Laos. Your expert guide will take you off the beaten path for a truly immersive adventure.', 'Boat trip on Nam Ou
2 hour-long sessions of Yoga per day with our travelling Yoga Teacher 
Spectacular Road Cycling 
Monastery tour and guided Meditation 2 sessions 
Slow Boat on the Mekong 
Beautiful Riverside Bungalows and resorts 
AC Minivan in Support',
    'Drinking water Soft Drink, and snacks whilst cycling, coffee and tea available 
All sightseeing as described in the program above
Transportation in   private vehicles 1  x Minivan (AC) per 6 pax  one truck for bikes and luggage for tours over 12 pax  
1 English-speaking guide per 7 pax
8 Accommodation in hotels or homestay  (twin shared)
Admission fees to sights described above
Meals: B= breakfast, L= lunch, D= dinner as stated in the itinerary
Lao PDR governmental tax and service charge
Luggage handling
Cycle rental, helmets (TREK Mountain Bikes )', 'Drinking water Soft Drink, and snacks whilst cycling, coffee and tea available 
All sightseeing as described in the program above
Transportation in   private vehicles 1  x Minivan (AC) per 6 pax  one truck for bikes and luggage for tours over 12 pax  
1 English-speaking guide per 7 pax
8 Accommodation in hotels or homestay  (twin shared)
Admission fees to sights described above
Meals: B= breakfast, L= lunch, D= dinner as stated in the itinerary
Lao PDR governmental tax and service charge
Luggage handling
Cycle rental, helmets (TREK Mountain Bikes )',
    'ACTIVE', NOW()
);
INSERT INTO itineraries (id, tour_id, title, level, description, status, created_at)
VALUES (876, 36, 'Day 1: Luang Prabang City Bike Tour And Guided Meditation — Temple', 'easy', 'Luang Prabang City Bike Tour and Guided Meditation (L)
Our adventure begins early,  with a leisurely cycle through the sacred city, stopping by revered temples that hold centuries of wisdom to give alms to the Morning Monk Procession we return to the hotel for a light breakfast and a Yoga Session. Guided by our orange-robed instructors, immerse yourself in the mystique of monastic practices during an insightful temple tour. Prepare to embrace tranquillity as we gather for a one-hour guided meditation session, allowing you to find harmony amidst the serene surroundings.

Indulge in a delectable lunch at a local vocational training restaurant, a haven that empowers marginalized youth in the region. As our journey progresses, the breathtaking Mekong River beckons. Following our instructions, we''ll stroll along the Mekong''s edge, eventually joining a mesmerizing sunset cruise. Let the tranquil waters and vivid skies envelop you, marking the perfect culmination of a day filled with cultural exploration, inner reflection, and the sheer beauty of Luang Prabang. 

Yoga sessions 1-hour 
Meditation 1-hour 
Cycle 15 km 

Overnight in Luang Prabang', 'ACTIVE', NOW());
INSERT INTO itineraries (id, tour_id, title, level, description, status, created_at)
VALUES (877, 36, 'Day 2: Day Of Serenity And Adventure — Cave', 'moderate', 'Day of Serenity and Adventure: Embrace the Mekong''s Beauty(B, L)
Begin your day with a revitalising vinyasa flow yoga session, synchronising your breath with movement as the sun casts its early glow. Set against a serene backdrop, this invigorating practice prepares you for a day of exploration and tranquillity.
Embark on a cycling journey along the enchanting Mekong River. The gentle breeze and panoramic views accompany you as you pedal through quaint villages, lush landscapes, and traditional markets. The rhythmic cycling serves as a moving meditation, connecting you with the heartbeat of the land.
A picturesque boat ride awaits, guiding you to the sacred Pak Ou Caves. Nestled within towering limestone cliffs, these caves house thousands of Buddha statues, creating an awe-inspiring sanctuary. Immerse yourself in the hallowed grounds.
As the sun begins its descent, join us for a tranquil beach yoga session. Feel the soft sand beneath your feet as you engage in poses that harmonise your body and soul. 
Cycling 30km
Yoga 2 hour long sessions
Overnight in Pha An', 'ACTIVE', NOW());
INSERT INTO itineraries (id, tour_id, title, level, description, status, created_at)
VALUES (878, 36, 'Day 3: Serenity On The Nam Ou River And Adventure — Boat', 'moderate', 'Serenity on the Nam Ou River and Adventure(B, L)
Awaken your senses with a rejuvenating vinyasa yoga session on the tranquil beach, accompanied by the gentle caress of the cooling morning air. Let the rhythmic flow of your practice set the tone for another day of adventure and introspection.

Embark on a thrilling cycling expedition, covering 50 kilometres along the breathtaking Nam Ou River. Pedal through captivating landscapes, quaint villages, and scenic vistas. The journey is not just a physical endeavour, but a journey of connection with the land and yourself.
Indulge in the wonders of the Nam Ou Dam before embarking on a boat ride to the enchanting town of Nong Khiaw. Let the soothing ripples of the water and the stunning scenery guide you to this charming destination.
As the sun begins its descent, gather beneath the majestic limestone cliffs for an evening yoga session. The dramatic backdrop accentuates the serenity of your practice. 
Cycling 50km
Yoga 2 hour long sessions', 'ACTIVE', NOW());
INSERT INTO itineraries (id, tour_id, title, level, description, status, created_at)
VALUES (879, 36, 'Day 4: Waterfalls Trek — Waterfall', 'challenging', '100 waterfalls Trek (B,L)

After Morning Yoga Practice we will embark on a trekking expedition. Navigate through lush jungles, cascading streams, and rugged terrain as you journey to discover a hidden natural wonder. This trek takes you on an immersive adventure, passing by numerous waterfalls that cascade down dramatic cliffs. Traverse slippery rocks, climb bamboo ladders, and wade through crystal-clear pools. Each waterfall marks a triumph as you ascend higher into the breathtaking landscape. Feel the rush of adrenaline and the serenity of nature colliding, creating an unforgettable experience. Conquer the challenge, witness the mesmerizing falls, and create lasting memories on this daring exploration in the heart of Nong Khiaw. returning to the resort to unwind with a short evening yoga session 
Trek 3 hours 
No Cycling 
Yoga 2 hour long sessions', 'ACTIVE', NOW());
INSERT INTO itineraries (id, tour_id, title, level, description, status, created_at)
VALUES (880, 36, 'Day 5: Nong Khiaw — Bike', 'easy', 'Nong Khiaw - Nam Kat Yorla Pa Resort (B,L,D)
As the sun graces Nong Khiaw with its first rays, join us for a final invigorating Vinyasa yoga session, setting the tone for a day of remarkable exploration. After connecting body and mind, a thrilling adventure awaits.
We begin with a scenic 30-kilometer cycling journey from Nong Khiaw to Pakmong. Traverse picturesque landscapes, passing quaint villages and verdant fields. Every pedal stroke takes you closer to the heart of the province.
Transfer to a vantage point that offers a panoramic view from the roof of the province. Behold the sweeping vistas, an awe-inspiring testament to the natural beauty of Laos. Feel the harmony between the rugged terrain and your sense of adventure. We begin an exhilarating 30-kilometre descent on your bike, descending from the province''s roof into the vibrant city of Oudomxay. The wind rushes through your hair as you navigate this thrilling route, capturing the essence of freedom.
As the day gracefully evolves into the evening, relish a moment of calm during our sunset yoga session at the resort. Allow the serene atmosphere to guide your practice, embracing the tranquillity of dusk. Following your yoga session, indulge in a lavish local buffet dinner that celebrates the culinary richness of the region.

Yoga sessions 2-hour 
Cycle 60 km
Overnight in Namkat Yorla Pa Resort', 'ACTIVE', NOW());
INSERT INTO itineraries (id, tour_id, title, level, description, status, created_at)
VALUES (881, 36, 'Day 6: Nam Kat Yorla Pa Resort — Temple', 'moderate', 'Nam Kat Yorla Pa Resort- Pakbeng (B,L)
We continue our morning ritual and afternoon a healthy and energising yoga session we embark on the last cycle ride of our journey 
The route winds through lush landscapes, where emerald jungles and serene rivers create a picturesque backdrop. As you pedal along, the ever-changing panorama of rolling hills and verdant valleys unfolds before you, inviting you to savour each moment.
Cultural Encounters Along the Way: Engage with the heartwarming locals as you pass through quaint villages. Experience the genuine hospitality and authentic charm that Laos is renowned for, adding a layer of cultural enrichment to your journey.
Unveiling Hidden Gems: The route unveils hidden gems that encapsulate the essence of Laos, traditional markets, and ancient temples, each offering a unique glimpse into the country''s rich heritage.
Pakbeng''s Welcoming Embrace: Your adventure culminates in Pakbeng, a charming town on the banks of the Mekong River. 
Cycle 70km
Yoga sessions 2 hours 
Overnight in Pakbeng', 'ACTIVE', NOW());
INSERT INTO itineraries (id, tour_id, title, level, description, status, created_at)
VALUES (882, 36, 'Day 7: Slow Boat To Luang Prabang — Boat', 'moderate', 'Slow Boat to Luang Prabang 
After our final Yoga session of the tour, we step aboard the slow boat that cruises along the mighty Mekong River from Pak Beng to Luang Prabang. This leisurely journey promises a unique blend of serenity, panoramic vistas, and a deep connection with the heart of Laos.

Scenic Splendor Unveiled: Drift along the meandering Mekong, surrounded by breathtaking landscapes that transition from lush jungles to rugged cliffs. The unhurried pace of the boat allows you to immerse yourself in the tranquil beauty of the river''s banks and the ever-changing canvas of the horizon.
We end as we begin with a meditation session in a secluded monastery led by a senior Monk. 
Our cleansing quest for tranquillity in Laos is at an end. 
Overnight in Luang Prabang', 'ACTIVE', NOW());

-- ===== SOUTHERN LAOS [BIKINGCYCLING (30)] =====
INSERT INTO destinations (id, country_id, name, status, created_at) VALUES (37, 1, 'Champasak And Pakse', 'ACTIVE', NOW()) ON DUPLICATE KEY UPDATE name=VALUES(name);
INSERT INTO tours (
    id, destination_id, sku, title, duration, price,
    summary, hightlight, included, not_included, status, created_at
) VALUES (
    37, 37, NULL, 'Southern Laos',
    '8 days', 3895,
    'Embark on an unforgettable journey through Southern Laos. Experience the authentic culture, stunning landscapes, and warm hospitality of Laos. Your expert guide will take you off the beaten path for a truly immersive adventure.', '• UNESCO World Heritage Sites
• Expert English-speaking guide
• Authentic cultural experiences
• Small group, private service
• All entrance fees included',
    '● All sightseeing as described in the program above 
● Transportation in private a /c vehicles 1 Minivan  1-5 pax, 2 Minivan  6-10 Pax  11+ 2 minivans and a truck for bicycles 
● Accommodation in hotels (twin/double shared )
● English speaking guide  (2 guides advisable at 8pax)
● Water Taxi 
● Admission fees to sights described above 
● Meals: B= breakfast, L= lunch 
● Lao PDR governmental tax and service charge 
● Luggage handling 
● Cycle hire and Trek Marlin MTB  Bikes 2023 /24 models', '● All sightseeing as described in the program above 
● Transportation in private a /c vehicles 1 Minivan  1-5 pax, 2 Minivan  6-10 Pax  11+ 2 minivans and a truck for bicycles 
● Accommodation in hotels (twin/double shared )
● English speaking guide  (2 guides advisable at 8pax)
● Water Taxi 
● Admission fees to sights described above 
● Meals: B= breakfast, L= lunch 
● Lao PDR governmental tax and service charge 
● Luggage handling 
● Cycle hire and Trek Marlin MTB  Bikes 2023 /24 models',
    'ACTIVE', NOW()
);
INSERT INTO itineraries (id, tour_id, title, level, description, status, created_at)
VALUES (901, 37, 'Day 1: Nestled Along The Scenic Banks Of The Mekong River — Temple', 'moderate', 'Nestled along the scenic banks of the Mekong River, Pakse stands as a vibrant hub in Southern Laos, offering a captivating blend of natural beauty, cultural heritage, and modern amenities. As the capital of Champasak Province, Pakse exudes a laid-back charm, inviting visitors to explore its bustling markets, serene temples, and picturesque riverfront promenade. Renowned for its French colonial architecture, Pakse boasts an eclectic mix of traditional Laotian charm and contemporary influences. we can pick you up from the  Thai Border at Chongmek or Pakse Airport. 
No Cycling', 'ACTIVE', NOW());
INSERT INTO itineraries (id, tour_id, title, level, description, status, created_at)
VALUES (902, 37, 'Day 2: A Full Day Of Cycling Begins At Your Hotel In Pakse And Continues To The Village Of Ban Don Khor — Temple', 'easy', 'A full day of cycling begins at your hotel in Pakse and continues to the village of Ban Don Khor, known for its sandstone carvings and giant Buddha effigy in the temple at Wat Chomphet. Following this, the tour continues north to the weaving village of Ban Saphai before a boat crossing takes riders and their bikes to Don Kho Island for a picnic lunch. After lunch, we cross to the other side of the Mekong River and start a trail that winds through local villages up to the top of Mount Phusalao. After watching the sunset over Pakse and the Mekong River from the viewpoint on the top of the hill we continue to the city with a final stop at a bustling local market along the way.
Ride: 35 km Tarmac', 'ACTIVE', NOW());
INSERT INTO itineraries (id, tour_id, title, level, description, status, created_at)
VALUES (903, 37, 'Day 3: Prepare For An Exhilarating And Enchanting Cycling Expedition As We Journey Through Time — Temple', 'moderate', 'Prepare for an exhilarating and enchanting cycling expedition as we journey through time. Pedal along the smooth tarmac road, embracing the nostalgic allure of colonial Champasak en route to the awe-inspiring Wat Phu. This Khmer Hindu temple complex, with origins dating back to the 5th century, invites you to delve into a captivating exploration of ancient history and architectural magnificence. As you traverse the tranquil countryside, each pedal stroke brings you closer to uncovering the secrets of this remarkable UNESCO World Heritage Site.
Ride: 35 km

Ascent 40m descent 90m', 'ACTIVE', NOW());
INSERT INTO itineraries (id, tour_id, title, level, description, status, created_at)
VALUES (904, 37, 'Day 4: Today — Exploration', 'moderate', 'Today, we indulge in the delightful experience of island hopping as we traverse the Mekong''s enchanting archipelago. Our journey begins with a series of ferry crossings, allowing us to explore the hidden gems scattered across the river''s expanse. From Don Daeng Island, we embark on a leisurely morning ride, soaking in the serene surroundings. Then we catch the ferry to Ban Niet Ngong, where you''ll have the choice to either cycle or stroll to Phu Asa, a captivating site adorned with ancient stone towers. As the afternoon unfolds, we cross the Mekong''s waters to reach Don Khong, one of the region''s largest and most captivating islands,
Ride: 40 km', 'ACTIVE', NOW());
INSERT INTO itineraries (id, tour_id, title, level, description, status, created_at)
VALUES (905, 37, 'Day 5: Island Hopping Continues As We Ferry And Cycle Our Way From Don Khong To Don Som — Boat', 'moderate', 'Island hopping continues as we ferry and cycle our way from Don Khong to Don Som, Don Det, and finally Don Khone. Along the way, we pause for a moment of tranquillity, cruising by boat in hopes of catching a glimpse of the rare Irrawaddy dolphins.
Ride: 45 km

Ascent 80 m Descent 80m', 'ACTIVE', NOW());
INSERT INTO itineraries (id, tour_id, title, level, description, status, created_at)
VALUES (906, 37, 'Day 6: We Cycle On And Visit The Magnificent Phapeng Waterfalls Before Ascending To The Coffee — Waterfall', 'moderate', 'We cycle on and visit the magnificent Phapeng Waterfalls before ascending to the coffee-rich lands of the Bolaven Plateau. Indulge in a picturesque lunch stop at Tad Fane Waterfall before embarking on a scenic cycling route to our charming coffee resort.
Ride: 40 km

Ascent 80 m Descent 80m', 'ACTIVE', NOW());
INSERT INTO itineraries (id, tour_id, title, level, description, status, created_at)
VALUES (907, 37, 'Day 7: Today — Waterfall', 'moderate', 'Today''s ride takes us through serene countryside landscapes, as we pedal along quiet tarmac roads, passing quaint villages en route to Tha Teng. Pause for a captivating glimpse into the traditional coffee roasting process at a Katou village before descending to the enchanting Tad Lo Waterfalls. Our riverside overnight stay offers a refreshing opportunity to unwind and perhaps take a dip in the rejuvenating waters.
Ride: 30 km

Ascent 60 m Descent 40 m', 'ACTIVE', NOW());
INSERT INTO itineraries (id, tour_id, title, level, description, status, created_at)
VALUES (908, 37, 'Day 8: Bid Farewell To The Bolaven Plateau As We Navigate An Undulating Road — Waterfall', 'moderate', 'Bid farewell to the Bolaven Plateau as we navigate an undulating road, punctuated by unexpected delights, including a stop at the impressive Tad Pha Suam waterfall. Our journey culminates with a transfer to Pakse, where we gather for a memorable rooftop farewell dinner.
Ride: 57 km


Ascent  700m Descent  320m', 'ACTIVE', NOW());

-- ===== PAKSE- THAKEAK LOOP - VIENTIANE [BIKINGCYCLING (30)] =====
INSERT INTO destinations (id, country_id, name, status, created_at) VALUES (38, 1, 'Pakse- Thakeak Loop - Vientiane', 'ACTIVE', NOW()) ON DUPLICATE KEY UPDATE name=VALUES(name);
INSERT INTO tours (
    id, destination_id, sku, title, duration, price,
    summary, hightlight, included, not_included, status, created_at
) VALUES (
    38, 38, NULL, 'Pakse- Thakeak Loop - Vientiane',
    '8 DAYS', 2026,
    'Embark on an unforgettable journey through Pakse- Thakeak Loop - Vientiane. Experience the authentic culture, stunning landscapes, and warm hospitality of Laos. Your expert guide will take you off the beaten path for a truly immersive adventure.', 'Coffee Plantations and the Bolaven Plateau 
Wat Phu 
Tad Lo Waterfalls 
Four thousand Islands 
Water taxi to Don Khone',
    '- All sightseeing as described in the program above
- Transportation in private a /c vehicles
- All Accommodation in hotels (Twin or Double), Homestays and Guesthouses
- English-speaking guide
- Meals: B= breakfast, L= lunch, D= dinner as stated by each day''s itinerary
- Lao PDR governmental tax and service charge
- Luggage handling
- All Boat Transfers
- Airport Pick up
- Bike, Helmet Rental', '- All sightseeing as described in the program above
- Transportation in private a /c vehicles
- All Accommodation in hotels (Twin or Double), Homestays and Guesthouses
- English-speaking guide
- Meals: B= breakfast, L= lunch, D= dinner as stated by each day''s itinerary
- Lao PDR governmental tax and service charge
- Luggage handling
- All Boat Transfers
- Airport Pick up
- Bike, Helmet Rental',
    'ACTIVE', NOW()
);
INSERT INTO itineraries (id, tour_id, title, level, description, status, created_at)
VALUES (926, 38, 'Day 1: Pakse — Temple', 'moderate', 'Pakse - Salavan (B,L) 

Cycle on route 20 north into the lesser-travelled province of Salavan. We will call the  Forest temple at Wat Pa, Salavan is a quiet town with a lot of history as it was bombed heavily during the 2nd Indochina War.

Cycle 70 transfer 35 

https://www.komoot.com/tour/1435539174?ref=wtd&share_token=alK7foXY3luF5AQMAQ4P39jlu7NuNCINNJ4nStksmMspXX3RzA

Overnight in Salavan', 'ACTIVE', NOW());
INSERT INTO itineraries (id, tour_id, title, level, description, status, created_at)
VALUES (927, 38, 'Day 2: Salavan To Savannkhet — Exploration', 'moderate', 'Salavan to Savannkhet (B,L,D) 
Head east on the 15 through rural villages and coffee plantations. To meet the main road and transfer north to Savannakhet, arrive in the late afternoon. 
https://www.komoot.com/tour/1435544742?ref=wtd&share_token=af6BOtpC9R1CaDBwTvbE8V1Tw3DOs7PT3yqJ89qjvJiS0Aut8N
Cycle 70km Transfer 175km (4 hours)', 'ACTIVE', NOW());
INSERT INTO itineraries (id, tour_id, title, level, description, status, created_at)
VALUES (928, 38, 'Day 3: Savannakhet — Temple', 'easy', 'Savannakhet (B, L, D) 
This is the second largest city in Laos and has a rich colonial heritage. This city is destined to be a big tourist site in years to come. City tour around the old French quarter, making sure to see the street art and visit one of the many colonial style cafes Cycle along the Mekong visit the Bung Va Lake and have lunch at a stilted river restaurant. Visit the Museum and the Temples before a food tour exploring the night market. 

Cycle 45km', 'ACTIVE', NOW());
INSERT INTO itineraries (id, tour_id, title, level, description, status, created_at)
VALUES (929, 38, 'Day 4: Savannakhet — Exploration', 'easy', 'Savannakhet - Thakeak  (B,L,D) 

Transfer 110km to the town after lunch we are free to stroll or Cycle the city for the start of the loop', 'ACTIVE', NOW());
INSERT INTO itineraries (id, tour_id, title, level, description, status, created_at)
VALUES (930, 38, 'Day 5: The Loop Thakheak — Cave', 'moderate', 'The loop Thakheak - Nakai (B,L,D)

As soon as you leave Thakhek heading east on Route 12 you are in the midst of the karst mountains and jungle. (Karst describes landscapes made of soluble rock such as limestone and is prime territory for caves). It’s a fantastic sight. This portion of the trip is sometimes called “Cave Alley”

With so many possible caves to explore it can be daunting, which to choose from. I’ll give a summary and pictures here of each and you can read more about the individual caves on the separate pages devoted to them.
We will visit Falang swim hole, Elephant Cave and Buddha Cave 

Ride: 65km transfer 30', 'ACTIVE', NOW());
INSERT INTO itineraries (id, tour_id, title, level, description, status, created_at)
VALUES (931, 38, 'Day 6: Nakai — Boat', 'moderate', 'Nakai - Na Hin (B,L,D)
The Nakai Plateau is an interesting and unique place. Dead trees and water dominate the landscape here. If you have a spare day, hang out here and do a boat trip on the many waterways. If you’re interested, inquire at your guesthouse and they can arrange this for you. It’s a good quiet place to relax if that’s what you want
.
Dead trees will dominate the start of your drive today as you weave through the Nam Theun 2 Reservoir and a few small villages. There’s a stark beauty to the trees and their reflections in the water.

We will cycle the plateau and visit sites on the way inc Buddha statues and Cool Pool 

We will stay tonight at the Rock Viewpoint

Cycle 60km', 'ACTIVE', NOW());
INSERT INTO itineraries (id, tour_id, title, level, description, status, created_at)
VALUES (932, 38, 'Day 7: Konglor Cave — Cave', 'moderate', 'Konglor cave(B, L,D) 

A 40km cycle ride through a karst limestone valley to a 7km long water cave 
Getting into a long wooden boat (called a sampan) with an outboard motor, your guide will take you through 7.5 kilometres of an underground river as it twists and turns far below the earth’s surface until you emerge back into the daylight at a few remote villages. During the first part of the trip through the cave, you will stop at a short walking section where the jagged stalactites, stalagmites, and other cave features are illuminated. Otherwise, the cave is pitch black, lit only by your headlamp.

We can take the bikes through and cycle the other side and stay at Ban Natane before returning to our Resort. In Nahin

This is the highlight of the loop 

Cycle 60km', 'ACTIVE', NOW());
INSERT INTO itineraries (id, tour_id, title, level, description, status, created_at)
VALUES (933, 38, 'Day 8: Nahin — Temple', 'easy', 'Nahin -Veintiane (B,L,D)

Transfer to the city along the main road and arrive in the city at 280km, stopping on the riverside for lunch at Paksan. We will arrive in the Capital at around 33 pm, and if time permits us can visit the Buddha Park.

We will take an evening ride around the capital, visiting the major attractions, Patuaxay  Arch and That Luang Temple. Dinner will be a local-style BBq on the shores of the Mighty Mekong. 

Transfer 280km ride 25km', 'ACTIVE', NOW());

-- ===== TRIBAL ROUTES [BIKINGCYCLING (30)] =====
INSERT INTO destinations (id, country_id, name, status, created_at) VALUES (39, 1, 'Luang Prabang', 'ACTIVE', NOW()) ON DUPLICATE KEY UPDATE name=VALUES(name);
INSERT INTO tours (
    id, destination_id, sku, title, duration, price,
    summary, hightlight, included, not_included, status, created_at
) VALUES (
    39, 39, NULL, 'Tribal Routes',
    '8 DAYS', 3300,
    'Embark on an unforgettable journey through Tribal Routes. Experience the authentic culture, stunning landscapes, and warm hospitality of Laos. Your expert guide will take you off the beaten path for a truly immersive adventure.', '• UNESCO World Heritage Sites
• Expert English-speaking guide
• Authentic cultural experiences
• Small group, private service
• All entrance fees included',
    '- All sightseeing as described in the program above.
- High Quality MTB  Bikes with safety equipment 
- Transportation in private a /c vehicles - Bikes and Helmets 
- Accommodation in hotels/resorts and guesthouses (twin shared)
- English-speaking guide 
- Admission fees to sights described above
- Meals: B= breakfast, L= lunch, D= dinner
- Lao PDR governmental tax and service charge
- Luggage handling
- Water and Snacks whilst Cycling
- All Boat Transfers and Entrance fees', '- All sightseeing as described in the program above.
- High Quality MTB  Bikes with safety equipment 
- Transportation in private a /c vehicles - Bikes and Helmets 
- Accommodation in hotels/resorts and guesthouses (twin shared)
- English-speaking guide 
- Admission fees to sights described above
- Meals: B= breakfast, L= lunch, D= dinner
- Lao PDR governmental tax and service charge
- Luggage handling
- Water and Snacks whilst Cycling
- All Boat Transfers and Entrance fees',
    'ACTIVE', NOW()
);
INSERT INTO itineraries (id, tour_id, title, level, description, status, created_at)
VALUES (951, 39, 'Day 1: Arrive Luang Prabang — Exploration', 'easy', 'ARRIVE LUANG PRABANG (D)
We will collect you at the Airport and transfer you to your hotel.

A welcome dinner and tour briefing at Khaiphaen a local vocational training restaurant that trains marginalised youth for careers in hospitality from the surrounding villages. 
 
Enjoy the evening, unwind and explore this true Gem of a city. The peninsula in the confluence of the Nam Khan River and the Mekong offers a fantastic backdrop to this unforgettable adventure. 
Overnight Luang Prabang', 'ACTIVE', NOW());
INSERT INTO itineraries (id, tour_id, title, level, description, status, created_at)
VALUES (952, 39, 'Day 2: Luang Prabang — Bike', 'moderate', 'LUANG PRABANG - PAKXANG (B) 

Today begins with a bike fitting following breakfast, after which we’ll set off for our first ride of the trip. 
We start the ride along the peaceful tarmac route to get accustomed to riding in Laos before we hit the harder dirt roads. It''s a comfortable day riding through rural villages to the small town of Pakxang
Easy', 'ACTIVE', NOW());
INSERT INTO itineraries (id, tour_id, title, level, description, status, created_at)
VALUES (1032, 39, 'Day 82: Overnight Paxang — Exploration', 'moderate', 'Overnight Paxang', 'ACTIVE', NOW());
INSERT INTO itineraries (id, tour_id, title, level, description, status, created_at)
VALUES (953, 39, 'Day 3: Pak Xeng — Exploration', 'easy', 'PAK XENG - VIENG KHAM (B)
From Pakxeng the road gets tough a Dirt Country highway along the Nam Xang river takes you through  Khmu Villages and banana plantations to the village of Vieng Kham This challenging first day outside of the city and an exciting taste of things to come! a night in a local guesthouse and great hospitality from the locals is rewarded.

This is a hard day''s ride.  Distance 77km Dirt Road 
Overnight in a Viengkham', 'ACTIVE', NOW());
INSERT INTO itineraries (id, tour_id, title, level, description, status, created_at)
VALUES (954, 39, 'Day 4: Vieng Kham — Bike', 'moderate', 'VIENG KHAM - MUANG NGOI (B)
A Short transfer in the morning takes us to the start of the trail to Sleepy Muang Ngoi, the road is seldom travelled by bike and is a real treat for cyclists. This road has many villages with no running water or power from the Hmong, Khmu and Leu minorities
Transfer 15km. Distance 46km Dirt Road  Single Trail
Overnight in Muang Ngoi', 'ACTIVE', NOW());
INSERT INTO itineraries (id, tour_id, title, level, description, status, created_at)
VALUES (955, 39, 'Day 5: Muang Ngoi — Temple', 'moderate', 'MUANG NGOI - MUANG KHUA (B) 
Today we transfer to the river to board a traditional long boat for the cruise up the Nam Ou river to the entrance to Phongsaly district. We call in at the Sleepy town of Muang Ngoi on the way to stretch our legs to visit the temple and the cave complex used as shelter during the 2nd Indochina war. 
Overnight in Muang Khua', 'ACTIVE', NOW());
INSERT INTO itineraries (id, tour_id, title, level, description, status, created_at)
VALUES (956, 39, 'Day 6: Muang Khua — Exploration', 'moderate', 'MUANG KHUA - NAGNANG HOMESTAY (B)
We start the morning with a very steep climb as we head south through the Maung Khua district this road has some great views for miles over the province. the final stage of this day is an even and steady 20km ride to the Leu Minority Village, Nagnang. 
We can meet our homestay families and later before dinner the village will perform a Baci ceremony to say thank you for the visit and to wish us luck on our onward journey
Challenging', 'ACTIVE', NOW());
INSERT INTO itineraries (id, tour_id, title, level, description, status, created_at)
VALUES (1020, 39, 'Day 70: Overnight In Nagnang — Exploration', 'moderate', 'Overnight in Nagnang', 'ACTIVE', NOW());
INSERT INTO itineraries (id, tour_id, title, level, description, status, created_at)
VALUES (957, 39, 'Day 7: Nagnang — Boat', 'moderate', 'NAGNANG - HARPANG(B)
Leaving the Lue Village, we continue south for 10km before meeting the tarmac for 19km to Nong Khiaw, a boat awaits to take us to the drop-off point one hour down the Nam Ou River. We then follow the narrow trail 20km along the water''s edge. The Van will meet us at the main road for a 20-minute transfer to the Guesthouse in Harpang

Transfer 10km 
Distance 49km ( 30km Dirt Road,  19km Tarmac) 

Overnight in Harpang', 'ACTIVE', NOW());
INSERT INTO itineraries (id, tour_id, title, level, description, status, created_at)
VALUES (958, 39, 'Day 8: Harpang — Boat', 'easy', 'HARPANG - LATHAN - LUANG PRABANG (B)
Start with a short transfer to the beginning of the mud trail in the Village of Houaylae. 
Our final dirt trail is another challenging ride and climb for the first 17km. The road is open and lush arable farmland. 
Expect the locals to have a great deal of interest in you as this is well off the tourist trail even though we are only 45 km from Luang Prabang. 
A Traditional Longtail Boat will be moored in the Village of Lathan and we can cruise back to the City down the Mighty Mekong 
Distance 55 km.  Single-Track Dirt Road 
Overnight in Luang Prabang', 'ACTIVE', NOW());

-- ===== NORTHERN HEIGHTS [BIKINGCYCLING (30)] =====
INSERT INTO destinations (id, country_id, name, status, created_at) VALUES (40, 1, 'Luang Prabang', 'ACTIVE', NOW()) ON DUPLICATE KEY UPDATE name=VALUES(name);
INSERT INTO tours (
    id, destination_id, sku, title, duration, price,
    summary, hightlight, included, not_included, status, created_at
) VALUES (
    40, 40, NULL, 'Northern Heights',
    '10 DAYS', 2895,
    'As our adventure comes to a close, we reflect on the breathtaking landscapes, the warmth of the local cultures, and the camaraderie shared among fellow travellers. This journey through Northern Thailand and Laos has been a tapestry of experiences woven with nature, wildlife, history, and heart—each pedal stroke bringing unforgettable memories and the spirit of adventure alive', 'Chiang Mai Night Bazaar
Slow Boat on the Mekong 
Enchanting Teak Forest Ride
UNESCO World Heritage town of Luang Prabang
Ethnic Minority Villages and Waterfalls
Mountain Landscapes and Sceneries
Stunning green valley and limestone karsts of Vang Vieng
Total Cycling: 545km',
    '- All sightseeing as described in program above
- Transportation in private a /c vehicle and one truck for support 
- All Accommodation in hotels (Twin or Double), Homestays and Guesthouses
- English speaking guide
- Mechanic to maintain bikes
- Meals: B= breakfast, L= lunch, D= dinner as stated by each day itinerary
- Lao PDR governmental tax and service charge
- Luggage handling
- All Boat Transfers
- Airport Pick up and drop off 
- Bike, Helmet Rental
- $25 per person donation to Pedal For Purpose , Fairtrek Community tourism programs', '- All sightseeing as described in program above
- Transportation in private a /c vehicle and one truck for support 
- All Accommodation in hotels (Twin or Double), Homestays and Guesthouses
- English speaking guide
- Mechanic to maintain bikes
- Meals: B= breakfast, L= lunch, D= dinner as stated by each day itinerary
- Lao PDR governmental tax and service charge
- Luggage handling
- All Boat Transfers
- Airport Pick up and drop off 
- Bike, Helmet Rental
- $25 per person donation to Pedal For Purpose , Fairtrek Community tourism programs',
    'ACTIVE', NOW()
);
INSERT INTO itineraries (id, tour_id, title, level, description, status, created_at)
VALUES (976, 40, 'Day 1: Our Adventure Begins As We Gather At The Chiang Mai Airport — Bike', 'moderate', 'Our adventure begins as we gather at the Chiang Mai airport, the air buzzing. We check into our cosy accommodation, where the friendly staff briefs us about our thrilling journey ahead, ensuring our bikes are perfectly fitted for the adventure. With eager hearts, we embark on our first ride, a gentle path alongside the serene Ping River. The rhythm of the pedals invites us to soak in Thailand''s vibrant sights and sounds. Our first stop, Ban Tawai, a charming arts and crafts hub, offers a delightful opportunity to browse for unique souvenirs before we return to the lively ambience of Chiang Mai.
Ride: 40 km
Overnight in Chiang Mai.', 'ACTIVE', NOW());
INSERT INTO itineraries (id, tour_id, title, level, description, status, created_at)
VALUES (977, 40, 'Day 2: After A Hearty Breakfast — Waterfall', 'moderate', 'After a hearty breakfast, we embark on a scenic transfer to a tranquil reservoir. A boat carries us to the trailhead, where we plunge into an outstanding ride through a lush teak forest. The singletrack trail weaves through the trees, each twist and turn revealing breathtaking views. We’re treated to a magnificent waterfall where our support team awaits with refreshing drinks and snacks. Energised, we ride on to a quaint restaurant overlooking the reservoir for lunch. In the afternoon, we explore country back roads, eventually cutting through dense forest until we arrive at our resort near Chiang Dao. A dip in the pool is the perfect way to wind down after a day of exploration.
Ride: 60 km
Overnight in Chiang Dao.', 'ACTIVE', NOW());
INSERT INTO itineraries (id, tour_id, title, level, description, status, created_at)
VALUES (978, 40, 'Day 3: Today — Cave', 'moderate', 'Today, we transfer to the mystical Chiang Dao Caves, the gateway to our striking ride. We pedal through expansive rice fields and under towering limestone cliffs, transitioning to dirt roads crafted by local hill tribes. The vibrant Akha, Lisu, Lau, and Palaung communities welcome us with their colourful traditions; we may even catch sight of Palaung women adorned with ornate brass jewellery. A leisurely lunch at a Forestry Camp rejuvenates us before we embark on memorable mountain trails. As the day concludes, our support team transports us to Chiang Rai.
Ride: 48 km
Overnight in Chiang Rai.', 'ACTIVE', NOW());
INSERT INTO itineraries (id, tour_id, title, level, description, status, created_at)
VALUES (979, 40, 'Day 4: After Breakfast — Temple', 'moderate', 'After breakfast, we cycle 14 km along picturesque dirt roads to the stunning Wat Rong Khun, known as the White Temple. Its dazzling architecture shines brilliantly in the sunlight, leaving us in awe. Leaving Chiang Rai, we follow the tranquil Kok River, surrounded by lush plantations. Our journey leads us to Chiang Saen, a historic town that hugs the Mekong River, where we spend the afternoon soaking in the sights from a viewpoint in the heart of the Golden Triangle.
Ride: 65 km
Overnight in Chiang Saen.', 'ACTIVE', NOW());
INSERT INTO itineraries (id, tour_id, title, level, description, status, created_at)
VALUES (980, 40, 'Day 5: The Day Begins With An Easy Ride Along The Mekong River — Exploration', 'moderate', 'The day begins with an easy ride along the Mekong River, framed by majestic mountain backdrops and quaint hill tribe villages. As we ride through tobacco and rice fields, the landscape transforms into a tapestry of natural beauty. The last 12 kilometres challenge us with steep ascents, igniting our adventurous spirit. We arrive in Chiang Khong, the gateway to Laos, filled with reflections on our time in Thailand.
Ride: 67 km
Overnight in Chiang Khong.', 'ACTIVE', NOW());
INSERT INTO itineraries (id, tour_id, title, level, description, status, created_at)
VALUES (981, 40, 'Day 6: Post Breakfast — Boat', 'moderate', 'Post breakfast, we transfer to the pier for our journey into Laos. Our guide greets us warmly and assists with the border crossing. We board a private boat that glides down the Mekong River, an authentic lunch served onboard as we embrace the tranquillity of our surroundings. Keep your camera ready; this journey is filled with picture-perfect scenery. Upon arrival in Pakbeng, we settled into our riverside accommodation, lulled by the gentle rhythms of the river.

Overnight in Pakbeng.', 'ACTIVE', NOW());
INSERT INTO itineraries (id, tour_id, title, level, description, status, created_at)
VALUES (982, 40, 'Day 7: A One — Exploration', 'moderate', 'A one-hour transfer brings us to the heart of rural Laos, where we cycle past hill tribe villages that thrive off the land. The friendly locals greet us as we pass through villages populated by the Phu Tai, Tai Lu, Hmong, Tai Dam, Lao, and Khamu. Our journey takes us through weaving villages, where families craft their traditions on ancient looms. A challenging 300-meter climb rewards us with stunning views as we descend into Oudomxay, the provincial capital.
Ride: 80 km
Overnight in Nam Kat Yorla Pa resort Oudomxay.', 'ACTIVE', NOW());
INSERT INTO itineraries (id, tour_id, title, level, description, status, created_at)
VALUES (983, 40, 'Day 8: We Dive Back Into Adventure As We Traverse The Rugged Terrain — Exploration', 'moderate', 'We dive back into adventure as we traverse the rugged terrain, surrounded by the rich greenery of the limestone mountains and forests. This day offers exhilarating hills, leading to breathtaking views before the road smooths out, unfolding into a beautiful landscape. The highlight is the thrilling 30 km downhill ride to Pak Mong, a charming depot town nestled in the hills. Energized by the day’s exertions, we continue onwards to Nong Khiaw, our destination for the night. A well-deserved dip in the resort pool, set against the breathtaking backdrop of Elephant Head Mountain, provides the perfect conclusion to a day filled with challenge and beauty.
Ride: 120 km
Overnight in Nong Khiaw.', 'ACTIVE', NOW());
INSERT INTO itineraries (id, tour_id, title, level, description, status, created_at)
VALUES (984, 40, 'Day 9: Today Promises A Spectacular Journey As We Set Out On A Boat Ride Along The Serene Nam Ou River — Waterfall', 'moderate', 'Today promises a spectacular journey as we set out on a boat ride along the serene Nam Ou River, leading us to a small Lao village. The tranquillity of the river sets the tone for our adventure ahead. We lace up our hiking boots and prepare to discover the stunning 100 Waterfalls. As we stroll through verdant jungles and over small streams, the symphony of cascading water beckons us closer. The scene is mesmerizing—nature at its most stunning. Our guide leads us to hidden corners, where we can splash in refreshing pools and enjoy a locally prepared lunch amidst the cascades. We wind our way back to the valley via a small villager’s trail, taking in panoramic views of the Nam Ou valley and floating back to the town. 


Overnight in Nong Khiaw.', 'ACTIVE', NOW());
INSERT INTO itineraries (id, tour_id, title, level, description, status, created_at)
VALUES (985, 40, 'Day 10: Our Final Cycling Day Begins With A Tranquil Boat Ride On The Nam Ou River — Boat', 'moderate', 'Our final cycling day begins with a tranquil boat ride on the Nam Ou River, setting the stage for an unforgettable journey. The roads today are smoother, allowing us to revel in the stunning landscapes that unfold as we cycle alongside the river. Surrounded by majestic mountain ranges, we navigate minor passes that add a touch of adventure to our ride. As we approach Luang Prabang, we pass through lush teakwood plantations, a final reminder of the region''s natural beauty. We celebrate the end of our journey with dinner at a local vocational training restaurant, supporting marginalised youth, followed by a stroll through the vibrant night market, soaking in the beautiful atmosphere before retreating to our accommodation for the night.
Ride: 65 km
Overnight in Luang Prabang', 'ACTIVE', NOW());

-- ===== HIT THE NORTH [BIKINGCYCLING (30)] =====
INSERT INTO destinations (id, country_id, name, status, created_at) VALUES (41, 1, 'Luang Prabang', 'ACTIVE', NOW()) ON DUPLICATE KEY UPDATE name=VALUES(name);
INSERT INTO tours (
    id, destination_id, sku, title, duration, price,
    summary, hightlight, included, not_included, status, created_at
) VALUES (
    41, 41, NULL, 'Hit The North',
    '10 DAYS', 2027,
    'Embark on an unforgettable journey through Hit The North. Experience the authentic culture, stunning landscapes, and warm hospitality of Laos. Your expert guide will take you off the beaten path for a truly immersive adventure.', '• UNESCO World Heritage Sites
• Expert English-speaking guide
• Authentic cultural experiences
• Small group, private service
• All entrance fees included',
    '- All sightseeing as described in the program above
- Transportation in private a /c vehicles
- Accommodation in hotels (twin shared)
- English-speaking biking guide 
- Admission fees to sights described above
- Meals: B= breakfast, L= lunch, D= dinner
- Lao PDR governmental tax and service charge
- Luggage handling
- Mountain bike rental and helmet including transport of bike', '- All sightseeing as described in the program above
- Transportation in private a /c vehicles
- Accommodation in hotels (twin shared)
- English-speaking biking guide 
- Admission fees to sights described above
- Meals: B= breakfast, L= lunch, D= dinner
- Lao PDR governmental tax and service charge
- Luggage handling
- Mountain bike rental and helmet including transport of bike',
    'ACTIVE', NOW()
);
INSERT INTO itineraries (id, tour_id, title, level, description, status, created_at)
VALUES (1001, 41, 'Day 1: Arrive Luang Prabang — Exploration', 'easy', 'ARRIVE LUANG PRABANG (D)
We will collect you at the Airport and transfer you to your hotel.
Enjoy the evening, unwind and explore this true Gem of a city, The peninsula in the confluence of the Nam Khan River and the Mekong offers a fantastic backdrop to this unforgettable adventure. 
Dinner will be served at a local restaurant that offers free vocational training to the marginalised youth of the area. 
Overnight Luang Prabang', 'ACTIVE', NOW());
INSERT INTO itineraries (id, tour_id, title, level, description, status, created_at)
VALUES (1002, 41, 'Day 2: Luang Prabang — Waterfall', 'easy', 'LUANG PRABANG - KUANG SI FALLS (B,L)
Your primary road ride to the scenic Kuang Si Waterfalls will pass through Hmong and Khamu ethnic villages. Enjoy a swim in the clear water basins of the Kuang Si Waterfalls, a must-see site for anyone visiting Laos. On the Way back to the city we will call at Laos Buffalo Dairy for a tour of this incredible farm that supports local villages and educates in Animal welfare and husbandry. and also makes amazing Ice Cream, Lunch is a picnic in the Farm''s Pagoda.

Overnight Luang Prabang', 'ACTIVE', NOW());
INSERT INTO itineraries (id, tour_id, title, level, description, status, created_at)
VALUES (1003, 41, 'Day 3: Luang Prabang — Cave', 'moderate', 'LUANG PRABANG - PAK OU CAVES -  NONG KHIEW (B, L)
Our ride today begins with a  boat ride on the Mekong to the famous Pak ou Caves. This is a site of ancient spiritual significance, both Buddhist and animist. Within the two caves of Tam Ting are stupas, shrines, and carvings of Buddha. Over 4,000 wooden figures of Buddha, many highly ornate, stand within the natural limestone caves, a testament to the skill of Lao craftsmen through the centuries.
We will then cycle  through the countryside on tarmac roads to the Nam Ou dam and board a smaller boat for a cruise up the Nam Ou River to the backpacker town of Nong Khiew 

Overnight in Nong Khiew', 'ACTIVE', NOW());
INSERT INTO itineraries (id, tour_id, title, level, description, status, created_at)
VALUES (1004, 41, 'Day 4: The Famous — Waterfall', 'challenging', 'THE FAMOUS 100 WATERFALL TREK (B, L)
''Wow, wow, wow...'' is what the first travellers said after coming back from this simply amazing waterfall hike and river trip!!!
Starting the day with a peaceful boat ride on the Nam Ou you will be able to explore a small Lao village along the river side before heading into the waterfalls. Learn about their way of life along this river!
Walking through small streams and rice paddies you arrive at the base of the 100 waterfalls. For the next few hours you will see only water and jungle and hear the sound of clear waterfall cascades. The pools around you are very inviting for a refreshing splash.
Your guide will lead you through the cascades and prepare a local-style lunch on the falls in the middle of amazingly green nature...
A small villagers’ trail on the top of the 100 waterfalls will lead us back down into the valley offering wide views over the landscapes of the Nam Ou valley.
Hike back to the Nam Ou River for a boat transfer back to sleepy Nong Khiew.
Overnight in Nong Khiew', 'ACTIVE', NOW());
INSERT INTO itineraries (id, tour_id, title, level, description, status, created_at)
VALUES (1005, 41, 'Day 5: Nong Khiaw To Nam Kat Yorla Pa — Exploration', 'easy', 'NONG KHIAW TO NAM KAT YORLA PA  (B,L)
We begin today with a 30km ride along the valley, Limestone Peaks tower on either side of the road. When reaching Pakmong we will transfer to the top of Oudomxay Province from that viewpoint we will continue to cycle downhill to the bustling town of Oudomxay, a short transfer around the city before the final 15km leg to the picturesque resort of Namkat Yorla pa situated in the forest on the banks of the Kat River.
Overnight in Nong Khiaw', 'ACTIVE', NOW());
INSERT INTO itineraries (id, tour_id, title, level, description, status, created_at)
VALUES (1006, 41, 'Day 6: Namkat Yorla Pa Activities — Trek', 'challenging', 'NAMKAT YORLA PA ACTIVITIES  (B, L)
After a long breakfast, you can explore the resort and take part in many of the activities this spectacular Prak has to offer, as standard we recommend the viewpoint trek and the ziplines to create a truly memorable adventure in this jungle paradise.', 'ACTIVE', NOW());
INSERT INTO itineraries (id, tour_id, title, level, description, status, created_at)
VALUES (1007, 41, 'Day 7: Nam Kat Yorla Pa — Exploration', 'easy', 'NAM KAT YORLA PA - BAN KAVANG  VILLAGE (B, L, D)
In the morning, we will transfer to Oudomxay City before beginning a 50km ride to Muang Beang then on to the small village of Kavang. After lunch in the village, we will learn about coffee production and how Arabica beans provide sustainable income to the farmers. The UpLao program empowers the community and provides alternatives for non-sustainable high-intensive crop farming and slash & burn agriculture by training sustainable agricultural techniques that focus on soil improvement and preservation. 
This small rural community will share their hospitality with us this evening and we will get an authentic take on rural Laotian living.

Overnight in Village Homestay', 'ACTIVE', NOW());
INSERT INTO itineraries (id, tour_id, title, level, description, status, created_at)
VALUES (1008, 41, 'Day 8: Ban Kavang — Exploration', 'moderate', 'BAN KAVANG - PAKBENG (B, L)
We say goodbye to the farmers of Kavang and cycle through banana and teak plantations to the riverside town of Pakbeng, where a comfortable riverside hotel awaits. relax in the afternoon and watch the elephants and mahouts bath in the Mekong as the sunsets. 
Overnight in Pakbeng', 'ACTIVE', NOW());
INSERT INTO itineraries (id, tour_id, title, level, description, status, created_at)
VALUES (1009, 41, 'Day 9: Mekong Elephant Park Hd — Exploration', 'moderate', 'MEKONG ELEPHANT PARK HD (B,L)
The Mekong Elephant Park is a venture that puts the complex issues of the Elephant population of Laos at the core of their programs. This fun and informative tour will be the highlight of your trip. The centre is an ‘Animal First experience’ with a welfare policy in line with the current global guidelines for the care and treatment of our pachyderm friends. The park is based around experiencing natural behaviour in a natural environment and is a non-riding program. Half-day itinerary includes a detailed presentation of the elephant situation in Laos, walking next to the Elephants and time watch them bath with their Mahouts.', 'ACTIVE', NOW());
INSERT INTO itineraries (id, tour_id, title, level, description, status, created_at)
VALUES (1010, 41, 'Day 10: Pakbeang — Boat', 'moderate', 'PAKBEANG  - LUANG PRABANG (B,L)
Sit back and relax as the slow boat chugs down the mighty Mekong, stopping to ferries goods and passengers to remote villages nestled on the banks of the river, enjoy a Lao picnic lunch on board and remember to bring a good book. we will arrive in Luang Prabang at around 5 pm and transfer you to your hotel in good time to enjoy the Hmong traditional night market.
Overnight Luang Prabang


END OF SERVICES', 'ACTIVE', NOW());

-- ===== LAOS-VIETNAM EXPLORER [BIKINGCYCLING (30)] =====
INSERT INTO destinations (id, country_id, name, status, created_at) VALUES (42, 1, 'Luang Prabang', 'ACTIVE', NOW()) ON DUPLICATE KEY UPDATE name=VALUES(name);
INSERT INTO tours (
    id, destination_id, sku, title, duration, price,
    summary, hightlight, included, not_included, status, created_at
) VALUES (
    42, 42, NULL, 'Laos-Vietnam Explorer',
    '10 DAYS', 2026,
    'Embark on an unforgettable journey through Laos-Vietnam Explorer. Experience the authentic culture, stunning landscapes, and warm hospitality of Laos. Your expert guide will take you off the beaten path for a truly immersive adventure.', 'Boat Trip on the Nam Ou to Muang Khua
Unesco World Heritage City Luang Prabang
Muang Ngoi
Dien Bien Phu',
    'All sightseeing as described in program above
Transportation in a private/c vehicle
Accommodation in hotels/ guesthouses (twin shared)
Breakfast and lunch Everyday 
English speaking guide 
Admission fees to sights described above
Lao PDR governmental tax and service charge
Luggage handling
Bike rental Trek Hybrid Bikes NEW for 2018-19 Season
Souvenir Cycle Jersey', 'All sightseeing as described in program above
Transportation in a private/c vehicle
Accommodation in hotels/ guesthouses (twin shared)
Breakfast and lunch Everyday 
English speaking guide 
Admission fees to sights described above
Lao PDR governmental tax and service charge
Luggage handling
Bike rental Trek Hybrid Bikes NEW for 2018-19 Season
Souvenir Cycle Jersey',
    'ACTIVE', NOW()
);
INSERT INTO itineraries (id, tour_id, title, level, description, status, created_at)
VALUES (1026, 42, 'Day 1: Arrival In Luang Prabang — Exploration', 'moderate', 'ARRIVAL IN LUANG PRABANG (D)
Meet with our team for a short sunset ride around Luang Prabang to ensure we are confident about the journey ahead and acclimate to life in SE Asia.  We will have an informal trip briefing and dinner at a local vocational training restaurant. 
Khaiphaen Restaurant
Overnight in Luang Prabang', 'ACTIVE', NOW());
INSERT INTO itineraries (id, tour_id, title, level, description, status, created_at)
VALUES (1027, 42, 'Day 2: Luang Prabang — Exploration', 'moderate', 'LUANG PRABANG – NONG KHIAW (70 KM) B,L
After a one-hour transfer, you''ll start cycling along the Nam Ou River to Pak Mong village, where we''ll stop for lunch. In the afternoon, the landscape around you will become more and more spectacular as you make your way into an area with huge limestone mountains. 
Overnight in a Nong Khiaw', 'ACTIVE', NOW());
INSERT INTO itineraries (id, tour_id, title, level, description, status, created_at)
VALUES (1028, 42, 'Day 3: Nong Khiaw Muang Khua Boat Ride On The Nam Ou River — Boat', 'moderate', 'NONG KHIAW MUANG KHUA BOAT RIDE ON THE NAM OU RIVER (B,L)
Today, you''ll enjoy a spectacular boat ride (4 to 5 hours) through a remote stretch of the Nam Ou River. Along the way, we will stop to visit some remote villages. 
Overnight in Muang Khua', 'ACTIVE', NOW());
INSERT INTO itineraries (id, tour_id, title, level, description, status, created_at)
VALUES (1029, 42, 'Day 4: Muang Khua — Exploration', 'easy', 'MUANG KHUA – VIETNAM BORDER (60 KM) & TRANSFER TO DIEN BIEN PHU (B,L)
Today, a challenging day of cycling will bring us to Vietnam. Most of the journey will be through the primary forest, in which we will encounter hill tribe villages. After the border crossing, the Vietnamese agent will pick you up for transfer to Dien Bien Phu. 
The city is known throughout the world as a battlefield in the first Indochina War, an Asian version of Waterloo. 
The city is located in Muong Thanh Valley, an area famous for its tasty rice and Tai ethnic minority traditional dance.
Overnight in Dien Bien Phu', 'ACTIVE', NOW());
INSERT INTO itineraries (id, tour_id, title, level, description, status, created_at)
VALUES (1030, 42, 'Day 5: Dien Bien Phu — Exploration', 'moderate', 'DIEN BIEN PHU – TUAN GIAO (80km)  (B,L)
Cycling from Dien Bien Phu to Tuan Giao is an easy 80 km through many Tai ethnic villages to Tuan Giao (one notable climb is a mountain pass 15 km outside Dien Bien). Overnight in a guesthouse. 
Overnight in Tuan Giao', 'ACTIVE', NOW());
INSERT INTO itineraries (id, tour_id, title, level, description, status, created_at)
VALUES (1031, 42, 'Day 6: Tuan Giao — Exploration', 'moderate', 'TUAN GIAO – SON LA (70km) (B,L)
Cycling from Tuan Giao to Son La. After a short transfer to the Pha Din pass (“Heaven and Earth” pass) to the summit of 1450 m, you will start the day with a 15 km downhill featuring a nice landscape of green rice fields and karst valley along the way. This stretch has light traffic, wandering water buffaloes, and Tai and Hmong children. Overnight in the hotel.

Overnight in Son La', 'ACTIVE', NOW());
INSERT INTO itineraries (id, tour_id, title, level, description, status, created_at)
VALUES (1032, 42, 'Day 7: Son La — Exploration', 'moderate', 'SON LA – MOC CHAU  (45km)(B,L)
After a short transfer, our day will be less hilly but no less spectacular, as we head off gradually downhill, our passage overshadowed by looming karst cliffs. After lunch, we''ll continue through lush, terraced rice paddies against the jagged cliff backdrop. 

Overnight in Moc Chau', 'ACTIVE', NOW());
INSERT INTO itineraries (id, tour_id, title, level, description, status, created_at)
VALUES (1033, 42, 'Day 8: Moc Chau — Exploration', 'moderate', 'MOC CHAU – MAI CHAU  (45km)(B,L)
After a hearty breakfast, we set off on a testing but spectacular day. Cycling along a narrow, quiet back road, we''ll head into a region predominantly populated by Black Tai (Tai Dam) minority cultures. As we near Mai Chau, situated at 1000m, we pass through plum orchards and corn and tea plantations. Overnight in a  homestay.
Overnight in Mai Chau', 'ACTIVE', NOW());
INSERT INTO itineraries (id, tour_id, title, level, description, status, created_at)
VALUES (1034, 42, 'Day 9: Mai Chau — Exploration', 'moderate', 'MAI CHAU – CUC PHUONG  (B,L)
Following the banks of the Ma River, this day will be an easy one. The scenery, however, is timeless and photo opportunities abound as you pedal through a working landscape of people and crops. In the late afternoon, you will get a transfer to Cuc Phuong National Park. Cuc Phuong is one of Vietnam''s most important nature reserves and contains the country''s largest area of primary forest. Visit the Primate Rescue Centre and learn about the plight of endangered species such as the Cat Ba Langur. Overnight in the Bungalow.
Distance 80km
Overnight in Cuc Phuong', 'ACTIVE', NOW());
INSERT INTO itineraries (id, tour_id, title, level, description, status, created_at)
VALUES (1035, 42, 'Day 10: Cuc Phuong — Exploration', 'moderate', 'CUC PHUONG -HANOI (B)
Today, your guide will be needed for another tour in Hanoi. Your van driver will help you ride the final leg to Hanoi. The ride is 40 km through Cuc Phuong forest to the park centre and a break for tea before taking a transfer to Hanoi. 
Overnight in Hanoi

End Of Services', 'ACTIVE', NOW());

-- ===== EASTERN CIRCUIT [BIKINGCYCLING (30)] =====
INSERT INTO destinations (id, country_id, name, status, created_at) VALUES (43, 1, 'Luang Prabang', 'ACTIVE', NOW()) ON DUPLICATE KEY UPDATE name=VALUES(name);
INSERT INTO tours (
    id, destination_id, sku, title, duration, price,
    summary, hightlight, included, not_included, status, created_at
) VALUES (
    43, 43, NULL, 'Eastern Circuit',
    '11 DAYS', 1895,
    'Embark on an unforgettable journey through Eastern Circuit. Experience the authentic culture, stunning landscapes, and warm hospitality of Laos. Your expert guide will take you off the beaten path for a truly immersive adventure.', 'Unesco world heritage city Luang Prabang
Plain of Jars 
Nong Khiaw
100 waterfalls trek',
    '- All sightseeing as described in the program above.
- High Quality Trek Marlin 5 MTB 
- Transportation in private a /c vehicles - Bikes and Helmets 
- Accommodation in hotels/resorts and guesthouses (twin shared English-speaking king guide 
- Admission fees to sights described above
- Meals: B= breakfast, L= lunch, D= dinner
- Lao PDR governmental tax and service charge
- Luggage handling
- Water and Snacks whilst Cycling
- All Boat Transfers and Entrance fees', '- All sightseeing as described in the program above.
- High Quality Trek Marlin 5 MTB 
- Transportation in private a /c vehicles - Bikes and Helmets 
- Accommodation in hotels/resorts and guesthouses (twin shared English-speaking king guide 
- Admission fees to sights described above
- Meals: B= breakfast, L= lunch, D= dinner
- Lao PDR governmental tax and service charge
- Luggage handling
- Water and Snacks whilst Cycling
- All Boat Transfers and Entrance fees',
    'ACTIVE', NOW()
);
INSERT INTO itineraries (id, tour_id, title, level, description, status, created_at)
VALUES (1051, 43, 'Day 1: Luang Prabang — Market', 'easy', 'LUANG PRABANG (D)
Meet with our team for a short ride around Luang Prabang to ensure we are comfortable and confident for the journey ahead. We hold a short briefing before Dinner at a city centre Laos Restaurant, a charity for marginalised youth. (Khaiphaen Restaurant) to explain the Adventure ahead. After Dinner, you will have plenty of time to stroll through the Famous Night Market. 
 Overnight in Luang Prabang', 'ACTIVE', NOW());
INSERT INTO itineraries (id, tour_id, title, level, description, status, created_at)
VALUES (1052, 43, 'Day 2: Cycle Hike  To Kuang Si Waterfall — Waterfall', 'easy', 'CYCLE HIKE  TO KUANG SI WATERFALL 60 KM (B, L)
To day we transfer to a traditional Hmong Village and begin a 8 km hike to the magnificant falls 

Enjoy a swim in the clear water basins of the Kuang Si Waterfalls, a must-see for anyone visiting Laos. On the way back to the city, we will stop at Laos Buffalo Dairy for a tour of this incredible farm that supports local villages and educates in Animal welfare and husbandry. And also makes amazing Ice Cream; lunch is a picnic in the Farm''s Pagoda.

We will cycle back from the falls 

Overnight in Luang Prabang', 'ACTIVE', NOW());
INSERT INTO itineraries (id, tour_id, title, level, description, status, created_at)
VALUES (1053, 43, 'Day 3: Luang Prabang — Exploration', 'moderate', 'LUANG PRABANG – KASI 78 KM (B,L)
This day will probably be the most challenging tour, with two ascents of 15 and 24 kilometres. We''ll be cycling on winding roads with stunning views, passing hill tribe villages inhabited mainly by Hmong. 
Overnight in Kiu Katcham', 'ACTIVE', NOW());
INSERT INTO itineraries (id, tour_id, title, level, description, status, created_at)
VALUES (1054, 43, 'Day 4: Kasi — Exploration', 'moderate', 'KASI – PHOUKHOUN 55 KM & TRANSFER TO PHONSAVAN (B,L)
Today we will cycle between 1400 and 1000 metres up and down through small scenic valleys and over mountain ridges with stunning views. After lunch in Phou Khoun, we will have a transfer to Phonsavan, where the mysterious Plains of Jars are located. 
Overnight in Phonsavan', 'ACTIVE', NOW());
INSERT INTO itineraries (id, tour_id, title, level, description, status, created_at)
VALUES (1055, 43, 'Day 5: Round Trip To The Plain Of Jars — Exploration', 'moderate', 'ROUND TRIP TO THE PLAIN OF JARS 60km (B, L)
This is a perfect ride to get used to the new climate as we are over 1000 meters above sea level. The Plain of Jars remains a place whose mysterious past has led to diverse speculations. Why did people make these unique stone formations, and what were they used for? 
Overnight in Phonsavan', 'ACTIVE', NOW());
INSERT INTO itineraries (id, tour_id, title, level, description, status, created_at)
VALUES (1056, 43, 'Day 6: Phonsavan — Bike', 'moderate', 'PHONSAVAN – VIENGTHONG 98 KM (B, L)
After a 1 hr. transfer, we''ll start cycling through lovely scenery. We have to cross some passes that will reward us with great views. From Nam Neun, we''ll put the bikes back on the backup car and drive the last hour to Viengthong. Today''s ride is challenging with long Climbs. We stop by the hot springs outside of the town for a snack of boiled eggs and soy sauce.
Overnight in Viengthong.', 'ACTIVE', NOW());
INSERT INTO itineraries (id, tour_id, title, level, description, status, created_at)
VALUES (1057, 43, 'Day 7: Viengthong — Exploration', 'moderate', 'VIENGTHONG - VIENG KHAM 98 KM (B,L)
The day starts again with a short transfer to the highest point of today at 1200 meters above sea level. The fantastic landscapes will inspire you, so keep your camera ready – as we drop down into the small town of Vieng Kham. It''s just another wonderful biking day. A fantastic, spectacular ride with challenging ascents of 5-10km.
Overnight in Viengkham', 'ACTIVE', NOW());
INSERT INTO itineraries (id, tour_id, title, level, description, status, created_at)
VALUES (1058, 43, 'Day 8: Vieng Kham — Exploration', 'moderate', 'VIENG KHAM - NONG KHIAW 53 KM (B,L)
This day features some of the best mountain scenery on this trip. We start the day with a challenging ascent of 800 altitude meters. From the top of the mountain, it''s all downhill to the very scenic valley of Nong Khiaw, located on the banks of the Nam Ou. 
Overnight in Nong Khiaw', 'ACTIVE', NOW());
INSERT INTO itineraries (id, tour_id, title, level, description, status, created_at)
VALUES (1059, 43, 'Day 9: Waterfalls Trek — Waterfall', 'challenging', '100 Waterfalls Trek (B, L)
''Wow, wow, wow...'' is what the first travellers said after coming back from this amazing waterfall hike and river trip!!!
Starting the day with a peaceful boat ride on the Nam Ou you will be able to explore a small Lao village along the river side before heading into the waterfalls. Learn about their way of life along this river!
Walking through small streams and rice paddies, you arrive at the base of the 100 waterfalls. For the next few hours, you will see only water and jungle and hear the sound of clear waterfall cascades. The pools around you are very inviting for a refreshing splash.
Your guide will lead you through the cascades and prepare a local-style lunch on the falls in the middle of amazingly green nature...
A small villagers'' trail on the top of the 100 waterfalls will lead us back down into the valley, offering expansive views over the landscapes of the Nam Ou valley.
Overnight in Nong Khiaw', 'ACTIVE', NOW());
INSERT INTO itineraries (id, tour_id, title, level, description, status, created_at)
VALUES (1060, 43, 'Day 10: Nong Khiaw — Boat', 'moderate', 'NONG KHIAW – HUAI KAN (BOAT RIDE) - LUANG PRABANG (B,L)
The day starts with a relaxed 2-3 hour boat ride on the Nam Ou River, and enjoy the downstream journey with fine views of the limestone mountains. Next, we Cycle from the Dam along the riverside, calling at some bars and restaurants to cool off on our journey to Luang Prabang. 
Overnight in Luang Prabang', 'ACTIVE', NOW());
INSERT INTO itineraries (id, tour_id, title, level, description, status, created_at)
VALUES (1061, 43, 'Day 11: Luang Prabang — Exploration', 'moderate', 'LUANG PRABANG(B)
A free day to explore the ''Gem of South East Asia'' or perhaps A Lao Massage to ease the aching legs before departing for the Airport', 'ACTIVE', NOW());

-- ===== COUNTRY AND HIDDEN THAILAND ROUTE [BIKINGCYCLING (30)] =====
INSERT INTO destinations (id, country_id, name, status, created_at) VALUES (44, 1, 'Luang Prabang', 'ACTIVE', NOW()) ON DUPLICATE KEY UPDATE name=VALUES(name);
INSERT INTO tours (
    id, destination_id, sku, title, duration, price,
    summary, hightlight, included, not_included, status, created_at
) VALUES (
    44, 44, NULL, 'Country And Hidden Thailand Route',
    '12 DAYS', 2024,
    'Embark on an unforgettable journey through Country and Hidden Thailand Route. Experience the authentic culture, stunning landscapes, and warm hospitality of Laos. Your expert guide will take you off the beaten path for a truly immersive adventure.', 'Slow Boat to Laos 
Chiang Mai Night Bazaar
UNESCO World Heritage town of Luang Prabang
Villages and waterfalls
Landscapes and sceneries
Stunning green valley and limestone karsts of Vang Vieng
Hot springs 
Secret temples',
    'All sightseeing as described in the program above.
High Quality Mountain bikes/ Road Bikes or Hybrid Bikes with safety equipment
Transportation in private a /c vehicles - 
Accommodation in hotels/resorts and guesthouses (twin shared)
English speaking guide 
Admission fees to sights described above
Meals: B= breakfast, L= lunch, D= dinner
Lao PDR governmental tax and service charge
Luggage handling
Water and Snacks whilst Cycling
All Boat Transfers and Entrance fees', 'All sightseeing as described in the program above.
High Quality Mountain bikes/ Road Bikes or Hybrid Bikes with safety equipment
Transportation in private a /c vehicles - 
Accommodation in hotels/resorts and guesthouses (twin shared)
English speaking guide 
Admission fees to sights described above
Meals: B= breakfast, L= lunch, D= dinner
Lao PDR governmental tax and service charge
Luggage handling
Water and Snacks whilst Cycling
All Boat Transfers and Entrance fees',
    'ACTIVE', NOW()
);
INSERT INTO itineraries (id, tour_id, title, level, description, status, created_at)
VALUES (1076, 44, 'Day 1: Chiang Mai — Exploration', 'easy', 'Chiang Mai (D)					
Rendezvous in the late afternoon with your guide team and fellow adventurers at our hotel in Chiang Mai’s Old City. Get fitted to your bicycle for the upcoming tour during orientation. 
Options time permitting: Meet in the early afternoon for a walking tour of the Old City with stops at Three Kings Monument, Wat Chedi Luang and Wat Phra Singh.				
Options: Welcome dinner at a local secret, a tiny restaurant on the banks of the Ping River with some of Chiang Mai’s best Thai cuisine. 
				
Overnight in Chiang Mai', 'ACTIVE', NOW());
INSERT INTO itineraries (id, tour_id, title, level, description, status, created_at)
VALUES (1077, 44, 'Day 2: Rural Cycling To Pang Hai Village — Temple', 'moderate', 'Rural Cycling to Pang Hai village, visit Mae On Cave & Temple        (B, L)                        
You will be shuttled a little ways out of town after breakfast to avoid the morning rush hour traffic. We start with a couple of visits to handicraft shops before heading out into the rural countryside of Chiang Mai. Stop to visit Wat Tham Mae On, a temple inside a massive limestone cave complex. Our goal for the day’s ride is to the small mountain village of Pang Hai, where we bed down in traditional wooden Thai houses. 
42 km', 'ACTIVE', NOW());
INSERT INTO itineraries (id, tour_id, title, level, description, status, created_at)
VALUES (1078, 44, 'Day 3: Cycling Quiet Mountain Roads — Temple', 'moderate', 'Cycling quiet mountain roads, Chae Son NP, visit Wat Chaloem Phrakiat         (B, L,)                                
Today’s ride is a beautiful trip through the lush forests of Chae Son National Park, pedalling through stands of Teak trees and other tropical hardwoods. Shade from the overhanging trees and very little traffic adds to the enjoyment. As we emerge from the forests you will see our goal, Wat Chaloem Phrakiat Phrachomklao Rachanusorn with its white stuphas floating in the sky. After visiting the temple, we will shuttle to our lake-side hotel in Phayao. 
54 km', 'ACTIVE', NOW());
INSERT INTO itineraries (id, tour_id, title, level, description, status, created_at)
VALUES (1079, 44, 'Day 4: Rural Cycling — Temple', 'moderate', 'Rural cycling, 700-year-old ruins at Wiang Lo, teak temple and Tai Lue Cultural Museum(B, L)                                
To avoid morning traffic, we will do a short shuttle to the outskirts of town before starting our leisurely ride. Farmlands line today’s flat ride, small villages interrupting the rice paddies. Upon reaching Wiang Lo, we switch to samlors driven by village residents to tour the 700-year-old ruins at Wiang Lo, one of the three original northern kingdoms along with Sukhothai and Chiang Saen. After arriving at Chiang Kham town, we will visit the unique Wat Nantaram built from teak wood and Wat Phrathat Sob Wean with its museum of the Tai Lue People, the original inhabitants of this kingdom. 
76 km', 'ACTIVE', NOW());
INSERT INTO itineraries (id, tour_id, title, level, description, status, created_at)
VALUES (1080, 44, 'Day 5: Cycling To Phu Sang Np — Waterfall', 'moderate', 'Cycling to Phu Sang NP & hot spring waterfall, then alpine cycling to Phu Tawan Village        (B, L, D)                
Today’s ride starts flat through rice fields and fruit orchards taking us to Phu Sang National Park, with its unique waterfall fed by a hot spring pool atop the mountain. A few miles further you start the long climb to Phu Chi Fa Mountain Range straddling the Thai Laos border. We spend the night in simple A-Frame bungalows on the U Krit Organic Farm, enjoying yukata (a popular Thai-style BBQ) while watching the sunset. 
53 km', 'ACTIVE', NOW());
INSERT INTO itineraries (id, tour_id, title, level, description, status, created_at)
VALUES (1081, 44, 'Day 6: Cycling To Chiang Khong — Temple', 'moderate', 'Cycling to Chiang Khong (B, L)                                
Another day of alpine cycling, as you roll along the ridge for a bit before starting the descent to the Ngao River valley which eventually leads us north to the banks of the Mae Khong (Mekong River). You will ride along the mighty Mae Khong to Phrathat Doi Mae Ya Mon temple, from where we will shuttle to the hotel in the border town of Chiang Khong. km kms', 'ACTIVE', NOW());
INSERT INTO itineraries (id, tour_id, title, level, description, status, created_at)
VALUES (1082, 44, 'Day 7: Chiang Khong Border Crossing And  Laos Huay Xai To Pakbeng By Boat — Boat', 'moderate', 'Chiang Khong Border Crossing and  Laos Huay Xai to Pakbeng by Boat  (B, L)
After breakfast, we transfer you to the pier for your journey to Pakbeng. Our Thai team will leave after dropping you off at the pier. Travel by boat down the Mekong: rest and relax. Take a good book and lots of food! Our Tiger Trail Guide will meet you at the harbour and take you to riverside accommodation.', 'ACTIVE', NOW());
INSERT INTO itineraries (id, tour_id, title, level, description, status, created_at)
VALUES (1083, 44, 'Day 8: Rural Life And Friendly Folk Cycling Pakbeng — Exploration', 'moderate', 'Rural Life and Friendly Folk Cycling Pakbeng - Oudomxai (B,L)
After a one-hour transfer, we are cycling in very rural Laos, an area inhabited by hill tribe villages that eke a meagre existence from the land. Along the way, you will pass the villages of Phu Tai, Tai Lu, Hmong, Tai Dam, Lao and Khamu. The people are very friendly and not yet tired of seeing tourists. We stop at weaving villages along the way, where you still see families sitting in the shade weaving on old looms. After climbing a 300-meter pass, a long descent brings you to Oudomxai, the capital of the Oudomxai Province.
80 KM', 'ACTIVE', NOW());
INSERT INTO itineraries (id, tour_id, title, level, description, status, created_at)
VALUES (1084, 44, 'Day 9: Cycle The Roof Top Of Oudomxai To Nong Khiaw — Exploration', 'moderate', 'Cycle the roof top of Oudomxai to Nong Khiaw  (B,L)
We''ll head back into the jungle for stretches of this spectacular route; although hilly, it soon gives way to a gentler gradient and opens to magnificent scenery and finally a 30 km downhill ride to Pak Mong, a small Quaint depot town. From here it is a beautiful ride to Nong Khiaw. 
This is one of the more difficult days of the trip, so push yourself. You will be rewarded with a night’s rest at a resort, a riverside bungalow and a dip in the pool underneath Elephant Head Mountain.
Max 80 KM  (transfers recommended for the beginning of the ride)', 'ACTIVE', NOW());
INSERT INTO itineraries (id, tour_id, title, level, description, status, created_at)
VALUES (1085, 44, 'Day 10: Waterfalls Trek Nong Khiaw — Waterfall', 'challenging', '100 Waterfalls Trek Nong Khiaw  (B,L)
Nam Ou River Cruise, 100 Waterfall Trek.
Start the day with a peaceful boat ride on the Nam Ou River. Along the way, you''ll be able to explore a small Lao village along the river. Then we''ll hike through small streams and rice paddies to reach the base of the 100 waterfalls. 
For the following few hours, you''ll see only water and jungle and hear the sound of clear waterfall cascades. Your guide will lead you through the cascades and prepare a local-style lunch on the falls in the middle of it all. 
A small villagers’ trail on the top of the 100 waterfalls will lead us back down into the valley, offering wide views over the landscapes of the Nam Ou valley along the way. Hiking back to the village we will have more time to see daily life.', 'ACTIVE', NOW());
INSERT INTO itineraries (id, tour_id, title, level, description, status, created_at)
VALUES (1086, 44, 'Day 11: Cycling The Nam Ou River — Boat', 'moderate', 'Cycling the Nam Ou River, Nong Khiaw to Luang Prabang (B,L, D)
A private boat on the Nam Ou river will take you to the starting point of flatter and better roads today, enabling you to complete the longer distance to Luang Prabang. There are only a few minor passes to be climbed before you are cycling along the banks of the Nam Ou River with stunning views of huge mountain ranges. On the last stage of the day, you''ll be cycling through teakwood plantations before arriving in Luang Prabang. 
Dinner at a local Vocational Training restaurant for marginalised youth and a stroll through the night market before retiring the night
95 KM', 'ACTIVE', NOW());
INSERT INTO itineraries (id, tour_id, title, level, description, status, created_at)
VALUES (1087, 44, 'Day 12: Kuang Si Waterfalls — Waterfall', 'easy', 'Kuang Si Waterfalls (B, L)
A one-and-a-half-hour trip to Kuang Si Falls for a dip in the brilliant blue ice-cold waters is a must-see in Laos. on the return trip we will stop at a local social enterprise a water buffalo dairy that works extensively with the local communities to educate in animal husbandry, animal health and dairy production here, we will try their delicious water buffalo cheeses and ice cream as part of a picnic lunch before returning for our last night in the city
60 KM', 'ACTIVE', NOW());

-- ===== NORTHERN HEIGHTS [BIKINGCYCLING (30)] =====
INSERT INTO destinations (id, country_id, name, status, created_at) VALUES (45, 1, 'Luang Prabang', 'ACTIVE', NOW()) ON DUPLICATE KEY UPDATE name=VALUES(name);
INSERT INTO tours (
    id, destination_id, sku, title, duration, price,
    summary, hightlight, included, not_included, status, created_at
) VALUES (
    45, 45, NULL, 'Northern Heights',
    '12 DAYS', NULL,
    'Embark on an unforgettable journey through Northern Heights. Experience the authentic culture, stunning landscapes, and warm hospitality of Laos. Your expert guide will take you off the beaten path for a truly immersive adventure.', 'Private Slow Boat to Laos 
Chiang Mai Night Bazaar
Teak Forest Ride
UNESCO World Heritage town of Luang Prabang
Villages and waterfalls
Landscapes and sceneries
100 waterfalls Trek',
    '- All sightseeing as described in program above
- Transportation in private a /c vehicles
- Accommodation in hotels (twin shared)
- English speaking biking guide 
- Admission fees to sights described above
- Meals: B= breakfast, L= lunch, D= dinner
- Lao PDR governmental tax and service charge
- Luggage handling
- Mountain bike rental and helmet including transport of bike', '- All sightseeing as described in program above
- Transportation in private a /c vehicles
- Accommodation in hotels (twin shared)
- English speaking biking guide 
- Admission fees to sights described above
- Meals: B= breakfast, L= lunch, D= dinner
- Lao PDR governmental tax and service charge
- Luggage handling
- Mountain bike rental and helmet including transport of bike',
    'ACTIVE', NOW()
);
INSERT INTO itineraries (id, tour_id, title, level, description, status, created_at)
VALUES (1101, 45, 'Day 1: Chiang Mai — Bike', 'moderate', 'Chiang Mai (B, L)
We meet at the Hotel after Breakfast to brief everyone thoroughly and make sure the bikes fit. Then, we take a short transfer out of town and start a nice, easy ride along the Ping River to get accustomed to
riding in Thailand. Our stopping point of Ban Tawai is the arts and crafts area and we have time
to browse the stalls for souvenirs before heading back to Chiang Mai.

Ride: 40 km (about 25 miles)
Accommodation: Ratana Hotel (Standard Room)
Overnight in Chiang Mai', 'ACTIVE', NOW());
INSERT INTO itineraries (id, tour_id, title, level, description, status, created_at)
VALUES (1102, 45, 'Day 2: The Teak Forest Ride — Waterfall', 'moderate', 'The Teak Forest Ride (B, L) 
After breakfast we transfer to the nearby reservoir where we take a boat to our trailhead. We
ride an outstanding trail through a scenic teak forest enjoying some great single track. We eventually
spill out of the forest at a waterfall where our support truck is waiting to replenish water supplies
and provide a snack. We then ride on road to our lunch stop, a great little restaurant overlooking
a reservoir. After lunch we ride along country back roads before cutting off road and riding
through the forest. We then transfer to our resort near Chiang Dao. Time to enjoy the swimming
pool before dinner.

Ride: 60 km (about 37 miles)
Accommodation: Marisa Resort (Kasalong Superior)
Overnight in Chiang Dao', 'ACTIVE', NOW());
INSERT INTO itineraries (id, tour_id, title, level, description, status, created_at)
VALUES (1103, 45, 'Day 3: Chiang Dao To Chiang Rai — Cave', 'moderate', 'Chiang Dao to Chiang Rai (B, L)
We make a short transfer from the resort to Chiang Dao Caves and the start of our ride. Today’s
ride is a real treat for mountain bikers. We ride through rice fields and among soaring limestone
cliffs before hitting the dirt. We ride dirt roads cut by local hill tribes and we will meet Akha, Lisu,
Lau and Palaung peoples. The colorful Palaung are recent migrants and you will see their women
adorned with heavy brass waistbands working the fields. We stop for lunch at a Forestry Camp
before a memorable afternoon riding some quite outstanding mountain trails. Our support vehicle
will be waiting at the trail end to transport us two hours to Chiang Rai.

Ride: 48 km (about 30 miles)
Accommodation: Pan Kled Villa Eco Hill Resort (Superior Room)

Overnight in Chiang Rai', 'ACTIVE', NOW());
INSERT INTO itineraries (id, tour_id, title, level, description, status, created_at)
VALUES (1104, 45, 'Day 4: Chiang Rai To Chiang Saen — Temple', 'moderate', 'Chiang Rai to Chiang Saen (B, L)
After breakfast, we cycle 14 km along dirt roads flanked by rice paddies to Chiang Rai''s spectacular white temple, Wat Rong Khun. Make sure you have your sunglasses on as we take in the splendour of one of Thailand''s most famous edifices. 

After leaving Chiang Rai, you follow the Kok River north through fruit plantations and paddies. 

Chiang Saen, the oldest urban settlement of Thailand and former capital of the Lanna Kingdom, is in a beautiful location on the banks of the Mekong River.

 In the afternoon, you can visit the viewpoint in the heart of the Golden Triangle.

Ride: 65 km (about 39 miles)
Accommodation: A Hotel Simply (Superior Garden view)

Overnight in Chiang Saen', 'ACTIVE', NOW());
INSERT INTO itineraries (id, tour_id, title, level, description, status, created_at)
VALUES (1105, 45, 'Day 5: Chiang Saen To Chiang Khong — Exploration', 'moderate', 'Chiang Saen to Chiang Khong (B, L)

The first stage of today’s ride is easy going. With mountain backdrops, the road follows the
Mekong river through picturesque hill tribe villages, tobacco and rice fields. 

The last 12 kilometers are more challenging, with some steep but short ascents. 

The road joins the main road just before the entry to Chiang Khong, the border entry to Laos. 

This is the last night that you will stay in Thailand on this tour.

Ride: 67 km (about 42 miles)
Accommodation: Chiang Khong Teak Garden River View Hotel (Superior Room)
Overnight in Chiang Khong Resort Hotel', 'ACTIVE', NOW());
INSERT INTO itineraries (id, tour_id, title, level, description, status, created_at)
VALUES (1106, 45, 'Day 6: Chiang Khong — Boat', 'moderate', 'Chiang Khong-Laos (Huay Xai to Pakbeng) (B, L)
After breakfast, we transfer you to the pier for your journey to Pakbeng. The Thai  team
will leave after dropping you off at the checkpoint and the Laos Team will guide you through to the crossing and on to the pier where a traditional mekong long boat will be waiting for you
Travel by boat down the Mekong: rest and relax. Take a good book and lots of food as the journey is about 8 hours 
Accommodation: Mekong Riverside Bungalows Hotel
Overnight in Pakbeng', 'ACTIVE', NOW());
INSERT INTO itineraries (id, tour_id, title, level, description, status, created_at)
VALUES (1107, 45, 'Day 7: Pakbeng To Oudomxay — Exploration', 'easy', 'Pakbeng to Oudomxay (B, L)
After a one-hour transfer, we are cycling in very rural Laos, an area inhabited by hill tribe villages who eke a meagre existence from the land. Along the way, you will pass villages of Phu Tai, Tai Lu, Hmong, Tai Dam, Lao and Khamu. 
The people are very friendly and not yet tired of seeing tourists. We stop at weaving villages along the way, where you still see families sitting in the shade weaving on old looms. After climbing a 300-meter pass, a long descent brings you to Oudomxay, the capital of the Oudomxay Province.

Jump in the Van to circumvent the city then cycle the last 15 km to Nam Kat Yoral Pa a beautiful resort on the banks of the Kat River

Ride: 80 KM (about 50 miles)
Accommodation: Namkat Yorla Pa (ECO room)

Overnight in Oudomxay', 'ACTIVE', NOW());
INSERT INTO itineraries (id, tour_id, title, level, description, status, created_at)
VALUES (1108, 45, 'Day 8: Oudomxay To Nong Khiaw — Exploration', 'moderate', 'Oudomxay to Nong Khiaw (B, L)
We''ll head back into the jungle for stretches of this spectacular route; although hilly, it soon gives way to gentler gradient and opens to magnificent scenery and finally a 30 km downhill ride to Pak Mong, a small Quaint depot town. from here it is a beautiful ride to Nong Khiaw. This is one of the more difficult days of the trip, so push yourself you will be rewards with a night’s rest at a resort, riverside bungalow and a dip in the pool underneath Elephant head mountain.

Ride: 120 KM (about 74 miles)
Accommodation: Phaxang Resort  (Standard)

Overnight in Nong Khiaw', 'ACTIVE', NOW());
INSERT INTO itineraries (id, tour_id, title, level, description, status, created_at)
VALUES (1109, 45, 'Day 9: Nong Khiaw — Waterfall', 'challenging', 'Nong Khiaw 100 waterfalls trek (B, L)
Nam Ou River Cruise, 100 Waterfall Trek.
Start the day with a peaceful boat ride on the Nam Ou River. Along the way, you''ll be able to explore a small Lao village along the river. Then we''ll hike through small streams and rice paddies to reach the base of the 100 waterfalls. 
For the following few hours, you''ll see only water and jungle and hear the sound of clear waterfall cascades. Your guide will lead you through the cascades and prepare a local-style lunch on the falls in the middle of it all. 
A small villagers’ trail on the top of the 100 waterfalls will lead us back down into the valley, offering wide views over the landscapes of the Nam Ou valley along the way. Hiking back to the village we will have more time to see the daily life.
Accommodation: Phaxang Resort  (Standard)
Overnight in Nong Khiaw', 'ACTIVE', NOW());
INSERT INTO itineraries (id, tour_id, title, level, description, status, created_at)
VALUES (1110, 45, 'Day 10: Nong Khiaw — Boat', 'moderate', 'Nong Khiaw - Luang Prabang (B, L, D)
A private boat on the Nam Ou river to take you to the starting point of flatter and better roads today that will enable you to complete the longer distance to Luang Prabang. 

Only a few minor passes have to be climbed before you''re cycling along the banks of the Nam Ou river with stunning views of huge mountain ranges. On the last stage of the day, you''ll be cycling through teakwood plantations before arriving in Luang Prabang.’

Dinner at a local Vocational Training restaurant for marginalized youth and a stroll through the night market before retiring the night

Ride: 95 KM (about 59 miles)
Accommodation: Sala Prabang
Overnight in Luang Prabang', 'ACTIVE', NOW());
INSERT INTO itineraries (id, tour_id, title, level, description, status, created_at)
VALUES (1111, 45, 'Day 11: Kuang Si Waterfalls — Waterfall', 'moderate', 'Kuang Si Waterfalls (B,L)
A one and a half hour trip to Kuang Si falls for a dip in the brilliant blue ice-cold waters is a must see in Laos. Luang Prabang remains one of Asia''s most beautiful historic towns, earning it the status of a World Heritage Site in 1995. and the falls are the biggest attraction. 
On  the return leg we will call in at Laos Buffalo dairy for a tour and a water buffalo selfie! this amazing project helps to train locals in animal nutrition and welfare and produces the best Ice Cream in Laos

Ride: 60 KM 
Accommodation: Sala Prabang
Overnight in Luang Prabang', 'ACTIVE', NOW());
INSERT INTO itineraries (id, tour_id, title, level, description, status, created_at)
VALUES (1112, 45, 'Day 12: Departure Day — Exploration', 'easy', 'Departure Day 
Free to Explore the city before transfer to the Airport in plenty of time for you onward flight', 'ACTIVE', NOW());

-- ===== LAOS-VIETNAM EXPLORER [BIKINGCYCLING (30)] =====
INSERT INTO destinations (id, country_id, name, status, created_at) VALUES (46, 1, 'Luang Prabang', 'ACTIVE', NOW()) ON DUPLICATE KEY UPDATE name=VALUES(name);
INSERT INTO tours (
    id, destination_id, sku, title, duration, price,
    summary, hightlight, included, not_included, status, created_at
) VALUES (
    46, 46, NULL, 'Laos-Vietnam Explorer',
    '12 DAYS', 2027,
    'Embark on an unforgettable journey through Laos-Vietnam Explorer. Experience the authentic culture, stunning landscapes, and warm hospitality of Laos. Your expert guide will take you off the beaten path for a truly immersive adventure.', 'Boat Trip on the Nam Ou to Muang Khua
Unesco world heritage city Luang Prabang
Muang Ngoi
Dien Bien Phu',
    'All sightseeing as described in the program above
Accommodation in hotels (Double and Twin) with Breakfast
 English speaking guide 
Admission fees to sights described above
Meals: B= breakfast, L= lunch, D= dinner as stated by each day in the itinerary
Lao PDR governmental tax and service charge
Luggage handling
Transportation in private a /c vehicles
Bike, Helmet Rental
Train Ticket ( Hanoi - Hue)
One tour Leader Free of Charge 
Souvenir Water Bottle 
donation to UXO Clean Up ($10)', 'All sightseeing as described in the program above
Accommodation in hotels (Double and Twin) with Breakfast
 English speaking guide 
Admission fees to sights described above
Meals: B= breakfast, L= lunch, D= dinner as stated by each day in the itinerary
Lao PDR governmental tax and service charge
Luggage handling
Transportation in private a /c vehicles
Bike, Helmet Rental
Train Ticket ( Hanoi - Hue)
One tour Leader Free of Charge 
Souvenir Water Bottle 
donation to UXO Clean Up ($10)',
    'ACTIVE', NOW()
);
INSERT INTO itineraries (id, tour_id, title, level, description, status, created_at)
VALUES (1126, 46, 'Day 1: Arrival In Luang Prabang — Exploration', 'moderate', 'ARRIVAL IN LUANG PRABANG (D)
Meet with our team for a short sunset ride around Luang Prabang to ensure we are confident for the journey ahead and to get acclimatized to life in SE Asia.  We will have an informal trip briefing and dinner at a local vocational training restaurant 
Khaiphaen Restaurant
Overnight in Luang Prabang', 'ACTIVE', NOW());
INSERT INTO itineraries (id, tour_id, title, level, description, status, created_at)
VALUES (1127, 46, 'Day 2: Luang Prabang — Waterfall', 'challenging', 'LUANG PRABANG - KUANG SI WATERFALLS- LONG LAO MAI (L,D)
We Depart early from Luang Prabang and cycle the mountain road to the beautiful Kuang-Si Falls, and a refreshing swim in the azure blue waters. After exploring the fall and a Laos-style BBQ lunch, we begin a 9km trek through the jungle to the serenity of Ban Long lao Mai. 
Ban long Laos Village offers a unique glimpse of 3 dominant ethnicities living side by side, This Khmu village has grown since the end of the Civil war and the government resettled Hmong Mountain people into the same area, it  was hard at first for the two vastly different cultures to get to know each other, it took a visit from a wild Tiger in 1981 to fully unite the people.After the trek and Dinner with our Homestay families we can toast some marshmallows and gaze at the starry sky.
Cycle 30km (tarmac)', 'ACTIVE', NOW());
INSERT INTO itineraries (id, tour_id, title, level, description, status, created_at)
VALUES (1128, 46, 'Day 3: Long Lao Mai — Trek', 'challenging', 'LONG LAO MAI-NONG KHOUAY (B,L,D)
Village life starts early with breakfast served at 7 am. Today we have a 3-hour jungle trek through the valley to Nong Khouay. You can leave your devices in your backpack as the village is totally ‘Off the Grid’ the small central store is the meeting place and friendly villagers will be keen to meet you and learn about your home over a coffee or cold beer. That evening we can share thoughts, examine the experience, and perhaps hear a story from ‘Grandpa’, a wise, witty village elder who loves making new friends.
Trek 9km', 'ACTIVE', NOW());
INSERT INTO itineraries (id, tour_id, title, level, description, status, created_at)
VALUES (1129, 46, 'Day 4: Nong Khaouy — Exploration', 'moderate', 'NONG KHAOUY – NONG KHIAW (80 KM) B,L
After a one hour Downhill on dirt road ride we hit the start to head north around Luang PRabang and into the Nam Ou valley, you''ll start cycling along the Nam Ou River to Pak Mong village, where we''ll stop for lunch. In the afternoon, the landscape around you will become more and more spectacular as you make your way into an area with huge limestone mountains. 
Overnight in a Nong Khiaw', 'ACTIVE', NOW());
INSERT INTO itineraries (id, tour_id, title, level, description, status, created_at)
VALUES (1130, 46, 'Day 5: Nong Khiaw Muang Khua Boat Ride On The Nam Ou River — Boat', 'moderate', 'NONG KHIAW MUANG KHUA BOAT RIDE ON THE NAM OU RIVER (B,L)
Today, you''ll enjoy a spectacular boat ride (4 to 5 hours) through a remote stretch of the Nam Ou River. Along the way, we will stop to visit some remote villages. 
Overnight in Maung Khua', 'ACTIVE', NOW());
INSERT INTO itineraries (id, tour_id, title, level, description, status, created_at)
VALUES (1131, 46, 'Day 6: Muang Khua — Exploration', 'easy', 'MUANG KHUA – VIETNAM BORDER (60 KM) & TRANSFER TO DIEN BIEN PHU (B,L)
Today, a challenging day of cycling will bring us to Vietnam. Most of the journey will be through primary forest, in which we will encounter hill tribe villages. After the border crossing, the Vietnamese agent will pick you up for transfer to Dien Bien Phu. The city is known throughout the world as a battlefield in the first Indochina War, an Asian version of Waterloo. The city is located in Muong Thanh Valley, an area famous for its tasty rice and Tai ethnic minority traditional dance.
Overnight in Dien Bien Phu', 'ACTIVE', NOW());
INSERT INTO itineraries (id, tour_id, title, level, description, status, created_at)
VALUES (1132, 46, 'Day 7: Dien Bien Phu — Exploration', 'easy', 'DIEN BIEN PHU – TUAN GIAO (80km)  (B,L)
Cycling from Dien Bien Phu to Tuan Giao is an easy 80 km through many Tai ethnicity villages to Tuan Giao (one notable climb is a mountain pass 15 km outside Dien Bien). Overnight in a guesthouse. 
Overnight in Tuan Giao', 'ACTIVE', NOW());
INSERT INTO itineraries (id, tour_id, title, level, description, status, created_at)
VALUES (1133, 46, 'Day 8: Tuan Giao — Exploration', 'moderate', 'TUAN GIAO – SON LA (70km) (B,L)
Cycling from Tuan Giao to Son La. After a short transfer to the Pha Din pass (“Heaven and Earth” pass) to the summit of 1450 m, you will start the day with a 15 km downhill featuring a nice landscape of green rice fields and karst valley along the way. This stretch has light traffic, wandering water buffaloes, and Tai and Hmong children. Overnight in Hotel.

Overnight in Son La', 'ACTIVE', NOW());
INSERT INTO itineraries (id, tour_id, title, level, description, status, created_at)
VALUES (1134, 46, 'Day 9: Son La — Exploration', 'moderate', 'SON LA – MOC CHAU  (45km)(B,L)
After a short transfer, our day will be less hilly but no less spectacular, as we head off gradually downhill, our passage overshadowed by looming karst cliffs. After lunch, we''ll continue through lush, terraced rice paddies against the jagged cliff backdrop. 

Overnight in Moc Chau', 'ACTIVE', NOW());
INSERT INTO itineraries (id, tour_id, title, level, description, status, created_at)
VALUES (1135, 46, 'Day 10: Moc Chau — Exploration', 'moderate', 'MOC CHAU – MAI CHAU  (45km)(B,L)
After a hearty breakfast, we set off on a testing but spectacular day. Cycling along a narrow, quiet back road, we''ll head into a region predominantly populated by Black Tai (Tai Dam) minority cultures. As we near Mai Chau, situated at 1000m, we pass through plum orchards and corn and tea plantations. Overnight in a  homestay.
Overnight in Mai Chau', 'ACTIVE', NOW());
INSERT INTO itineraries (id, tour_id, title, level, description, status, created_at)
VALUES (1136, 46, 'Day 11: Mai Chau — Exploration', 'moderate', 'MAI CHAU – CUC PHUONG  (B,L)
Following the banks of the Ma River, this day will be an easy one. The scenery, however, is timeless and photo opportunities abound as you pedal through a working landscape of people and crops. In the late afternoon, you will get a transfer to Cuc Phuong National Park. Cuc Phuong is one of Vietnam''s most important nature reserves and contains the country''s largest area of primary forest. Visit the Primate Rescue Centre and learn about the plight of endangered species such as the Cat Ba Langur. Overnight in the Bungalow.
Distance 80km
Overnight in Cuc Phuong', 'ACTIVE', NOW());
INSERT INTO itineraries (id, tour_id, title, level, description, status, created_at)
VALUES (1137, 46, 'Day 12: Cuc Phuong — Exploration', 'moderate', 'CUC PHUONG -HANOI (B)
Today, your guide will be needed for another tour in Hanoi. Your van driver will help you ride the final leg to Hanoi. The ride is 40 km through Cuc Phuong forest to the park center and break for tea before taking a transfer to Hanoi. 
Overnight in Hanoi
End Of Services', 'ACTIVE', NOW());

-- ===== RIDE THE TRAIL [BIKINGCYCLING (30)] =====
INSERT INTO destinations (id, country_id, name, status, created_at) VALUES (47, 1, 'Hanoi- Xepon - Ho Chi Minh', 'ACTIVE', NOW()) ON DUPLICATE KEY UPDATE name=VALUES(name);
INSERT INTO tours (
    id, destination_id, sku, title, duration, price,
    summary, hightlight, included, not_included, status, created_at
) VALUES (
    47, 47, NULL, 'Ride The Trail',
    '14 DAYS', NULL,
    'Embark on an unforgettable journey through Ride the Trail. Experience the authentic culture, stunning landscapes, and warm hospitality of Laos. Your expert guide will take you off the beaten path for a truly immersive adventure.', 'Hanoi Night Life 
Night Train to Hue 
Xepon Secret War Museum 
Cu Chi Tunnels 
Historic War Sites 
War Scrap 
Ho Chi Minh City',
    '- All sightseeing as described in the program above
- Bike Rental, Helmets, and Locks
- Transportation in private a /c vehicles, usually a Hyundai truck,  Toyota 4x4 or Toyota  Hi-Ace Minivan 
- All Accommodation in hotels (Twin or Double), Homestays and Guesthouses
- English-speaking guide
- Meals: B= breakfast, L= lunch, D= dinner as stated in the daily itinerary
- Lao PDR governmental tax and service charge
- Luggage handling', '- All sightseeing as described in the program above
- Bike Rental, Helmets, and Locks
- Transportation in private a /c vehicles, usually a Hyundai truck,  Toyota 4x4 or Toyota  Hi-Ace Minivan 
- All Accommodation in hotels (Twin or Double), Homestays and Guesthouses
- English-speaking guide
- Meals: B= breakfast, L= lunch, D= dinner as stated in the daily itinerary
- Lao PDR governmental tax and service charge
- Luggage handling',
    'ACTIVE', NOW()
);
INSERT INTO itineraries (id, tour_id, title, level, description, status, created_at)
VALUES (1151, 47, 'Day 1: Hanoi — Exploration', 'easy', 'HANOI - HUE

Arrive in Hanoi and spend the day enjoying the sites of the city we will collect you in town then transfer to the train station for the Night Train to Hue 
Arrive in Hue this morning and begin cycling through town, across the Perfume River and to Hue''s Imperial Citadel. Explore the sprawling complex, rich with history, on foot before continuing the ride out to the countryside along dirt tracks to the Mausoleums of Tu Duc and Khai Dinh. Ride past relics and ruins until you reach the end of your journey at the beautiful Thien Mu Pagoda. Overnight in Hue.

After Lunch, we will Cycle to the Lagoon to explore the eco-tourism zone and take a trip to a stilted restaurant to enjoy cold drinks and fresh seafood 

45KM+ CYCLING (B, L, D)', 'ACTIVE', NOW());
INSERT INTO itineraries (id, tour_id, title, level, description, status, created_at)
VALUES (1152, 47, 'Day 2: Hue — Exploration', 'easy', 'HUE - A LUOI 
50KM+ CYCLING (B, L, D)

To start your lifetime’s adventure - we will pick you up before 9 am from Hue City, a celebrated place with royal connections and a key battleground during the 1968 Tet Offensive. After about an hour’s transfer by private bus, you will begin cycling. This is your first glimpse of the historic Ho Chi Minh Trail, now a peaceful location in the heart of our countryside and blessed with dense jungle. We head to A Luoi, where we stay the night, amidst one of the most fought-over areas during the war. In the distance Hamburger Hill is a battle conducted in 1969 and captured in the Hollywood film of 1987; a short visit can be arranged if you would like to see it.', 'ACTIVE', NOW());
INSERT INTO itineraries (id, tour_id, title, level, description, status, created_at)
VALUES (1153, 47, 'Day 3: A Luoi — Exploration', 'moderate', 'A LUOI - KHE SANH 
60KM CYCLING (B, L, D)

Today you will cycle north down the A Shau Valley; the location of a key entry point from Lao into South Vietnam which fed battles in and around Hue. This is a great way to start the day with fresh air, rural villages and the chance to meet local people. After around 20km we will take you off-road to Long Hill Pass. This is an area of lush dense forest, stunning vistas and rugged mountains. Upon arriving at the summit you will be invited to have fresh tropical fruits and soft drinks. After cycling downhill and along the river to A Luoi town, you will enjoy lunch. In the afternoon, there is a 15km cycle through picturesque scenery, before you are transferred by bus to Khe Sanh – where you will visit the museum which commemorates the famed Battle of Khe Sanh.', 'ACTIVE', NOW());
INSERT INTO itineraries (id, tour_id, title, level, description, status, created_at)
VALUES (1154, 47, 'Day 4: Khe Sanh — Exploration', 'moderate', 'KHE SANH - LAO BAO BORDER – XEPON
NO CYCLING (B, L, D)

Today you can relax as we drive you along Route 9 to the Lao border. Here you will meet our Lao team who will support the next phase of your remarkable journey. Route 9 was built during the French colonial period. In 1971, it saw Operation Lam Son 719, the aim of which was to cut the Trail using South Vietnamese forces, with the US providing logistics, aerial and artillery support. You will transfer to Xepon, via Ban Dong, both of which saw high levels of fighting. 

Yet your experience will not be that of war but of the tranquil Lao ways and the idyllic countryside, nevertheless – you will feel a temperature change, the saying goes – when the wind blows in Lao it burns everything in its path!

In the Afternoon we will arrange a meeting at the UXO centre to learn about the hazardous work required to clean up the countryside of unexploded ordnance that was dropped over a 9-year bombing campaign. The impact of the war on the people of Laos i still being felt today.', 'ACTIVE', NOW());
INSERT INTO itineraries (id, tour_id, title, level, description, status, created_at)
VALUES (1155, 47, 'Day 5: Xepon — Exploration', 'moderate', 'XEPON - SARAVANE  - TAD LO 
85 KM CYCLING 
Meals (B, L, D)

This is the longest and hardest day of the trip 
                            
After breakfast, we will transfer and then south into rural Lao. The forested hills and the occasional village make it a peaceful atmosphere. The first big town is Muang Nong on the banks of the Nam Se Lanong. 

We continue  on the Ho Chi Minh trail until we reach Muang Ta Oy  and transfer by van through Saravnae 

This is a remote part of the country yet the Trail here saw much activity with Saravane town itself being destroyed. This day is tough and in the evening you will be treated to some traditional local drink of Lao Lao to celebrate your achievement.

We end the day at Tad Lo Lodge', 'ACTIVE', NOW());
INSERT INTO itineraries (id, tour_id, title, level, description, status, created_at)
VALUES (1156, 47, 'Day 6: Tad Lo Waterfalls Cycle To Sekong — Waterfall', 'moderate', 'Tad Lo Waterfalls Cycle to Sekong 
75KM CYCLING 
Meals (B, L, D)
                   
In the early morning light, we can visit the beautiful waterfalls and take a dip in chilly waters before we start our day ride to Sekong. This is a new provincial region, built in the 1980s, and is a sleepy backwater on the banks of the Sekong River. 

Your day through the province of Sekong will be calm and fascinating as it has a low population but is the most ethnically diverse area in Lao, with some 14 different groups. In the evening you can try some local food and Lao Hai, alcohol in a jar, where water turns into wine!', 'ACTIVE', NOW());
INSERT INTO itineraries (id, tour_id, title, level, description, status, created_at)
VALUES (1157, 47, 'Day 7: Sekong To Attapeu — Boat', 'moderate', 'SEKONG TO ATTAPEU 
Cycling 0km 
Meals (B, L, D)

Up at Dawn to board local 3-man fishing boats to get a real taste of river life. we will amble our way down the river for calling at a village on the way. 
We will need long sleeves and lots of sunscreens as the boats are open-topped. 
we will meet the vans and stop at Don Chan for a riverside lunch.  before continuing an optional 25km by the river to Xakhe if time permits. 

from Xakhe it is 30km by road to Attapeu.', 'ACTIVE', NOW());
INSERT INTO itineraries (id, tour_id, title, level, description, status, created_at)
VALUES (1158, 47, 'Day 8: Attapeu — Exploration', 'moderate', 'ATTAPEU - BO Y BORDER - DAK TO 
65KM CYCLING (B, L, D) 

Attapeu town is nestled on the banks of the Sekong River and from here you cycle back over the Truong Son Mountain Range into South Vietnam. This is one of the most memorable parts of the Trail. When you travel towards Vietnam you will understand why this area is called the “Roof of Lao” - high mountain peaks, deep valleys and vast forested panoramas; with few visitors nature carries you through. 

Our Vietnamese representative will welcome you at the border, and transfer you to Dak To; a location of a former US airbase and several major battles.  Here you will dine with the group, reflecting on your great Lao achievements.', 'ACTIVE', NOW());
INSERT INTO itineraries (id, tour_id, title, level, description, status, created_at)
VALUES (1159, 47, 'Day 9: Dak To — Exploration', 'moderate', 'DAK TO - PLEIKU 
60KM CYCLING (B,L,D)

After an early breakfast, we visited US Phoenix Airfield and later Rocket Ridge, a giant escarpment where the US built Fire Bases including Charlie Hill, to stop the flow of traffic down the Trail. Pleiku is your next destination, which has some of the best coffee in Vietnam. As you cycle through a wide valley, surrounded by mountains, dotted with tea and coffee plantations, there will be the opportunity to visit the Jarai and Bhanar minority villages. Their communal houses, with very steep and tall roofs, are of great pride to each village because they define the regional landscape. 

Pleiku itself was an airbase, and in the spring of 1975, it was attacked to see if the US would return. When there was no action, there could be a push to take Buon Ma Thuot.', 'ACTIVE', NOW());
INSERT INTO itineraries (id, tour_id, title, level, description, status, created_at)
VALUES (1160, 47, 'Day 10: Pleiku To Buon Ma Thuot — Exploration', 'moderate', 'PLEIKU TO BUON MA THUOT 
70KM CYCLING (B, L, D)

Today you cycle a historic route. In 1975 the region became a vital part of the Battle of Buon Ma Thuot and soon after saw the launch of the Ho Chi Minh Campaign which led to the fall of Saigon. After breakfast, you have a short transfer from the hotel to where you will start cycling.

From here you will ride for 30km through rolling hills, coffee plantations and small villages before turning off onto an offbeat backroad. For 25km this backroad goes through stunning rubber plantations to a backdrop of small rolling hills. 

The last 10km is on a beautiful rural road that eventually widens and wanders through small farms and villages. A picnic-style lunch will be taken on the way. At the end of the cycle, there will be a 6km transfer to the hotel in Buon Me Thuot.', 'ACTIVE', NOW());
INSERT INTO itineraries (id, tour_id, title, level, description, status, created_at)
VALUES (1161, 47, 'Day 11: Buon Ma Thuot — Exploration', 'easy', 'BUON MA THUOT - DONG XOAI - HCMC 
60KM CYCLING (B, L, D)

We left Buon Me Thuot by bus in the early morning, saying goodbye to the biggest coffee city in Vietnam then immersed ourselves in the famous Ho Chi Minh trail and its magnificent scenery. Our stops today include visits to rubber, pepper, coffee, and curry plantations. We will get as close as it gets to the Cambodian border on the real war remnants'' HCM trail. 

In the evening light,', 'ACTIVE', NOW());
INSERT INTO itineraries (id, tour_id, title, level, description, status, created_at)
VALUES (1162, 47, 'Day 12: Dong Xoai — Exploration', 'easy', 'DONG XOAI - CHON THANH - CU CHI - HO CHI MINH CITY 
20KM CYCLING (B,L)

This is your great victory day as you cycle from Dong Xoai to Chon Thanh, the endpoint of Truong Son – the Ho Chi Minh Trail. 

We spent a little time at the monument erected at Chon Thanh crossroads to mark the endpoint, located in front of the People''s Committee of Chon Thanh. During a 3-hour transfer to Cu Chi tunnels, lunch is served. At Cu Chi, we learn how people fought using simple weapons, as well as going down into the small tunnels dug by the Viet Cong. After learning the history here, we continue our driving toward Ho Chi Minh City. 

This is where your lifetime’s adventure concludes upon arrival at your hotel congratulations you have conquered the Trail.

*Itinerary is subject to change depending on road conditions and availability of rooms*', 'ACTIVE', NOW());

-- ===== 3 RIVERS DISCOVERY LOOP [BIKINGCYCLING (30)] =====
INSERT INTO destinations (id, country_id, name, status, created_at) VALUES (48, 1, 'Luang Prabang', 'ACTIVE', NOW()) ON DUPLICATE KEY UPDATE name=VALUES(name);
INSERT INTO tours (
    id, destination_id, sku, title, duration, price,
    summary, hightlight, included, not_included, status, created_at
) VALUES (
    48, 48, NULL, '3 Rivers Discovery Loop',
    '14 DAYS', 3655,
    'Embark on an unforgettable journey through 3 Rivers Discovery Loop. Experience the authentic culture, stunning landscapes, and warm hospitality of Laos. Your expert guide will take you off the beaten path for a truly immersive adventure.', '• UNESCO World Heritage Sites
• Expert English-speaking guide
• Authentic cultural experiences
• Small group, private service
• All entrance fees included',
    'All sightseeing tour and transfer services as detailed in the above itinerary
All accommodations as detailed 
Air-conditioned support vehicle
Bike rental with helmet
English-speaking local guide 
All entrance fees for attractions included in the above itinerary
Daily drinking water, cool face towels & snacks while cycling
4x4 vehicle to Preah Vihear Temple
Boat trip as mentioned
All meals as detailed in the above itinerary
(B = Breakfast - L = Lunch - D = Dinner)', 'All sightseeing tour and transfer services as detailed in the above itinerary
All accommodations as detailed 
Air-conditioned support vehicle
Bike rental with helmet
English-speaking local guide 
All entrance fees for attractions included in the above itinerary
Daily drinking water, cool face towels & snacks while cycling
4x4 vehicle to Preah Vihear Temple
Boat trip as mentioned
All meals as detailed in the above itinerary
(B = Breakfast - L = Lunch - D = Dinner)',
    'ACTIVE', NOW()
);
INSERT INTO itineraries (id, tour_id, title, level, description, status, created_at)
VALUES (1176, 48, 'Day 1: As We Arrive In The Enchanting Town Of Luang Prabang — Temple', 'easy', 'As we arrive in the enchanting town of Luang Prabang, nestled along the mighty Mekong River, we’re welcomed by serene temples, golden light, and the gentle hum of riverside life. A comfortable hotel awaits us by the water—an ideal spot to unwind and take in the calm flow of this ancient city. In the evening, our guide joins us to check our bikes, and we gather for a welcome dinner at a local restaurant, rich in Lao flavours and warmth.', 'ACTIVE', NOW());
INSERT INTO itineraries (id, tour_id, title, level, description, status, created_at)
VALUES (1177, 48, 'Day 2: Our Journey Begins At The Lao Buffalo Dairy — Exploration', 'moderate', 'Our journey begins at the Lao Buffalo Dairy, where community spirit and creamy cheeses set a joyful tone. From here, we ride along tranquil backroads, past traditional villages and rolling hills, toward the sleepy town of Maung Nan. The route often follows the whispers of the Nam Lik River, offering glimpses of water glistening through bamboo groves. After a riverside lunch, we transfer to Kasi, where small eateries and a cosy guesthouse welcome us.
Cycle: 60 km', 'ACTIVE', NOW());
INSERT INTO itineraries (id, tour_id, title, level, description, status, created_at)
VALUES (1178, 48, 'Day 3: This Morning — Exploration', 'moderate', 'This morning, we set off through a wide green valley, with towering mountains on either side and the Nam Lik River never far from view. Along the way, we may pass herds of cattle basking on the warm tarmac. Muang Met greets us with its fresh roads and old-world charm. With just a few guesthouses and gracious locals, it’s the kind of place where time seems to pause, perfect for a relaxed evening under the stars.
Cycle: 55 km
Overnight in Muang Met', 'ACTIVE', NOW());
INSERT INTO itineraries (id, tour_id, title, level, description, status, created_at)
VALUES (1179, 48, 'Day 4: Today — Exploration', 'moderate', 'Today, we climb into the highlands, crossing a remote mountain pass with the help of a local tractor for the steepest bits—a proper Lao-style adventure! As we descend through the village of Nang Po, we stop for a packed lunch, enjoying views of karst peaks rising in the distance. Our final stretch brings us into Muang Fuang, underneath two towering limestone massifs.
Cycle: 55 km
Overnight in a Chalet with a mountain view', 'ACTIVE', NOW());
INSERT INTO itineraries (id, tour_id, title, level, description, status, created_at)
VALUES (1180, 48, 'Day 5: Before Dawn — Trek', 'challenging', 'Before dawn, we witness a rare and beautiful ritual: long-tail boats glide down the Nam Lik River as monks from local monasteries receive alms and bless the riverside community. After breakfast, we cycle a scenic loop through the Fuang Valley, climbing to the Pha Phou viewpoint for sweeping views over mountains and rice fields. Later, we float downstream on the Nam Lik aboard a longboat—lunch, music, and laughter carried on the current.
Cycle: 25 km | Trek: 3 km
Overnight in a Chaleet with a mountain view', 'ACTIVE', NOW());
INSERT INTO itineraries (id, tour_id, title, level, description, status, created_at)
VALUES (1181, 48, 'Day 6: We Continue South Along Quiet Gravel Roads — Temple', 'easy', 'We continue south along quiet gravel roads, the Nam Lik River gently guiding our path. Traditional villages dot the landscape, and we stop at a remarkable new temple adorned with 1,000 golden Buddha statues. After lunch in Muang Mon, we transfer to the banks of the Mekong River and journey on to Vientiane. Sunset drinks on the riverbank are the perfect way to celebrate the day''s ride.
Cycle: 65 km 
Overnight in a City Centre Hotel', 'ACTIVE', NOW());
INSERT INTO itineraries (id, tour_id, title, level, description, status, created_at)
VALUES (1182, 48, 'Day 7: Today We Uncover The Heart Of Laos — Exploration', 'easy', 'Today we uncover the heart of Laos’ capital: the grand Patuxay Monument, the deeply moving COPE Center, and the radiant stupa of That Luang. At the Lao Museum of Art, we admire intricate wood carvings and paintings—echoes of the country''s soul. The Mekong River winds through the city, a constant and calming presence.
Cycle: 25km
Overnight in a City Centre Hotel', 'ACTIVE', NOW());
INSERT INTO itineraries (id, tour_id, title, level, description, status, created_at)
VALUES (1183, 48, 'Day 8: We Visit The Fascinating Buddha Park — Exploration', 'moderate', 'We visit the fascinating Buddha Park, where whimsical stone sculptures line the riverbank. Then we pedal away from the bustle of the capital, winding through lush countryside toward the picturesque Nam Pien Yorla Pa Resort. Set in forested hills with clear water and open skies, it’s a perfect retreat—and yes, there’s a pool waiting.
Cycle: 55km
Overnight in a Jungle Eco-resort', 'ACTIVE', NOW());
INSERT INTO itineraries (id, tour_id, title, level, description, status, created_at)
VALUES (1184, 48, 'Day 9: Today Is Yours To Enjoy At Your Own Pace — Exploration', 'moderate', 'Today is yours to enjoy at your own pace. Explore the on-site Ecology Museum or Wildlife Conservation Centre, zip through the trees on rope courses, or unwind by the pool. The sounds of the forest and flowing water create the perfect soundtrack for rest and renewal.
Overnight in a Jungle Eco-resort', 'ACTIVE', NOW());
INSERT INTO itineraries (id, tour_id, title, level, description, status, created_at)
VALUES (1185, 48, 'Day 10: After Breakfast — Boat', 'moderate', 'After breakfast, we ride to the village of Ban Khune before boarding a long-tail boat across a serene lake to our next destination: a lakeside sanctuary surrounded by limestone cliffs and bird calls. As always, the rivers guide us deeper into nature.
Cycle 60km 
Overnight in a lakeside resort', 'ACTIVE', NOW());
INSERT INTO itineraries (id, tour_id, title, level, description, status, created_at)
VALUES (1186, 48, 'Day 11: We Transfer To Vang Vieng — Trek', 'challenging', 'We transfer to Vang Vieng, where we lace up for a climb to Big Pha Ngern. The views from the top are jaw-dropping: the Nam Song River winds below through emerald rice paddies and karst peaks. After descending, we hop on bikes to visit the hidden Blue Lagoons 2 and 3—refreshing turquoise pools where we swim and play in the shadow of the jungle.
Cycle 35km Trek 5km 
Overnight in a lakeside resort', 'ACTIVE', NOW());
INSERT INTO itineraries (id, tour_id, title, level, description, status, created_at)
VALUES (1187, 48, 'Day 12: An Optional Morning Kayak On The Lake Starts The Day — Exploration', 'moderate', 'An optional morning kayak on the lake starts the day, or sleep in and enjoy the peaceful setting. Then we board the scenic train ride back to Luang Prabang. As evening falls, we drift down the Mekong River on a sunset cruise, savouring the golden hour and the gentle rhythm of the water.
Overnight in a luxury hotel', 'ACTIVE', NOW());
INSERT INTO itineraries (id, tour_id, title, level, description, status, created_at)
VALUES (1188, 48, 'Day 13: A Morning Transfer Takes Us To Long Lao Mai — Trek', 'challenging', 'A morning transfer takes us to Long Lao Mai, a traditional Hmong village. From here, we trek through rice fields and shaded jungle paths to the spectacular Kuang Si Falls. Cool turquoise cascades await! Our bikes are ready nearby for a gentle ride back to Luang Prabang, following winding paths that occasionally reveal glimmers of the Mekong once more.
Cycle 30km Trek 9 km 
Overnight in a luxury hotel', 'ACTIVE', NOW());
INSERT INTO itineraries (id, tour_id, title, level, description, status, created_at)
VALUES (1189, 48, 'Day 14: Today — Exploration', 'moderate', 'Today, we say goodbye to this beautiful country of rivers, mountains, and unforgettable memories. The Nam Song, Nam Lik, and Mekong have carried us far, but their spirit flows on.', 'ACTIVE', NOW());

-- ===== PAKSE TO SIEM REAP CYCLE VIA 4000 ISLANDS AND PREAH VIHEAR [BIKINGCYCLING (30)] =====
INSERT INTO destinations (id, country_id, name, status, created_at) VALUES (49, 1, 'Pakse to Siem Reap Cycle via 4000 Islands and Prea', 'ACTIVE', NOW()) ON DUPLICATE KEY UPDATE name=VALUES(name);
INSERT INTO tours (
    id, destination_id, sku, title, duration, price,
    summary, hightlight, included, not_included, status, created_at
) VALUES (
    49, 49, NULL, 'Pakse To Siem Reap Cycle Via 4000 Islands And Preah Vihear',
    '14 days', 4330,
    'Embark on an unforgettable journey through Pakse to Siem Reap Cycle via 4000 Islands and Preah Vihear. Experience the authentic culture, stunning landscapes, and warm hospitality of Laos. Your expert guide will take you off the beaten path for a truly immersive adventure.', '• UNESCO World Heritage Sites
• Expert English-speaking guide
• Authentic cultural experiences
• Small group, private service
• All entrance fees included',
    '-All sightseeing as described in program above
-Bike Rental, Helmets and Locks
-Transportation in private a /c vehicles-
- 5 Nights Accommodation in hotels (Twin or Double)
- English speaking guide
 -Meals: B= breakfast, L= lunch, D= dinner
- Lao PDR governmental tax and service charge
- Luggage handling
- All Boat Transfers
- Souvenir  Cycle Jersey', '-All sightseeing as described in program above
-Bike Rental, Helmets and Locks
-Transportation in private a /c vehicles-
- 5 Nights Accommodation in hotels (Twin or Double)
- English speaking guide
 -Meals: B= breakfast, L= lunch, D= dinner
- Lao PDR governmental tax and service charge
- Luggage handling
- All Boat Transfers
- Souvenir  Cycle Jersey',
    'ACTIVE', NOW()
);
INSERT INTO itineraries (id, tour_id, title, level, description, status, created_at)
VALUES (1201, 49, 'Day 1: Pakse — Waterfall', 'moderate', 'Pakse- Paksong (B,L)
After Breakfast, a beautiful flat cycle through the  plateau to the peaceful town of
Paksong. The climate of the plateau with its cooler temperatures and abundant rainfall makes it
the perfect place for coffee production.
This area is rich in ethnic groups, predominantly Laven whose villages straddle the road between Pakse and
Paksong on the western edge of the plateau, visit Tad E-Tu Waterfall. Continue to Tad Fane
The waterfall is the highest in Champasak Province.
Ride 50km

Accommodation: Sinouk Coffee Residence

Overnight in Paksong', 'ACTIVE', NOW());
INSERT INTO itineraries (id, tour_id, title, level, description, status, created_at)
VALUES (1202, 49, 'Day 2: Paksong To Salavan To Tad Lo — Temple', 'moderate', 'Paksong to Salavan to Tad Lo (B,L)
Up early today to transfer to the Capitol of Salavan Province to visit the UXO operations camp 
we can see the continued efforts to clear the land of unexploded munitions left over from the
‘Secret War’ was a 9-yearyear US bombing campaign which dropped over 2,000,000 tonnes of explosives
on Laos. We can also cycle around the ruined temple complexes before departing after lunch
This area is rich in ethnic groups, predominantly Laven. Route the road between Pakse and
Paksong on the western edge of the plateau, visit Tad Lo Waterfall. And a peaceful night in
earshot of the waterfall.

Ride: 60 KM Accommodation: Tad Lo Lodge
Overnight in Tad Lo', 'ACTIVE', NOW());
INSERT INTO itineraries (id, tour_id, title, level, description, status, created_at)
VALUES (1203, 49, 'Day 3: Tad Lo To Pakse — Waterfall', 'easy', 'Tad Lo to Pakse (B,L)
Our final day on the Plateau sees us cycle the remaining leg back to Pakse calling in at Tad
Pasuam waterfalls before returning to the city. The countryside continues to amaze and the
welcome and interest we will receive from the villagers is unparalleled
Ride: 40 KM Max,- Transfer 30km
Accommodation; Residence Sisouk

Overnight in Pakse', 'ACTIVE', NOW());
INSERT INTO itineraries (id, tour_id, title, level, description, status, created_at)
VALUES (1204, 49, 'Day 4: Pakse — Exploration', 'moderate', 'Pakse- Champasak (B,L)

Today we head over the river to cycle along the Mekong on the 14a, a quiet feeder road to the
historical and quaint town of Champasak here we have the afternoon free to explore the town or
sit with a coffee and watch the world trickle by whilst getting to know the Lao-calls.
Ride: 4O KM
Accommodation: Local Guesthouse

Overnight in Champasak', 'ACTIVE', NOW());
INSERT INTO itineraries (id, tour_id, title, level, description, status, created_at)
VALUES (1205, 49, 'Day 5: Champasak — Exploration', 'moderate', 'Champasak - Wat Phou - Don Khong (B,L)
From the town centre we cycle to the Unesco-protected site of Wat Phou the oldest Khmer Hindu
site outside of Cambodia this incredible ruin is one of the true hidden treasures of Laos. after we
follow the Mekong south to the mouth of the dreamy 4000 islands region here, it is recommended
to find a cold beer and a hammock and watch the sunset spill into the idyllic Mekong.
Ride 15-20km
Transfer 80km
Accommodation: Best local guest house

Overnight in Don Khong', 'ACTIVE', NOW());
INSERT INTO itineraries (id, tour_id, title, level, description, status, created_at)
VALUES (1206, 49, 'Day 6: Don Khong — Waterfall', 'moderate', 'Don Khong-Don Khone (B,L)
The final morning ride through paddy fields and fertile farmland follows the river south, there are
plenty of beautiful stops for snacks and photos.
Pack the bikes away and float into our final night''s stay on a private boat. (if Available) .
Relaxation and amazing Mekong sunsets remain at the top of the experience on this island with
the bonus of being in closer proximity to two waterfalls, a swimmable beach area, far
superior food options than Don Dhet and fascinating history. It’s hard to believe that this sleepy,
passive island was once the staging point for French colonial ambition.

Ride: 30 KM (about 40 miles)
Accomodation: Sala din guesthouse', 'ACTIVE', NOW());
INSERT INTO itineraries (id, tour_id, title, level, description, status, created_at)
VALUES (1207, 49, 'Day 7: Border Departure And Arrival In Stung Treng — Boat', 'moderate', 'Border departure and Arrival in Stung Treng        (B, L, D)                
After the formality at the border, meet the Cambodian guide, who will accompany us for the remainder of the journey to allow the best local knowledge. From here, we start cycling over silent roads through green fields and forests towards the O’Svay community. Get a true taste of rural life with lunch with a local family, a unique opportunity to experience Khmer hospitality.                                        
After lunch, you will board a local longtail boat that will take you out onto the river and through the rapids, riffles and swirling pools below the falls to spot the endangered Irrawaddy Dolphins, as they live and hunt in the numerous pools in this area.                                
Later, return downstream to your overnight camp on Koh Lon Island in the middle of the Mekong River. Settle in for the evening in your basic tented accommodation while our team rustles up a delightful evening meal. Take a refreshing dip in the river or sit back with a cold one while the sun descends.
                                        
Cycling Distance: 60 km Approx                                        
Meal: Lunch, BBQ Dinner
Accommodation: Tented Camp on Mekong Island + Breakfast', 'ACTIVE', NOW());
INSERT INTO itineraries (id, tour_id, title, level, description, status, created_at)
VALUES (1208, 49, 'Day 8: Stung Treng To Preah Vihear — Temple', 'moderate', 'Stung Treng To Preah Vihear        (B, L, D)                
We transfer north this morning, towards the Kulen Prum Tep Wildlife Sanctuary, we then begin our ride. As we near the border with Thailand, the scenery becomes more verdant and the road turns from flat into rolling hills. Our final destination is the Hindu temple of Preah Vihear, a UNESCO World Heritage Site perched 1722 feet up on the edge of a cliff with stunning views for miles around, built on the Poy Tady Cliff (525 m) in the mountainous region of Dangrek in northern Cambodia. The complex is one of the most impressive structures of the Angkor period, not only because of its spectacular location.                                        
We will drive up to the top of Preah Vihear temple by 4-wheel drive and spend a couple of hours exploring this world heritage site. Most visitors to the site are Khmer people who have travelled by road from far away to see the handiwork of their ancestors.
Cycle 70km                                        
Meal: Breakfast, Lunch, Dinner
Accommodation: Preah Vihear Jaya Hotel – Deluxe Room + Breakfast', 'ACTIVE', NOW());
INSERT INTO itineraries (id, tour_id, title, level, description, status, created_at)
VALUES (1209, 49, 'Day 9: Preah Vihear — Temple', 'challenging', 'Preah Vihear – Koh Ker – Banteay Srei (B, L, D)
This morning we drive to a remote archaeological site of Koh Ker hidden deep within the Cambodian jungle. The site is massive, spanning 81 square miles and more than 180 different sanctuaries with very few other visitors. Of particular interest is the unique pyramid-style temple which has 7 separate tiers and rises 118 feet high—the largest of its kind in the country.

Afterwards, we enjoy a beautiful ride through rolling hills to the picturesque temple of Beng Mealea. Laden with massive strangler figs whose roots grip the temple walls, our exploratory spirit is encouraged to delve deeper into the ancient ruins, one of the few in Cambodia we’re allowed to climb through. After trekking through the temple and surrounding forest, we transfer to Banteay Srei to spend the night at a homestay.

Meals included: B, L
Distance cycled: 60km                                                                                   
Accommodation Bong Thom Homestay – Premier Villa – Forest View + Breakfast', 'ACTIVE', NOW());
INSERT INTO itineraries (id, tour_id, title, level, description, status, created_at)
VALUES (1210, 49, 'Day 10: Banteay Srei — Temple', 'moderate', 'Banteay Srei – Siem Reap (B,L,D)
Breakfast at your homestay, we then ride to Banteay Srei temple, through the wonderful Cambodian countryside inhabited by friendly villagers. On the way, stop at a couple of villages for a close encounter with everyday local life. Arrive at the temple of Banteay Srei, decorated with floral motifs and scenes from the Ramayana. 

After lunch, we continue your Angkor encounter with a visit to the spectacular temples of the Grand Circuit, beginning with Preah Khan or ‘Sacred Sword’, one of the largest temples at Angkor. Then it’s onwards to Neak Pean surrounded by fountains and ponds, then to Ta Som and its famous strangler fig tree. Finally, you arrive at Pre Rup, a pleasant spot to experience another Angkor sunset if you wish. This evening dinner will be served in a local restaurant.

Meals included: B, L
Distance cycled: 60km', 'ACTIVE', NOW());
INSERT INTO itineraries (id, tour_id, title, level, description, status, created_at)
VALUES (1211, 49, 'Day 11: Angkor Cycle — Temple', 'easy', 'Angkor Cycle (B,L)
After breakfast, we begin your cycling exploration of the incredible Angkor temples, focusing on the Small Circuit featuring the pyramid of Takeo, the jungle-clad Ta Prohm, Sras Srang known as the King’s bathing pond; and the impressive Royal City of Angkor Thom where you will find the Bayon, a temple famed for its many gigantic carved smiling faces. You will also visit other important sites in this immense walled city, including the pyramid of Baphuon, Phimeanakas and the royal viewing stands known as the Terrace of the Elephants and the Terrace of the Leper King. 

After lunch, visit the incredible and majestic Angkor Wat. In the late afternoon, you cycle to an excellent spot to experience a magnificent Angkor sunset. 

Meals included: B, L
Distance cycled: 40km', 'ACTIVE', NOW());
INSERT INTO itineraries (id, tour_id, title, level, description, status, created_at)
VALUES (1212, 49, 'Day 12: Rolous And Tonle Sap — Temple', 'moderate', 'Rolous and Tonle Sap
We pedal east on small trails through pleasant countryside and small villages en route to Wat Trak temple. After lunch, continue cycling to the Roluos group, the oldest of all Angkorian temples. Visit the temples of Preah Ko, Loeli and the pyramid of Bakong.

After lunch, we continue to cycle on back roads through the village to take a boat trip on Tonle Sap, you board a small wooden boat for the journey to the floating and stilted village of Kompong Phluk and witness this incredible floating community. Depending on the lake level you will also have the surreal experience of being paddled amongst tree tops as you explore the flooded enchanted forest and witness the vast expanse of the Tonle Sap Lake, the largest in South East Asia. This evening you will enjoy dinner and a traditional Apsara dance show at a local restaurant.

Meals included: B, L, D
Distance cycled: 30km 

(Note: Due to low water levels during the dry season, the boat trip is only possible from July to March. However, an alternative floating village at Chong Khneas can be arranged instead).', 'ACTIVE', NOW());
INSERT INTO itineraries (id, tour_id, title, level, description, status, created_at)
VALUES (1213, 49, 'Day 13: Siem Reap Free Day And  Departure — Exploration', 'moderate', 'Siem Reap free day and  Departure', 'ACTIVE', NOW());
INSERT INTO itineraries (id, tour_id, title, level, description, status, created_at)
VALUES (1213, 49, 'Day 13: Laos — Exploration', 'moderate', 'Explore the wonders of day 13.', 'ACTIVE', NOW());

-- ===== YUNNAN BREEZES AND LAOS TRAILS [BIKINGCYCLING (30)] =====
INSERT INTO destinations (id, country_id, name, status, created_at) VALUES (50, 1, 'Cycling the Dragon Tail', 'ACTIVE', NOW()) ON DUPLICATE KEY UPDATE name=VALUES(name);
INSERT INTO tours (
    id, destination_id, sku, title, duration, price,
    summary, hightlight, included, not_included, status, created_at
) VALUES (
    50, 50, NULL, 'Yunnan Breezes And Laos Trails',
    '14 days', 3635,
    'Embark on an unforgettable journey through Yunnan Breezes and Laos Trails. Experience the authentic culture, stunning landscapes, and warm hospitality of Laos. Your expert guide will take you off the beaten path for a truly immersive adventure.', 'Ancient Dali 
Vibrant Kunming markets 
Hill Tribes 
Boat trip on Nam Ou
Spectacular Road Cycling 
100 waterfall trek',
    'All sightseeing as described in the program above
Night Safari  
Accommodation in hotels (Double and Twin) with Breakfast
 Bike Rental with helmets and safety gear
 English-speaking guide 
Admission fees to the sights described above
Meals: B= breakfast, L= lunch, D= dinner as stated by each day in the itinerary
Lao PDR governmental tax and service charge
Luggage handling', 'All sightseeing as described in the program above
Night Safari  
Accommodation in hotels (Double and Twin) with Breakfast
 Bike Rental with helmets and safety gear
 English-speaking guide 
Admission fees to the sights described above
Meals: B= breakfast, L= lunch, D= dinner as stated by each day in the itinerary
Lao PDR governmental tax and service charge
Luggage handling',
    'ACTIVE', NOW()
);
INSERT INTO itineraries (id, tour_id, title, level, description, status, created_at)
VALUES (1226, 50, 'Day 1: Arrival In Kunming China — Exploration', 'easy', 'Arrival in Kunming China (D)

Today you arrive in the Kunming airport. Your guide will meet you at the airport and transfer you to your hotel. Your guide will take you to have a local feast as a welcome dinner in the evening and go through the itinerary with you.
 
Kunming, known as the “Sping City” due to its pleasant climate all year around, is the capital city of Yunnan Province in China. The city is famous for its beautiful scenery, rich culture heritage, and diverse ethnic groups. If you arrive a couple of days earlier, there are some top attractions you shouldn’t miss, such as Western Hills scenic area, Haigeng Park located on the banks of Dianchi Lake, Guangdu Ancient town…', 'ACTIVE', NOW());
INSERT INTO itineraries (id, tour_id, title, level, description, status, created_at)
VALUES (1227, 50, 'Day 2: Li Jiang And Ride Around Baisha — Temple', 'moderate', 'Li Jiang and ride around Baisha (B, D)
After breakfast in the hotel, we will take a fast train to Lijiang (around 3.5 hours). After check in at a hotel in Suhe old town, we head out on the bike ride to the ancient village of Baisha, famed for its preserved frescoes. We will cycle offroad through Naxi and Yi villages and farmland. There is one hill to climb before reaching the Yufeng temple. In the evening we have the opportunity to soak up Lijiang''s nightlife. 

Cycling 30km Altitude 2400m', 'ACTIVE', NOW());
INSERT INTO itineraries (id, tour_id, title, level, description, status, created_at)
VALUES (1228, 50, 'Day 3: Lijiang — Exploration', 'moderate', 'Lijiang - Shaxi (B, L, D)
Today we''ll transfer to Tai''an village ( about 20-30km) to cycle on quiet backroads to our destination in Shaxi Old Town. A big descent brings us back onto a main road for a section into Jiannchuan. We’ll stop near Jianchuan for lunch before continuing along the main road for a shorter section before making our way over a series of short climbs before a final long descent into Shaxi. It is a perfect place to get lost in the narrow, cobblestone alleyways, get a close look at intricately carved wooden entrances and hopefully catch glimpses of the well‐fenced and attractive courtyards of many of the homes in Shaxi. Sideng Square is the centre of the old town, formed as part of the Tea Horse route during the Tang dynasty in 618. Sahxi is UNESCO listed as it is one of the most intact tea horse trading towns left remaining in China. 

Cycling 80km Altitude 2100m', 'ACTIVE', NOW());
INSERT INTO itineraries (id, tour_id, title, level, description, status, created_at)
VALUES (1229, 50, 'Day 4: Shaxi To Eryuan Hot Springs — Exploration', 'moderate', 'Shaxi to Eryuan Hot Springs  (B, L, D)
We hit the road with a smooth run through an intimate valley, passing by quaint villages, forest and farmland. The views get progressively more expansive as we climb to the top of a pass, cycling through a heavily wooded forest of pine trees. The view is spectacular but it’s a testing climb so the support vehicle will be ready for those that need it. The road down is endless hairpins on a smooth sealed road. Finally, we cycle down through a ravine into Eryuan, the location of our hotel for the night and their relaxing hot springs. We’ll soothe our muscles in the naturally occurring spring water. 

Cycle 100km  Altitude 2060', 'ACTIVE', NOW());
INSERT INTO itineraries (id, tour_id, title, level, description, status, created_at)
VALUES (1230, 50, 'Day 5: Cycle To Dali Old Town — Temple', 'moderate', 'Cycle to Dali Old Town (B, L, D)
Today is our last day ride in Yunnan! We share our cycling with bell‐laden horses and carts as we continue traveling toward Dali. We follow a circuitous route that takes us between the huge Er Hai Lake and the towering Cangshan Mountain, skirting the shores of this inland sea, and passing through fishing villages, farming communities and ancient temples. This is a spectacular finale as we head up the hill toward the ancient walled capital, Dali. Home to the Bai people, the architecture in the old town and surrounding villages shows off these people’s fine woodworking and artistry, with some of the more aesthetically pleasing craftmanship you’ll find in China. 

The old town is a haven for tourists as there is a lot to explore in the area, and the fine weather and beautiful landscapes make it tempting to linger in Dali longer. We’ll feast and celebrate the completion of our ride with a beer or two. 

Dali and its surrounds are home to over 1.5 million Bai minority people whose culture, crafts and warm hospitality create its renowned laid-back atmosphere. Having lived in the region from the 3rd Century BC, they were one of the main tribes that established the powerful Nanzhao Kingdom (649-902). The Bai also established the Dali Kingdom (937-1253) before being toppled by the Mongols and incorporated into greater China.

Cycle 60km Altitude 1960 M', 'ACTIVE', NOW());
INSERT INTO itineraries (id, tour_id, title, level, description, status, created_at)
VALUES (1231, 50, 'Day 6: Explore Dali Old And The Bullet Train To Kunming — Exploration', 'moderate', 'Explore Dali Old and the Bullet train to Kunming  (B, L, D)
After breakfast today, you are free to move around. You can stroll around Dali old street, buy souvenirs, or climb the famous Cangshan mountain. Late afternoon, we’ll head out to Dali train station and about 2 hours journey back to Kunming. The hotel we stay at tonight is right next to Kunming South Station.', 'ACTIVE', NOW());
INSERT INTO itineraries (id, tour_id, title, level, description, status, created_at)
VALUES (1232, 50, 'Day 7: Kunming — Exploration', 'moderate', 'Kunming - Oudomxay (B, D)
The high-speed international train leaves at 8 am we will meet you on the Laos side around 2 pm bring a packed lunch. Be ready to cycle the 30km from the station to our hotel resort on the banks of the Kat River.', 'ACTIVE', NOW());
INSERT INTO itineraries (id, tour_id, title, level, description, status, created_at)
VALUES (1233, 50, 'Day 8: Oudomxay — Market', 'moderate', 'Oudomxay - Muang Khua  (B, L, D)
Gentle gradients and descents all the way today are an easy 100km. before arriving at Muang Khua, the gateway to the remote and diverse Phongsaly Province. 

We’ll be cycling in very rural Laos, an area inhabited by hill tribe villagers who eke a meagre existence from the land. Along the way, you will pass villages of Phu Thai, Thai Lu, Hmong, Thai Dam, Lao and Khamu. The people are very friendly and not yet tired of seeing tourists. 

Muang Khua is a border town bustling with trade, you can hear a mixture of languages, Lao, Hmong, Vietnamese and Mandarin at the bustling restaurants and markets. 

Overnight in Oudomxai', 'ACTIVE', NOW());
INSERT INTO itineraries (id, tour_id, title, level, description, status, created_at)
VALUES (1234, 50, 'Day 9: Muang Khua — Cave', 'moderate', 'Muang Khua - Nong Khiaw (B, L)
After breakfast, we head to the dock for a relaxing day spent aboard a traditional long-tail boat as we cruise down the Nam Ou River to the backpacker hideaway Nong Khiaw.  we will stop at local rural communities on the way 
Lunch is Maung Ngoi we will take some time to visit the cave complex before getting back on the river, 
It is a beautiful trip and the wildlife will stay in your memory for many years.

Overnight in Nong Khiaw', 'ACTIVE', NOW());
INSERT INTO itineraries (id, tour_id, title, level, description, status, created_at)
VALUES (1235, 50, 'Day 10: Nong Khiaw — Waterfall', 'challenging', 'Nong Khiaw 100 waterfalls Trek (B, L)
Nam Ou River Cruise, 100 Waterfall Trek.

Start the day with a peaceful boat ride on the Nam Ou River. Along the way, you''ll be able to explore a small Lao village along the river. Then we''ll hike through small streams and rice paddies to reach the base of the 100 waterfalls. 
For the following few hours, you''ll see only water and jungle and hear the sound of clear waterfall cascades. Your guide will lead you through the cascades and prepare a local-style lunch on the falls in the middle of it all. 

A small villagers’ trail on the top of the 100 waterfalls will lead us back down into the valley, offering wide views over the landscapes of the Nam Ou valley along the way. Hiking back to the village we will have more time to see daily life.
Accommodation: Mandala Ou Bungalows
Overnight in Nong Khiaw', 'ACTIVE', NOW());
INSERT INTO itineraries (id, tour_id, title, level, description, status, created_at)
VALUES (1236, 50, 'Day 11: Nong Khiaw — Cave', 'moderate', 'Nong Khiaw - Pak Ou (B, L, D)
Today start with a beautiful ride through the valley to Pakmong (30km) Then transfer for 1 hour to Hadpang before continuing to the Buddha caves of Pak Ou. Here we can swim in the river and enjoy the beach before staying in our floating Guesthouse 
Cycling: 80km', 'ACTIVE', NOW());
INSERT INTO itineraries (id, tour_id, title, level, description, status, created_at)
VALUES (1237, 50, 'Day 12: Pak Ou — Market', 'easy', 'Pak Ou - Luang Prabang  (B)
A short morning ride of 35 km to the city, we will call at some handicraft villages and see local artisans produce a traditional parchment called Saa Paper. before entering the city. you are free in the afternoon to relax and enjoy the traditional Hmong night market.', 'ACTIVE', NOW());
INSERT INTO itineraries (id, tour_id, title, level, description, status, created_at)
VALUES (1238, 50, 'Day 13: Kuang Si Waterfalls — Waterfall', 'easy', 'Kuang Si Waterfalls (B, L, D) Trek and Cycle
Start with a short transfer to the village of Long Lao,  a thriving Hmong community of around 80 families. The community manages an excellent 8km trail that finishes at the top of Kuang Si Falls. we can enjoy lunch and a swim in the crystal waters before 
We stop at the Laos Water Buffalo Dairy on the way back from the city for a Tour of this rare and interesting community project which educates locals in animal husbandry and welfare and also helps provide valuable income and diversification to remote rural villages, and makes some truly amazing Ice Cream!

A Farewell will be held at Khaiphean restaurant a local NGO that offers free vocational training to marginalized youth. 
Cycle 30km', 'ACTIVE', NOW());
INSERT INTO itineraries (id, tour_id, title, level, description, status, created_at)
VALUES (1239, 50, 'Day 14: Luang Prabang And Departure — Exploration', 'moderate', 'Luang Prabang and Departure (B)
We will escort you to the airport depending on your departure time', 'ACTIVE', NOW());

-- ===== LUANG PRABANG - NAMET NP - HALONG BAY [BIKINGCYCLING (30)] =====
INSERT INTO destinations (id, country_id, name, status, created_at) VALUES (51, 1, 'Luang Prabang - Namet NP - Halong Bay', 'ACTIVE', NOW()) ON DUPLICATE KEY UPDATE name=VALUES(name);
INSERT INTO tours (
    id, destination_id, sku, title, duration, price,
    summary, hightlight, included, not_included, status, created_at
) VALUES (
    51, 51, NULL, 'Luang Prabang - Namet Np - Halong Bay',
    '15 days', 2225,
    'Embark on an unforgettable journey through Luang Prabang - Namet NP - Halong Bay. Experience the authentic culture, stunning landscapes, and warm hospitality of Laos. Your expert guide will take you off the beaten path for a truly immersive adventure.', 'Cuc Phuong Nature Reserve 
Unesco World Heritage City Luang Prabang
Night safari in Nam Et-Phou Loey National Reserve
100 Waterfalls trek
Kuang Si Falls',
    '- All sightseeing as described in the program above
- Transportation in private a /c vehicles
- Accommodation in hotels (twin shared)
- English-speaking biking guide 
- Admission fees to sights described above
- Meals: B= breakfast, L= lunch, D= dinner
- Lao PDR governmental tax and service charge
- Luggage handling', '- All sightseeing as described in the program above
- Transportation in private a /c vehicles
- Accommodation in hotels (twin shared)
- English-speaking biking guide 
- Admission fees to sights described above
- Meals: B= breakfast, L= lunch, D= dinner
- Lao PDR governmental tax and service charge
- Luggage handling',
    'ACTIVE', NOW()
);
INSERT INTO itineraries (id, tour_id, title, level, description, status, created_at)
VALUES (1251, 51, 'Day 1: Luang Prabang — Waterfall', 'moderate', 'Luang Prabang - Kuang Si Falls Round trip (B, L)

Our first Ride is an easy ride to the must-see waterfall in northern Laos. The azure-blue waters and 3-tiered cascades are a big attraction, and no visit to Luang Prabang is complete without a refreshing dip in the water. 
On the way to the falls, we will visit a local Buffalo Dairy and learn about this fantastic program that provides economic support Cycle 50km to local villages and teaches farmers about animal health and welfare. The Dairy produces some of Asia''s tastiest cheeses, and the Ice Cream is incredible! 
Don’t forget to get your Water Buffalo Selfie before hopping back on the saddle
Cycle 60km 
Overnight in Luang Prabang', 'ACTIVE', NOW());
INSERT INTO itineraries (id, tour_id, title, level, description, status, created_at)
VALUES (1252, 51, 'Day 2: Luang Prabang — Boat', 'easy', 'Luang Prabang - Nong Khiaw (B, L)
Transfer for 40km outside of the city til the road opens along the banks of the Nam Ou river, follow the river for a while through jungle groves at the Nam Ou Dam we travel the dirt roads for 10km until we are picked up by a traditional narrow boat for the final hour boat ride to the sleepy town of Nong Khiaw. 
Tonight we sleep in a bungalow resort in the shadow of Elephant Head Mountain. 
Cycle 50km 

Transfer 1 Hour
Overnight in Nong Khiaw', 'ACTIVE', NOW());
INSERT INTO itineraries (id, tour_id, title, level, description, status, created_at)
VALUES (1253, 51, 'Day 3: Nong Khiaw — Waterfall', 'challenging', 'Nong Khiaw 100 waterfalls trek (B, L)
You''ll start the day with a peaceful boat ride on the Nam Ou River. Along the way, you''ll be able to explore a small Lao village along the river. Then we''ll hike through small streams and rice paddies to reach the base of the 100 waterfalls.
For the following few hours, you''ll see only water and jungle and hear the sound of clear waterfall cascades. Your guide will lead you through the cascades and prepare a local-style lunch on the falls in the middle of it all.
A small villagers’ trail on the top of the 100 waterfalls will lead us back down into the valley, offering wide views over the landscapes of the Nam Ou valley along the way. 
The back on the boat to transfer back to the comfort of the Resort

Overnight in Nong Khiaw', 'ACTIVE', NOW());
INSERT INTO itineraries (id, tour_id, title, level, description, status, created_at)
VALUES (1254, 51, 'Day 4: Nong Khiaw — Exploration', 'moderate', 'Nong Khiaw - Vieng Kham - Muang Haim (B, L)
Today we start by going upstream to the Village of Muang Ngoi, taking an hour to wander the sleepy main street. Before we start riding the dirt roads through the mountains, passing remote villages well off the beaten path. 
On our arrival back on the main road, we can transfer for 2.5 hours to the village of Muang Haim on the edge of the largest nature reserve in Laos.
Cycle 50km 
Overnight in Muang Haim', 'ACTIVE', NOW());
INSERT INTO itineraries (id, tour_id, title, level, description, status, created_at)
VALUES (1255, 51, 'Day 5: Namet Phou Louey Night Safari — Boat', 'moderate', 'Namet Phou Louey Night Safari (B,L,D)
We drive from Muang Haim  to a small Khmu village, the gateway to the Nam Nern Night Safari. After a brief orientation, we set off upstream in traditional boats, guided by local villagers who share their knowledge of this stunning region. Arriving at the eco-lodge for lunch, we rest among the towering trees before continuing our journey upstream. As the sun sets, we gather for a fireside dinner, then venture out for a thrilling night of wildlife spotlighting amidst the sounds of the jungle. We retreat to our cosy Lao-style bungalow, the night alive with the calls of nature.', 'ACTIVE', NOW());
INSERT INTO itineraries (id, tour_id, title, level, description, status, created_at)
VALUES (1256, 51, 'Day 6: Nam Et Phou Louey — Boat', 'moderate', 'Nam Et Phou Louey - Sam Neua (B, L) 
After spending the night in the eco-lodge located in the protected area forest, we will take a morning walk around the area where a local Khmu guide will explain medicinal plants and show you the remains of a centuries-old village.
After breakfast, we will go back downstream by boat to where we began the tour, 24 hours after in the national park
From here we will cycle ride transfer to the pretty small town of Sam Nuea 
Cycle 50-60km
Overnight in Sam Neua', 'ACTIVE', NOW());
INSERT INTO itineraries (id, tour_id, title, level, description, status, created_at)
VALUES (1257, 51, 'Day 7: Sam Nuea — Cave', 'easy', 'Sam Nuea - Vieng Xai  - Pu Luong (B, L) 
Our final day in Laos will be spent on the van as we have to reach the border by 11:00 am. A short transfer from Sam Neua in the morning will bring us to the Famous Viang Xai Caves. At first glance, Vieng Xai doesn’t look like much. 
The sparsely populated, sleepy village sits on a plain surrounded by hulking limestone karst. As unlikely as it may seem, the peaceful landscape played a pivotal role during the Secret War. Concealed in the rock are hundreds of caves, and for almost a decade, 20,000 soldiers and civilians survived the intense aerial bombing by living underground in this hidden city, which also served as the command centre for the Pathet Lao.
We’ll then continue to the border. At this point, we say goodbye to our Laos team and meet up with your new crew after crossing into Vietnam. The cycling from the border is wonderful but we will cycle about 40km to enjoy the spectacular scenes, then transfer to a beautiful lodge perched on the mountainside, where we spend the night.
40KM CYCLING
Overnight in Pu Luong', 'ACTIVE', NOW());
INSERT INTO itineraries (id, tour_id, title, level, description, status, created_at)
VALUES (1258, 51, 'Day 8: Pu Luong Nature Reserve — Exploration', 'moderate', 'Pu Luong Nature reserve - Cuc Phoung NP (B, L)

We leave early this morning to get a transfer to a suspension bridge over the Cham River, where you begin your walk passing the rice field to the stunning water wheels area. Get up close to each wheel and discover how water is moved from river to handmade bamboo aqueducts via simple constructions of all sizes. 
Arriving at a local fisherman’s house, you have a short rest to gear up for the rafting adventure. Float along the calm river and enjoy the views, in between learning how to paddle and steer your handcrafted bamboo rafts. 
At the scenic Tan Lap Bridge, you disembark and continue our biking toward Cuc Phuong. Arrive in Cuc Phuong National Park in the late afternoon. Overnight in Cuc Phuong, Vietnam''s first and largest national park.

50KM CYCLING
Transfer 2-3 hours
Overnight in Cuc Phuong', 'ACTIVE', NOW());
INSERT INTO itineraries (id, tour_id, title, level, description, status, created_at)
VALUES (1259, 51, 'Day 9: Cuc Phuong Np — Exploration', 'moderate', 'Cuc Phuong NP - Ria - Ghenh - Tam Coc (B, L)
Breakfast is in the park restaurant, and then it''s off to visit the Endangered Primate Rescue Centre. From there, the bus takes the group into the depths of the reserve. From the centre of the park, we''ll cycle along canopied forest trails and through the primitive jungle - an exclusive, tourist-free route, all the way to the gate of the national park. 
The day''s cycling continues onto Dong Giao – a pineapple plantation where you can enjoy fresh pineapple from local farmers selling on sideroad. We ride out of the plantation to Tam Diep Township, then continue to Tam Coc, where we spend the night.
60KM CYCLING
Overnight in Tam Coc-Ninh Binh.', 'ACTIVE', NOW());
INSERT INTO itineraries (id, tour_id, title, level, description, status, created_at)
VALUES (1260, 51, 'Day 10: Ninh Binh Explorer — Cave', 'moderate', 'Ninh Binh Explorer (B, L)
Today is a day of relaxation. Take your time to explore the natural wonder of the area. We will take a rowing boat trip to explore the beauty of Tam Coc, known as "Halong Bay on Land". In one and a half hours on the boat, you are visiting the Ngo Dong River with three water tunnels, viewing the rice along both sides of the river, and taking photos of local farmers working and catching river food. Moving between the green high mountains, you feel as if you are living in the quiet and far further from modern life. We continue to Mua cave, which was constructed following the model of the "miniature Great Wall" in China with nearly 500 steps up to the mountain peak to see the most amazing panoramic view of the plateau. . 

Overnight in Ninh Binh', 'ACTIVE', NOW());
INSERT INTO itineraries (id, tour_id, title, level, description, status, created_at)
VALUES (1261, 51, 'Day 11: Ninh Binh — Boat', 'moderate', 'Ninh Binh - Hanoi (B, L)
In the morning we leave Ninh Binh for Kenh Ga, a tranquil floating village where we''ll take a boat trip to soak up the laid-back nature of the local villagers. 
Lunch at a local restaurant then we drive to Hanoi airport for your onward flight. 
20KM+ CYCLING
Transfer 2.5 Hours
Overnight in Hanoi', 'ACTIVE', NOW());
INSERT INTO itineraries (id, tour_id, title, level, description, status, created_at)
VALUES (1262, 51, 'Day 12: Hanoi To Halong Bay — Boat', 'easy', 'Hanoi to Halong Bay ( B, L, D )
Arrive in Ha Long City, and board our cruise for an overnight journey. Sip on a refreshing welcome drink upon check-in before you begin your cruise towards the southeast of Halong Bay, passing Fighting-Cock Islet. After lunch, we kayak around the Tung Sau area. Surrounded by cascading mountains that jut out from the jewel-coloured waters of the bay, this place is an isolated region of water in Halong used for pearl farming.
17:00 Return to the boat and freshen up for the evening’s activities. The bar opens for a Happy Hour promotion on a selection of drinks.
17:30 Join the exciting cooking or fruit carving demonstration on the sundeck (or in the restaurant, depending on the weather). Don’t miss out on the stunning view of the sunset over the enchanting Halong Bay from the sundeck of the boat.
19:15 Savour the delicious dinner in the restaurant.
20:45 Free time to enjoy a drink at the bar or stargaze on the sundeck. Or enjoy the squid fishing program after dinner on the first deck.
Retire to your cabin for a good night''s sleep.
Overnight in Ha Long Bay', 'ACTIVE', NOW());
INSERT INTO itineraries (id, tour_id, title, level, description, status, created_at)
VALUES (1263, 51, 'Day 13: Halong Bay Discovery — Cave', 'moderate', 'Halong Bay Discovery (B, L, D)
For the early risers join us for a Tai Chi session on the sun deck. Tai chi helps focus the mind and condition the body and there is no better environment to practice this than amongst the limestone peaks and islands. Breakfast, coffee or tea is served. 
08:15 Get on the rowing boats to visit the Luon Cave area while taking in the magnificent karsts and limestone mountains.
09:00 Return to the boat* and cruise to the next attraction
10:00 Sightseeing around Cua Van Floating Village, well-known for its location in the heart of Halong Bay, by kayak or traditional rowing boat. The area is considered one of the most beautiful destinations in the world by Travel & Leisure Magazine.
11:30 Back to the boat* and enjoy lunch while the boat cruises to the Trinh Nu area.
14:00 Time to relax and explore the Trinh Nu beach or visit Trinh Nu Cave - one of the finest sunlight-filled caves in Halong Bay, covering an area of 2,000m2 with stunning stalactites and stalagmites.
16:00 Return to the Bhaya boat for some time at leisure to relax and freshen up after the day’s excursions.
17:30 Enjoy the Happy Hour promotion on a selection of drinks. Leisurely sip a drink while being enchanted by the glorious sunset of Halong Bay.
Join the fruit carving demonstration carried out by our talented chefs.
19:15 Appreciate the exotic flavours of the dinner on the last night of cruising.
20:24 Free time to enjoy a drink on the sundeck or rest in the cabin. 
Overnight in Halong Bay', 'ACTIVE', NOW());
INSERT INTO itineraries (id, tour_id, title, level, description, status, created_at)
VALUES (1264, 51, 'Day 14: Halong Bay — Cave', 'moderate', 'Halong Bay – Hanoi (B, L)
07:00 A light breakfast is served in the restaurant. The boat cruises towards the centre of Halong Bay.
07:20 Avoid the morning crowd and explore Sung Sot Cave, the largest cave inside Halong Bay with 10,000 square meters of space that holds thousands of stalactites and stalagmites and is threaded by a 500-meter paved passageway.
08:20 Return to the boat and enjoy the brunch served in the restaurant.
09:30 Time to pack your luggage and get ready to check out. Enjoy the scenery as the boat cruises back to the port.
10:30 Disembark from the boat at Tuan Chau International Marina, where you take a shuttle bus back to Hanoi. A Free final Evening at leisure and overnight in Hanoi.
Overnight in Hanoi', 'ACTIVE', NOW());
INSERT INTO itineraries (id, tour_id, title, level, description, status, created_at)
VALUES (1265, 51, 'Day 15: Hanoi Departure  Day — Exploration', 'moderate', 'Hanoi Departure  Day  (B)
END OF SERVICES', 'ACTIVE', NOW());

-- ===== LAOS-VIETNAM EXPLORER [BIKINGCYCLING (30)] =====
INSERT INTO destinations (id, country_id, name, status, created_at) VALUES (52, 1, 'Luang Prabang', 'ACTIVE', NOW()) ON DUPLICATE KEY UPDATE name=VALUES(name);
INSERT INTO tours (
    id, destination_id, sku, title, duration, price,
    summary, hightlight, included, not_included, status, created_at
) VALUES (
    52, 52, NULL, 'Laos-Vietnam Explorer',
    '16 days', 3355,
    'Embark on an unforgettable journey through Laos-Vietnam Explorer. Experience the authentic culture, stunning landscapes, and warm hospitality of Laos. Your expert guide will take you off the beaten path for a truly immersive adventure.', 'Boat Trip on the Nam Ou to Muang Khua
Unesco World Heritage City Luang Prabang
Muang Ngoi
Dien Bien Phu
Halong Bay Cruise with Paloma Tours 
Kuang Si Falls',
    '- All sightseeing as described in the program above.
- High Quality Road Bikes or Hybrid Bikes with safety equipment 
- Transportation in private a /c vehicles - Bikes and Helmets 
- Accommodation in hotels/resorts and guesthouses (twin shared)
- English speaking guide 
- Admission fees to sights described above
- Meals: B= breakfast, L= lunch, D= dinner
- Lao PDR governmental tax and service charge
- Luggage handling
- Water and Snacks whilst Cycling
- All Boat Transfers and Entrance fees', '- All sightseeing as described in the program above.
- High Quality Road Bikes or Hybrid Bikes with safety equipment 
- Transportation in private a /c vehicles - Bikes and Helmets 
- Accommodation in hotels/resorts and guesthouses (twin shared)
- English speaking guide 
- Admission fees to sights described above
- Meals: B= breakfast, L= lunch, D= dinner
- Lao PDR governmental tax and service charge
- Luggage handling
- Water and Snacks whilst Cycling
- All Boat Transfers and Entrance fees',
    'ACTIVE', NOW()
);
INSERT INTO itineraries (id, tour_id, title, level, description, status, created_at)
VALUES (1276, 52, 'Day 1: Arrival In Luang Prabang — Exploration', 'moderate', 'Arrival in Luang Prabang (D)
Meet with our team for a short sunset ride around Luang Prabang to ensure we are confident about the journey ahead and to get acclimatized to life in SE Asia.  We will have an informal trip briefing and dinner at a local vocational training restaurant 
Khaiphaen Restaurant
Overnight in Luang Prabang', 'ACTIVE', NOW());
INSERT INTO itineraries (id, tour_id, title, level, description, status, created_at)
VALUES (1277, 52, 'Day 2: Luang Prabang To Kuang Si Falls Round Trip — Waterfall', 'moderate', 'Luang Prabang to Kuang Si Falls Round Trip  (B, L)
Pack your Swimmers! This day is a great way to warm up for the ride ahead. Kuang Si Falls is the must-see natural wonder in northern Laos. We will swim in the azure blue cascading waterfalls is the perfect way to refresh yourself from a 30 km cycle ride. 

On the return to the town, we will call in at the Lao Buffalo Dairy to see how this Social enterprise is changing the lives of many villages. A picnic lunch including buffalo cheese will be served on the grounds.

Distance 60km
Overnight in Luang Prabang', 'ACTIVE', NOW());
INSERT INTO itineraries (id, tour_id, title, level, description, status, created_at)
VALUES (1278, 52, 'Day 3: Luang Prabang To Nong Khiaw — Exploration', 'moderate', 'Luang Prabang to Nong Khiaw (B, L)
Overnight in Nong Khiaw', 'ACTIVE', NOW());
INSERT INTO itineraries (id, tour_id, title, level, description, status, created_at)
VALUES (1279, 52, 'Day 4: Nong Khiaw — Exploration', 'moderate', 'Nong Khiaw - Vieng Kham - Muang Ngoi (B,L)
​​The day from Nong Khiaw to Muang Ngoi promises to be the most challenging but also the most rewarding of the entire tour. The views are stunning as we pedal through the dense jungle and winding dirt roads. The lush greenery and stunning landscape create a sense of awe and wonder that is truly unforgettable. The communities along this route are equally fascinating, as they are off the beaten track and offer a glimpse into the traditional way of life in Laos. Meeting the van at the top of the dirt road and taking a short transfer into the village offers a chance to explore and immerse oneself in the local culture. The day promises to be filled with adventure, excitement, and the chance to create unforgettable memories.
Distance 80km
Overnight in Vieng Kham', 'ACTIVE', NOW());
INSERT INTO itineraries (id, tour_id, title, level, description, status, created_at)
VALUES (1280, 52, 'Day 5: Muang Ngoi — Boat', 'moderate', 'Muang Ngoi- Muang Khua (B, L)
Today we transfer to the river and a traditional long boat, for the beautiful trip up the Nam ou River, we will stop for a picnic lunch on the way, as we gently put our way upstream.  we arrive mid-afternoon in Muang Khua our last stop in Laos
Overnight in Muang Khua', 'ACTIVE', NOW());
INSERT INTO itineraries (id, tour_id, title, level, description, status, created_at)
VALUES (1281, 52, 'Day 6: Muang Khua To Dien Bien Phu — Exploration', 'easy', 'Muang Khua to Dien Bien Phu (B, L)
The Ride to the Vietnamese border is a straightforward ride over mountain passes. We will arrive at around lunchtime ready to cross and meet our Vietnam team and a 1-hour transfer to the Historically significant city of Dien Bien Phu take the afternoon and evening to explore this beautiful and fascinating city.
Ride 45km
Overnight in Dien Bien Phu', 'ACTIVE', NOW());
INSERT INTO itineraries (id, tour_id, title, level, description, status, created_at)
VALUES (1282, 52, 'Day 7: Dien Bien Phu — Exploration', 'moderate', 'Dien Bien Phu – Tuan Giao (B, L)
Cycling from Dien Bien Phu to Tuan Giao is an easy 80 km through many ethnic villages to Tuan Giao (one notable climb is a mountain pass 15 km outside Dien Bien). Overnight in a guesthouse. 
Distance  80km 
Overnight in Tuan Giao', 'ACTIVE', NOW());
INSERT INTO itineraries (id, tour_id, title, level, description, status, created_at)
VALUES (1283, 52, 'Day 8: Tuan Giao — Exploration', 'moderate', 'Tuan Giao – Son La (B, L)
Cycling from Tuan Giao to Son La. After a short transfer to the Pha Din pass (“Heaven and Earth” pass) to the summit of 1450 m, you will start the day with a 15 km downhill featuring a nice landscape of green rice fields and karst valley along the way. This stretch has light traffic, wandering water buffaloes, and Tai and Hmong children. Overnight in Hotel.
Distance 70km
Overnight in Son La', 'ACTIVE', NOW());
INSERT INTO itineraries (id, tour_id, title, level, description, status, created_at)
VALUES (1284, 52, 'Day 9: Son La — Exploration', 'moderate', 'Son La – Moc Chau (B, L)
After a short transfer, our day will be less hilly but no less spectacular, as we head off gradually downhill, our passage overshadowed by looming karst cliffs. After lunch, we''ll continue through lush, terraced rice paddies against the jagged cliff backdrop. 
Distance 45km
Overnight in Moc Chau', 'ACTIVE', NOW());
INSERT INTO itineraries (id, tour_id, title, level, description, status, created_at)
VALUES (1285, 52, 'Day 10: Moc Chau — Exploration', 'moderate', 'Moc Chau – Mai Chau (B, L)
After a hearty breakfast, we set off on a testing but spectacular day. Cycling along a narrow, quiet back road we''ll head into a region predominantly populated by Black Tai (Tai Dam) minority cultures. As we near Mai Chau, situated at 1000m, we pass through plum orchards and corn and tea plantations. Overnight in homestay.
Distance 45km
Overnight in Mai Chau', 'ACTIVE', NOW());
INSERT INTO itineraries (id, tour_id, title, level, description, status, created_at)
VALUES (1286, 52, 'Day 11: Mai Chau — Exploration', 'moderate', 'Mai Chau – Cuc Phuong  (B, L)
Following the banks of the Ma River, this day will be an easy one. The scenery, however, is timeless and photo opportunities abound as you pedal through a working landscape of people and crops. In the late afternoon, you will get a transfer to Cuc Phuong National Park. Cuc Phuong is one of Vietnam''s most important nature reserves and contains the country''s largest area of primary forest. Visit the Primate Rescue Centre and learn about the plight of endangered species such as the Cat Ba Langur. Overnight in Bungalow.
Distance 80km
Overnight in Cuc Phuong', 'ACTIVE', NOW());
INSERT INTO itineraries (id, tour_id, title, level, description, status, created_at)
VALUES (1287, 52, 'Day 12: Cuc Phuong — Exploration', 'moderate', 'Cuc Phuong -Hanoi (B)

Today your guide will be needed for another tour in Hanoi. your van a driver will help you ride the final leg to Hanoi. The ride is 40 km through Cuc Phuong forest to the park centre and a break for tea before taking a transfer to Hanoi. 
Overnight in Hanoi', 'ACTIVE', NOW());
INSERT INTO itineraries (id, tour_id, title, level, description, status, created_at)
VALUES (1288, 52, 'Day 13: Hanoi To Halong Bay — Boat', 'easy', 'Hanoi to Halong Bay ( B, L, D )
Arrive in Ha Long City, and board our cruise for an overnight journey. Sip on a refreshing welcome drink upon check-in before you begin your cruise towards the southeast of Halong Bay, passing Fighting-Cock Islet. After lunch, we kayak around the Tung Sau area. Surrounded by cascading mountains that jut out from the jewel-coloured waters of the bay, this place is an isolated region of water in Halong used for pearl farming.
17:00 Return to the boat and freshen up for the evening’s activities. The bar opens for a Happy Hour promotion on a selection of drinks.
17:30 Join the exciting cooking or fruit carving demonstration on the sundeck (or in the restaurant, depending on the weather). Don’t miss out on the stunning view of the sunset over the enchanting Halong Bay from the sundeck of the boat.
19:15 Savor the delicious dinner in the restaurant.
20:45 Free time to enjoy a drink at the bar or stargaze on the sundeck. Or enjoy the squid fishing program after dinner on the first deck.
Retire to your cabin for a good night''s sleep.

Overnight in Ha Long Bay', 'ACTIVE', NOW());
INSERT INTO itineraries (id, tour_id, title, level, description, status, created_at)
VALUES (1289, 52, 'Day 14: Halong Bay Discovery — Cave', 'moderate', 'Halong Bay Discovery (B, L, D)
For the early risers join us for a Tai Chi session on the sun deck. Tai chi helps focus the mind and condition the body and there is no better environment to practice this than amongst the limestone peaks and islands. Breakfast, coffee or tea is served. 

08:15 Get on the rowing boats to visit the Luon Cave area while taking in the magnificent karsts and limestone mountains.
09:00 Return to the boat* and cruise to the next attraction
10:00 Sight-see around Cua Van Floating Village well-known for its location in the heart of Halong Bay, by kayak or traditional rowing boat. The area is considered one of the most beautiful destinations in the world by Travel & Leisure Magazine.
11:30 Back to the boat* and enjoy lunch while the boat cruises to the Trinh Nu area.
14:00 Time to relax and explore the Trinh Nu beach or visit Trinh Nu Cave - one of the finest sunlight-filled caves in Halong Bay covering an area of 2,000m2 with stunning stalactites and stalagmites.
16:00 Return to the Bhaya boat for some time at leisure to relax and freshen up after the day’s excursions.
17:30 Enjoy the Happy Hour promotion on a selection of drinks. Leisurely sip a drink while being enchanted by the glorious sunset of Halong Bay.
Join the fruit carving demonstration carried out by our talented chefs.
19:15 Appreciate the exotic flavours of the dinner on the last night of cruising.
20:24 Free time to enjoy a drink on the sundeck or rest in the cabin. 
Overnight in Halong Bay', 'ACTIVE', NOW());
INSERT INTO itineraries (id, tour_id, title, level, description, status, created_at)
VALUES (1290, 52, 'Day 15: Halong Bay — Cave', 'moderate', 'Halong Bay – Hanoi (B, L)
07:00 A light breakfast is served in the restaurant. The boat cruises towards the centre of Halong Bay.
07:20 Avoid the morning crowd and explore Sung Sot Cave, the largest cave inside Halong Bay with 10,000 square meters of space that holds thousands of stalactites and stalagmites and is threaded by a 500-meter paved passageway.
08:20 Return to the boat and enjoy the brunch served in the restaurant.
09:30 Time to pack your luggage and get ready to check out. Enjoy the scenery as the boat cruises back to the port.
10:30 Disembark from the boat at Tuan Chau International Marina where you take a shuttle bus to be back to Hanoi. A Free final Evening at leisure and overnight in Hanoi.
Overnight in Hanoi', 'ACTIVE', NOW());
INSERT INTO itineraries (id, tour_id, title, level, description, status, created_at)
VALUES (1291, 52, 'Day 16: Hanoi Free Day — Exploration', 'moderate', 'Hanoi Free Day  (B)
Today you are free at leisure until departure time.', 'ACTIVE', NOW());

-- ===== LUANG PRABANG - HOI AN [BIKINGCYCLING (30)] =====
INSERT INTO destinations (id, country_id, name, status, created_at) VALUES (53, 1, 'Luang Prabang', 'ACTIVE', NOW()) ON DUPLICATE KEY UPDATE name=VALUES(name);
INSERT INTO tours (
    id, destination_id, sku, title, duration, price,
    summary, hightlight, included, not_included, status, created_at
) VALUES (
    53, 53, NULL, 'Luang Prabang - Hoi An',
    '18 days', NULL,
    'Embark on an unforgettable journey through Luang Prabang - Hoi An. Experience the authentic culture, stunning landscapes, and warm hospitality of Laos. Your expert guide will take you off the beaten path for a truly immersive adventure.', 'Kong Lor Cave 
UNESCO site the Plain of Jars 
Teak Forest Ride
UNESCO World Heritage town of Luang Prabang
Historic Hue',
    'All sightseeing as described in program above
Transportation in private a /c vehicles
Accommodation in hotels (twin shared)
English speaking guide 
Admission fees to sights described above
Meals: B= breakfast, L= lunch, D= dinner
Lao PDR governmental tax and service charge
Luggage handling
Cycle rental, helmets (TREK FX Hybrid )
Souvenir cycle jersey', 'All sightseeing as described in program above
Transportation in private a /c vehicles
Accommodation in hotels (twin shared)
English speaking guide 
Admission fees to sights described above
Meals: B= breakfast, L= lunch, D= dinner
Lao PDR governmental tax and service charge
Luggage handling
Cycle rental, helmets (TREK FX Hybrid )
Souvenir cycle jersey',
    'ACTIVE', NOW()
);
INSERT INTO itineraries (id, tour_id, title, level, description, status, created_at)
VALUES (1301, 53, 'Day 1: Luang Prabang — Temple', 'moderate', 'Luang Prabang (D)
We meet at the airport then check in to our accommodation to brief everyone thoroughly and make sure the bikes fit.  We can take an hour or two if time permits to explore the Unesco Zone by bike and perhaps take in some of the Temples and the Hmong Night Market. 
Dinner is served at a local Vocational training Restaurant that provides exquisite food and employment opportunities to marginalized youth. Ride: 20km

Overnight in Luang Prabang', 'ACTIVE', NOW());
INSERT INTO itineraries (id, tour_id, title, level, description, status, created_at)
VALUES (1302, 53, 'Day 2: Luang Prabang — Exploration', 'moderate', 'Luang Prabang - Phou Khoun (B)
The day begins with a 1 hour transfer to get over the first mountain, after 65km in a van we begin our mountain top ride to a simple guesthouse and a local restaurant. High in the mountains in the cross road town of Phoukhoun.
Overnight in PhouKhoun', 'ACTIVE', NOW());
INSERT INTO itineraries (id, tour_id, title, level, description, status, created_at)
VALUES (1303, 53, 'Day 3: Phou Khoun — Exploration', 'easy', 'Phou Khoun - Phonsavan (B,L)
This  road is known for big climbs and challenging riding. 
The views are spectacular from the limestone peaks as we enter the high plateau of Xiang Khouang Province, we stay the night in Phonsavan, a rapidly  developing destination . There is a lot of road to cover this day so a Transfer is used to begin the ride and a short van ride into the city at the end of the day is necessary.

Ride:  80 km 
Overnight in Phonsavan', 'ACTIVE', NOW());
INSERT INTO itineraries (id, tour_id, title, level, description, status, created_at)
VALUES (1304, 53, 'Day 4: Plain Of Jars Round Trip — Exploration', 'moderate', 'Plain Of Jars Round Trip (B,L)
This is a perfect ride to get used to the new climate as we are over 1000 meters above sea level. The Plain of Jars remains a place whose mysterious past has led to diverse speculations. Why did people make these amazing stone formations and what were they used for? 
Ride: 65 km 
Overnight in Phonsavan', 'ACTIVE', NOW());
INSERT INTO itineraries (id, tour_id, title, level, description, status, created_at)
VALUES (1305, 53, 'Day 5: Phonsavan — Exploration', 'easy', 'Phonsavan - Muang Khoun- Thathom(B,L)
We leave the city by van and begin our ride south, we begin the Ride at That Foun a 16th century Buddhist stupa situated on a remote plain, from here we cycle 90km on challenging mountain roads to the little town of Thathom. 
Overnight in Thathom', 'ACTIVE', NOW());
INSERT INTO itineraries (id, tour_id, title, level, description, status, created_at)
VALUES (1306, 53, 'Day 6: Thatthom — Exploration', 'moderate', 'Thatthom - Khoun Kham (B,L,D)
From Xiang Khounang to Bolikhamxay province in the shadow of Nam Kadding forest. We travel by van and bicycle to the village of Ban Nahin  and a welcoming riverside guesthouse and the best red curry in the province! 
Cycle 80km
Overnight in Ban Nahin', 'ACTIVE', NOW());
INSERT INTO itineraries (id, tour_id, title, level, description, status, created_at)
VALUES (1307, 53, 'Day 7: Konglor Cave Road Trip — Cave', 'moderate', 'Konglor Cave Road Trip (B,L)
The New tarmac road from Khoun Kham is a joy to ride the livestock and villages smile and wave and welcome us with friendly calls the limestone karst peaks loom over the valley. 
At the end of the road KongLor cave gaps wide. One of the longest water cave systems is navigated expertly by the pilots of the native longboats , there is an illuminated section so you can experience the stalagmites. The Journey through the cave is one of the highlights of Laos.
Ride: 84 KM 
Overnight in Ban Nahin', 'ACTIVE', NOW());
INSERT INTO itineraries (id, tour_id, title, level, description, status, created_at)
VALUES (1308, 53, 'Day 8: Ban Nahin — Bike', 'moderate', 'Ban Nahin - Lak Seo (B,L)
We follow Route 8 east to the Vietnam border there is lots to see on the way as this road is part of the famous motorbike ride the Thakhek loop. 
Lunch is served at ‘Cool Pool’ here we can swim in the crystal blue waters and take a picnic with locals. 
The bustling border town of Lak Seo is our last stop in Laos and in the morning we will leave early to cross the border into Vietnam
Ride 74KM
Overnight in Lak Seo', 'ACTIVE', NOW());
INSERT INTO itineraries (id, tour_id, title, level, description, status, created_at)
VALUES (1309, 53, 'Day 9: Lak Seo — Exploration', 'moderate', 'Lak Seo - Vinh (B,L)
A short Cycle  to border point 
We say goodbye to our Laos team and meet up with your new crew after crossing the border into Vietnam. From the border, we drive toward Vinh for overnight. On the way, we will stop at Kim Lien village, the birthplace of Ho Chi Minh to visit his house and a museum dedicated to him. After the visit transfer by road out of the mountains on to Vinh arriving late this afternoon. Dinner and overnight in Vinh.
Ride 30km', 'ACTIVE', NOW());
INSERT INTO itineraries (id, tour_id, title, level, description, status, created_at)
VALUES (1310, 53, 'Day 10: Vinh — Exploration', 'moderate', 'Vinh – Huong Khe (B,L)
Following breakfast, transfer 40 km by bus to the Ho Chi Minh highway to the town of Pho Chau, the start of today’s ride. The journey winds through lush jungle and beautiful villages nestled under the Truong Son mountain range. During the ride, take your time to admire the stunning scenery and the intricate karst formations. After a long day of pedalling, arrive in the remote town of Huong Khe. Located in Nghe An province, this small town is a quiet place to rest up for another busy day of riding. Overnight in Huong Khe.
80KM CYCLING', 'ACTIVE', NOW());
INSERT INTO itineraries (id, tour_id, title, level, description, status, created_at)
VALUES (1311, 53, 'Day 11: Huong Khe — Cave', 'moderate', 'Huong Khe– Phong Nha (B,L)
Continue along the Ho Chi Minh Highway today to Phong Nha. The route is still a dream to ride on and you’ll appreciate the smooth tarmac as the mountains rise and the road winds up, down and along the hillsides. The scenery is spectacular and the road is tranquil. After cycling around 80km, trade in your bike for a restful 1 hour bus journey to Phong Nha National Park. The park contains one of the most spectacular caves in Vietnam - a true natural wonder with 65 kilometres of tunnels and underground rivers. Formed approximately 250 million years ago Phong Nha was used as a hospital and ammunition depot during the war, and the entrance still shows evidence of attacks from fighter aircraft. There are also community projects underway with Flora and Fauna International and it may be possible to visit village initiatives and learn more about the forests of the national park before the end of today. 
Ride 80km
Overnight in Phong Nha.', 'ACTIVE', NOW());
INSERT INTO itineraries (id, tour_id, title, level, description, status, created_at)
VALUES (1312, 53, 'Day 12: Phong Nha — Cave', 'moderate', 'Phong Nha – Cam Lo – Khe Sanh (B,L)
After an early morning exploration of Phong Nha Cave, transfer 1.5 hours by road to the Ho Chi Minh Trail to resume your ride. Pedal across the DMZ (also known as the 17th Parallel) to Cam Lo. Stop en route to visit Truong Son cemetery, a memorial to the tens of thousands of North Vietnamese soldiers who were killed in the Truong Son Mountains. From there it’s only 14 kilometres further to the town of Cam Lo and here the trail heads across the country into Laos. Finish today with a short transfer to Khe Sanh, a former US marine base and site of the infamous 1968 battle of the same name.
Ride 80km
Overnight in Khe Sanh.', 'ACTIVE', NOW());
INSERT INTO itineraries (id, tour_id, title, level, description, status, created_at)
VALUES (1313, 53, 'Day 13: Khe Sanh — Exploration', 'moderate', 'Khe Sanh – A Luoi (B,L)
Begin this morning with a visit to the Khe Sanh combat base where relics of the war are exhibited and see the airstrip. Then ride through spectacular scenery, mainly downhill, from the Laos border to the Dakrong River. Cross the river by bridge and ride along the waterway to what was considered the southern part of the Ho Chi Minh Trail. Again enjoy a traffic-free road with rolling terrain, a nice contrast to the flat plains of the previous day’s ride. 
Overnight in A Luoi.
65KM CYCLING', 'ACTIVE', NOW());
INSERT INTO itineraries (id, tour_id, title, level, description, status, created_at)
VALUES (1314, 53, 'Day 14: A Luoi — Bike', 'moderate', 'A Luoi – Hue (B,L,D)
Due to the bad roads south of A Luoi, today you venture off the Ho Chi Minh Trail and head across the country to Hue. The 60km ride through the middle of Vietnam is on back roads before hitting Highway 1 just a few kilometres south of Hue. Here there is the option of transferring by road or continuing by bike to the centre of Hue. 
60KM CYCLING 
Overnight in Hue.', 'ACTIVE', NOW());
INSERT INTO itineraries (id, tour_id, title, level, description, status, created_at)
VALUES (1315, 53, 'Day 15: Hue — Exploration', 'moderate', 'Hue (B,L)
Following breakfast, enjoy a relatively easy cycle on the back roads of Hue through lush countryside on a mix of footpaths and quiet country lanes. The day begins with a visit to the Imperial Citadel where you will explore the ruins of this grand monument to the emperors. Then, ride along backstreets, following the banks of the Perfume River to Thien Mu Pagoda. Continue through the quiet roads of Hue’s countryside to visit the royal tomb of Minh Mang a former Nguyen emperor, and loop back across the river to Hue via the funerary monument to Khai Dinh. Return to central Hue early this afternoon for time at your leisure to relax or tour more on your own. 
Ride 25km 
Overnight in Hue.', 'ACTIVE', NOW());
INSERT INTO itineraries (id, tour_id, title, level, description, status, created_at)
VALUES (1316, 53, 'Day 16: Hue — Exploration', 'moderate', 'Hue – Hoi An (B,L,D)
Today is an epic ride with two small hills to conquer before the intense 11 km climb uphill to the top of Hai Van Pass where you will be rewarded with stunning views of the coast. With a recently opened tunnel through the mountain, there is now very little traffic on this uphill road. Cruise down the pass to Lang Co beach for a swim and lunch. Then transfer the final 35 kilometres by car to Hoi An, a UNESCO World Heritage Site. The remainder of this afternoon and evening is at your leisure to explore the narrow streets and lanes of this charming town. 
Ride 90KM 
Overnight in Hoi An.', 'ACTIVE', NOW());
INSERT INTO itineraries (id, tour_id, title, level, description, status, created_at)
VALUES (1317, 53, 'Day 17: Hoi An — Temple', 'easy', 'Hoi An - My Son – Hoi An (B,L)
The last day of the journey is an easy ride My Son, the ancient centre of Cham civilization. Transfer a bit out of town to avoid the highway before cycling along scenic country back roads, past rice paddy fields, through a eucalyptus forest and passing many picturesque villages. The meandering road eventually leads us to My Son, once Champa’s greatest city and now an impressive archaeological site. Enjoy lunch near the temples and an afternoon spent touring around the crumbling temples before transferring back to Hoi An by bus. Overnight in Hoi An.
40KM CYCLING
END OF SERVICES', 'ACTIVE', NOW());

-- ===== NORTH TO SOUTH [BIKINGCYCLING (30)] =====
INSERT INTO destinations (id, country_id, name, status, created_at) VALUES (54, 1, 'Luang Prabang', 'ACTIVE', NOW()) ON DUPLICATE KEY UPDATE name=VALUES(name);
INSERT INTO tours (
    id, destination_id, sku, title, duration, price,
    summary, hightlight, included, not_included, status, created_at
) VALUES (
    54, 54, NULL, 'North To South',
    '21 DAYS', NULL,
    'Embark on an unforgettable journey through North to South. Experience the authentic culture, stunning landscapes, and warm hospitality of Laos. Your expert guide will take you off the beaten path for a truly immersive adventure.', 'Boat Trip on the Nam Ou
Unesco world heritage sites Luang Prabang and the Plain of Jars 
Nong Khiaw
UNESCO site Vat Phou 
Coffee Plantations of the Bolaven Plateau
Kong Lor Cave',
    '✓ Private air-conditioned transport
✓ English-speaking guide
✓ Accommodation (twin shared)
✓ Meals as per itinerary
✓ Entrance fees
✓ Luggage handling', '✗ International flights
✗ Visa fees ($30-40 USD/pax)
✗ Travel insurance
✗ Meals not mentioned
✗ Personal expenses & tips',
    'ACTIVE', NOW()
);
INSERT INTO itineraries (id, tour_id, title, level, description, status, created_at)
VALUES (1326, 54, 'Day 1: Arrival In Luang Prabang — Exploration', 'moderate', 'Arrival in Luang Prabang  (D)
Meet with our team for a short sunset ride around Luang Prabang to ensure we are confident for the journey ahead and to get acclimated to life in SE Asia.  We will have a informal trip briefing and dinner at a local vocational training restaurant 
Overnight in Luang Prabang', 'ACTIVE', NOW());
INSERT INTO itineraries (id, tour_id, title, level, description, status, created_at)
VALUES (1327, 54, 'Day 2: Slow Boat On The Mekong — Bike', 'moderate', 'Slow boat on the Mekong  (B,L)
The bikes will be put on board while you prepare yourself for a soft-starting adventure in Northern
Laos. Few people have had the opportunity to do this. The boat meanders down the Mekong
giving you plenty of time to get to know you guide , learn about Laos and the road ahead . A Laos
Style Picnic Lunch will be served on Board . Just Relax and enjoy the scenery
Overnight in Pakbeang', 'ACTIVE', NOW());
INSERT INTO itineraries (id, tour_id, title, level, description, status, created_at)
VALUES (1328, 54, 'Day 3: Pakbeng — Exploration', 'moderate', 'Pakbeng - Oudomxay (B)
After a brief transfer by vehicle, we’ll be cycling in very rural Laos, an area inhabited by hill tribe
villagers who eke a meagre existence from the land. Along the way you will pass villages of Phu
Thai, Thai Lu, Hmong, Thai Dam, Lao and Khamu. The people are very friendly and not yet tired of
seeing tourists. We stop at weaving villages along the way, where you still see families sitting in
the shade weaving on old looms. After climbing a 300 meter pass, a long descent brings you to
Oudomxay the capital of the Oudomxay Province.
Overnight in Oudomxay', 'ACTIVE', NOW());
INSERT INTO itineraries (id, tour_id, title, level, description, status, created_at)
VALUES (1329, 54, 'Day 4: Oudomxay — Exploration', 'moderate', 'Oudomxay - Nong Khiew  (B,L)
After a 1 hour uphill transfer, you will start cycling at an altitude of 1300 m. Enjoy the great views and the daily life in the Hmong villages dominating this region. A long descent will bring you to
Pak Mong, where we will have lunch. From Pak Mong, you cycle over a small road into the Valley and the scenic limestone mountains that surround Nong Khiaw. We stay overnight in a resort with fine views over the mountains and the Nam Ou River.

Overnight in Nong Khiaw', 'ACTIVE', NOW());
INSERT INTO itineraries (id, tour_id, title, level, description, status, created_at)
VALUES (1330, 54, 'Day 5: Waterfalls Trek — Waterfall', 'challenging', '100 Waterfalls trek 
Nam Ou River Cruise, 100 Waterfall Trek.
Start the day with a peaceful boat ride on the Nam Ou River. Along the way, you''ll be able to explore a small Lao village along the river. Then we''ll hike through small streams and rice paddies to reach the base of the 100 waterfalls. 
For the following few hours, you''ll see only water and jungle and hear the sound of clear waterfall cascades. Your guide will lead you through the cascades and prepare a local-style lunch on the falls in the middle of it all. 
A small villagers’ trail on the top of the 100 waterfalls will lead us back down into the valley, offering wide views over the landscapes of the Nam Ou valley along the way. Hiking back to the village we will have more time to see the daily life.
Overnight in Nong Khiaw', 'ACTIVE', NOW());
INSERT INTO itineraries (id, tour_id, title, level, description, status, created_at)
VALUES (1331, 54, 'Day 6: Nong Khiew — Exploration', 'moderate', 'Nong Khiew-Luang Prabang (B)
Today start with a beautiful trip down the Nam Ou River before flatter and better roads will enable
you to complete the longer distance to Luang Prabang. Only a few minor passes have to be
climbed before you are riding along the banks of the Nam Ou River, with stunning views on huge
mountain ranges. The last stage takes you through teakwood plantations before arriving in Luang Prabang.

Overnight in Luang Prabang', 'ACTIVE', NOW());
INSERT INTO itineraries (id, tour_id, title, level, description, status, created_at)
VALUES (1332, 54, 'Day 7: Round Trip To Kuang Si Falls — Waterfall', 'moderate', 'Round Trip to Kuang Si falls  (B,L)
Your primarily road ride to the scenic Kuang Si Waterfalls will pass through Hmong and Khamu ethnic villages. Enjoy a swim in the clear water basins of the Kuang Si Waterfalls, a must see site for anyone visiting the region, Possibly Laos biggest tourist attraction.
On the return trip we will take a trip to the Laos Buffalo Dairy, an exciting project that teaches animal husbandry and bovine welfare to the local communities. Here we can pet the rabbits, feed the pigs and get a water buffalo ‘selfie’ before then we can take lunch in the pagoda and taste the water buffalo cheeses, yogurts and ice cream
.Overnight in Luang Prabang', 'ACTIVE', NOW());
INSERT INTO itineraries (id, tour_id, title, level, description, status, created_at)
VALUES (1333, 54, 'Day 8: Luang Prabang — Exploration', 'moderate', 'Luang Prabang - Phoukhoun (B,L)
The mountain road out of Luang Prabang takes us up to altitudes of 1400m. Breathtaking mountains views and climbs on this great day cycling. The total journey total 120km,so we can jump in the van and transfer to the sleepy village of Phoukhoun for a nights rest in a comfy local guesthouse
Overnight in PhouKhoun', 'ACTIVE', NOW());
INSERT INTO itineraries (id, tour_id, title, level, description, status, created_at)
VALUES (1334, 54, 'Day 9: Transfer To Phonsavan — Exploration', 'moderate', 'Transfer to Phonsavan (B)
Up and down through small scenic valleys and over mountain ridges with stunning views. we will have a transfer to Phonsavan, where the mysterious Plains of Jars are located. 
Overnight in Phonsavan', 'ACTIVE', NOW());
INSERT INTO itineraries (id, tour_id, title, level, description, status, created_at)
VALUES (1335, 54, 'Day 10: Round Trip To The Plain Of Jars — Exploration', 'moderate', 'Round Trip to the Plain of Jars (B,L)
This is a perfect ride at over 1000 meters above sea level. The Plain of Jars remains a place whose mysterious past has led to diverse speculations. Why did people make these amazing stone formations and what were they used for? 
Optional day of no Cycling.
Overnight in Phonsavan', 'ACTIVE', NOW());
INSERT INTO itineraries (id, tour_id, title, level, description, status, created_at)
VALUES (1336, 54, 'Day 11: Phonsavan To Paksan — Bike', 'moderate', 'Phonsavan to Paksan(B,L)
After 1 hr. transfer, we''ll start cycling though very nice scenery and visit the Ancient Stupas of That Chomphet  . We have to cross some passes that will reward us with great views and travel on b roads through untouched villages.  We''ll put the bikes back on the back up car and drive the last hour to Paksang . Today ride is challenging with  long Climbs
Overnight in Paksan.', 'ACTIVE', NOW());
INSERT INTO itineraries (id, tour_id, title, level, description, status, created_at)
VALUES (1337, 54, 'Day 12: Paksan To Konglor Cave — Cave', 'moderate', 'Paksan to Konglor Cave  (B,L)
Kong lor cave is a must see for any adventure tourist in Laos. 
Tham Kong Lo Cave, one of Southeast Asia’s unique geological wonders, is hidden deep in the Phu Hin Bun wilderness. To explore the cave, you can hire a boat from Ban Kong Lo village or you could bring your own inflatable kayak and float the 7 km through the cave.
Boats do stop throughout the 7 km cave, allowing travellers to explore a little on foot in the total darkness.
The caves, that measure a humongous 390 feet tall and over 650 feet wide, are filled with spike-like structures, subterranean gardens, fossil passages and foot-long cave pearls made from minerals.
Transfer in the morning 
Overnight in Kong Lor', 'ACTIVE', NOW());
INSERT INTO itineraries (id, tour_id, title, level, description, status, created_at)
VALUES (1338, 54, 'Day 13: Konglor Cave To Thakhek — Cave', 'moderate', 'Konglor Cave to Thakhek  (B)
On the road again as we travel south the cycling gets easier as we leave the mountains behind and the landscape alters. Khammouane Province and Thakhek are the hidden gems of Laos there is no better part of the country to see real Loatian people and culture, the small town of Thakhek is the epitome of laid back Laos
Overnight in Thakek', 'ACTIVE', NOW());
INSERT INTO itineraries (id, tour_id, title, level, description, status, created_at)
VALUES (1339, 54, 'Day 14: Thakhek To Savnnakhet — Exploration', 'moderate', 'Thakhek to Savnnakhet  (B)
Flat roads again today and more unhurried village life. Savannakhet is an important Loa Town as
Savannakhet is close to the busy Thai border. You can sense the opportunities for commerce and travel in this bustling town. It is the Second most populated town in all of Laos 
Overnight in Savnnakhet', 'ACTIVE', NOW());
INSERT INTO itineraries (id, tour_id, title, level, description, status, created_at)
VALUES (1340, 54, 'Day 15: Savannakhet To Salavan — Temple', 'moderate', 'Savannakhet to Salavan (B) 
Up early today to transfer to the Capital of Salavan Province to visit the UXO operations camp he we can see the continued efforts to clear the land of unexploded munitions left over from the ‘Secret War’  a  9 year US bombing campaign which dropped over 2,000,000 tonnes of explosives on Laos. We can also cycle around the ruined temple complexes before departing after lunch
This area is rich in ethnic groups, predominantly Laven.
Overnight in Salavan', 'ACTIVE', NOW());
INSERT INTO itineraries (id, tour_id, title, level, description, status, created_at)
VALUES (1341, 54, 'Day 16: Salavan To Paksong — Exploration', 'moderate', 'Salavan to Paksong  (B)
After Breakfast,  a beautiful flat cycle through the Bolaven plateau to the peaceful town of Paksong. The climate of the plateau with its cooler temperatures and abundant rainfall makes it the perfect place for coffee production. 
This area is rich in ethnic groups, predominantly Laven.

Overnight in Paksong', 'ACTIVE', NOW());
INSERT INTO itineraries (id, tour_id, title, level, description, status, created_at)
VALUES (1342, 54, 'Day 17: Paksong To Pakse — Waterfall', 'easy', 'Paksong to Pakse (B,L)
An easy ride today from Paksong to Pakse the largest southern city in Laos they is a very french fell to the town and the city is growing fast it proximity to 4000 islands and Cambodia make it the perfect stop for travellers. 
Enroute the road between Pakse and Paksong on the western edge of the plateau, visit Tad E-Tu Waterfall. Continue to Tad Fane Waterfall, the highest in Champasak Province.
Overnight in Pakse', 'ACTIVE', NOW());
INSERT INTO itineraries (id, tour_id, title, level, description, status, created_at)
VALUES (1343, 54, 'Day 18: Pakse — Exploration', 'easy', 'Pakse, Wat Phou and Champasak (B,D)
Today we head over the river to cycle along the mekong on the 14a, a quiet feeder road to the historical and quaint town of Champasak. Have Lunch sit with a coffee and watch the world trickle by whilst getting to know the lao-cals. 
After Lunch  we Cycle From the City centre we transfer  to the Unesco protected site of Wat Phou the oldest Khmer Hindu site outside of Cambodia this incredible ruin is one of the true hidden treasures of Laos.

Overnight in Champasak', 'ACTIVE', NOW());
INSERT INTO itineraries (id, tour_id, title, level, description, status, created_at)
VALUES (1344, 54, 'Day 19: Champasak — Exploration', 'moderate', 'Champasak - Don Khone (B,L)
Follow the mekong south to the mouth of the dreamy 4000 islands region here, it is recommended to find a cold beer and a hammock and watch the sunset spill into the idyllic Mekong. Welcome to pure peace and serenity of 4000 islands. 

Overnight in Don Khong', 'ACTIVE', NOW());
INSERT INTO itineraries (id, tour_id, title, level, description, status, created_at)
VALUES (1345, 54, 'Day 20: Don Khong To Don Khone — Waterfall', 'moderate', 'Don Khong to Don Khone (B,L)
The final morning ride through paddy fields and fertile farmland follows the river south, there are plenty of beautiful stops for snacks and photos. 
Relaxation and amazing Mekong sunsets remain at the top of the experience on this island with the added bonus of being in closer proximity to two waterfalls, a swimmable beach area, far superior food options than Don Dhet and fascinating history. It’s hard to believe that this sleepy, passive island was once the staging point for French colonial ambition.

Overnight in Don Khone', 'ACTIVE', NOW());

-- ===== SPIRITUAL LAOS [STUDENTVILLAGE (4)] =====
INSERT INTO destinations (id, country_id, name, status, created_at) VALUES (55, 1, 'Insight in Local Shamanic traditions and Modern Bu', 'ACTIVE', NOW()) ON DUPLICATE KEY UPDATE name=VALUES(name);
INSERT INTO tours (
    id, destination_id, sku, title, duration, price,
    summary, hightlight, included, not_included, status, created_at
) VALUES (
    55, 55, NULL, 'Spiritual Laos',
    '2 DAYS', NULL,
    'Embark on an unforgettable journey through Spiritual Laos. Experience the authentic culture, stunning landscapes, and warm hospitality of Laos. Your expert guide will take you off the beaten path for a truly immersive adventure.', '• UNESCO World Heritage Sites
• Expert English-speaking guide
• Authentic cultural experiences
• Small group, private service
• All entrance fees included',
    '2 English-speaking guides per 12 students 
All transportation in Air-conditioned Minivans 
1 Stand By Van in the Village for emergency 
All accommodation and food in the village 
2-star Accommodation in LPB city center
Clean drinking water 
All building materials and transportation of materials to the village 
Site survey and ‘make ready’ trip
All bedding 
All required government paperwork for a group to take part in the village development program
Full risk assessment for the homestays and treks
Assistance with onward ticketing and reservations if required 
Local Fishing and Farm work
Jungle T-shirts and Souvenir Jungle Jar', '2 English-speaking guides per 12 students 
All transportation in Air-conditioned Minivans 
1 Stand By Van in the Village for emergency 
All accommodation and food in the village 
2-star Accommodation in LPB city center
Clean drinking water 
All building materials and transportation of materials to the village 
Site survey and ‘make ready’ trip
All bedding 
All required government paperwork for a group to take part in the village development program
Full risk assessment for the homestays and treks
Assistance with onward ticketing and reservations if required 
Local Fishing and Farm work
Jungle T-shirts and Souvenir Jungle Jar',
    'ACTIVE', NOW()
);
INSERT INTO itineraries (id, tour_id, title, level, description, status, created_at)
VALUES (1351, 55, 'Day 1: We Will Meet You At Your Guesthouse And Walk To Taec For A One — Temple', 'easy', 'We will meet you at your guesthouse and walk to TAEC for a one-hour video presentation at the Centre for Traditional Arts and Ethnology to gain insight into the rich and diverse cultures of Laos and the religious practices for the mountain tribes surrounding the gleaming Buddhist city. After a short presentation, we will ascend mount phousi to see the 7 sacred sites on the mountain that dominates the Luang Prabang Skyline.  The best view of the city is from The gilded stupa of Wat Chom Si high on the summit. 

We collect bikes then take the ferry across the Mekong river to the rural suburb of chomphet where we visit some of the older local  picturesque Buddhist temples before we ride to the top The Newer temples to learn about the building practices and the importance of the nature and Chi of the area and the practices and lifestyle of the monks residing in the monastery. 

We continue the tour with a short ride to Cucumber Island and meet a well known  local character, he is happy to share his skills and teach us local fishing techniques. Lunch is served local style on the sandy banks of mekong. 

Just before sunset, we will ride back to the City. Dinner will be at Khaiphaen a local NGO restaurant that provides free hospitality training to the local marginalized youth, many of whom reside in Chomphet District.', 'ACTIVE', NOW());
INSERT INTO itineraries (id, tour_id, title, level, description, status, created_at)
VALUES (1352, 55, 'Day 2: Our Second Day Begins With A One — Trek', 'easy', 'Our second day Begins with a one-hour transfer to Phon Sa-a the beginning of the Sam Oudom Trail and we begin a 3 hour jungle trek to the remote village of Ban San Oudom a village of 80 families nestled between limestone cliffs. This serene and peaceful village is home to Hmong and Khummu communities brought together in the 1980’s to provide better sanitation and access to infrastructure. 

Village life is far removed from the city and 90% of the villagers seek a living as subsistence farmers in the mountains. After a local lunch with a local family we will meet the oldest Shamen in the village, who has been actively practicing shamamic rituals to the community of over 40 years he is happy to discuss the connection between the people, land and the spirit realm.  We can examine the tools of his trade and his role in the community.

Relax and explore this pristine natural environment before we assemble at the chief''s house for a traditional Baci ceremony, a blessing, and a Soul Cleansing given by the village and the shamen. This practice is reserved for special occasions such as births, new houses and friends or family members undertaking long journeys. Dinner is served around a traditional Pha Khao Lao table. 

After Dinner, we learn a traditional Bamboo Pole dance under the guidance of the locals 
We will stay overnight with the community in their homes.', 'ACTIVE', NOW());
INSERT INTO itineraries (id, tour_id, title, level, description, status, created_at)
VALUES (1353, 55, 'Day 3: Up Early In The Morning To Watch The Village Go To Work And Have A Simple Breakfast Before Meeting T — Waterfall', 'easy', 'Up early in the morning to watch the village go to work and have a simple breakfast before meeting the Truck to transfer back to the City.
Or trek 1 Day to Kuangsi Waterfall', 'ACTIVE', NOW());

-- ===== 12 DAY JUNGLE JAR PROGRAM [STUDENTVILLAGE (4)] =====
INSERT INTO destinations (id, country_id, name, status, created_at) VALUES (56, 1, 'Ban Huay Fai Village', 'ACTIVE', NOW()) ON DUPLICATE KEY UPDATE name=VALUES(name);
INSERT INTO tours (
    id, destination_id, sku, title, duration, price,
    summary, hightlight, included, not_included, status, created_at
) VALUES (
    56, 56, NULL, '12 Day Jungle Jar Program',
    '12 DAYS', NULL,
    'There are many tasks and activities for participants to do in the village, some essential to the jungle jar program and others vital to village life. We will break the group into small groups and rotate around the town, participating in many activities. These include; 
Bamboo weaving 
Roof Weaving 
Black smithery 
Rice growing/harvesting/planting 
Local style fishing 
Take care of domesticated animals
Eco brick construction using reclaimed plastic bottles. 
Cement mixing and bricklaying
Bamboo curing shaving, planting, and harvesting 
Making jungle jars in the village workshop', '• UNESCO World Heritage Sites
• Expert English-speaking guide
• Authentic cultural experiences
• Small group, private service
• All entrance fees included',
    'Van transfers 
All meals as indicated inc Picnic Lunch (Excluding Alcohol)
English Speaking Guide 
Drinking water and Fruit during the afternoon 1 
Baci Ceremony
Traditional craft workshops (usually 2 Services)
Kayak rental', 'Van transfers 
All meals as indicated inc Picnic Lunch (Excluding Alcohol)
English Speaking Guide 
Drinking water and Fruit during the afternoon 1 
Baci Ceremony
Traditional craft workshops (usually 2 Services)
Kayak rental',
    'ACTIVE', NOW()
);
INSERT INTO itineraries (id, tour_id, title, level, description, status, created_at)
VALUES (1376, 56, 'Day 1: Arrive In Luang Prabang — Market', 'moderate', 'Arrive in Luang Prabang. The Tiger Trail team will be waiting for you in air-conditioned minivans to transfer you to a comfortable hotel/guesthouse in the heart of Luang Prabang. After check-in, we will proceed with local orientation and the health and safety briefing. 
Dinner that evening will be a local hot-pot buffet on the banks of the Mekong river. After dinner, we can explore the night market for essentials needed for the village before returning to the hotel at 9.30 pm.', 'ACTIVE', NOW());
INSERT INTO itineraries (id, tour_id, title, level, description, status, created_at)
VALUES (1377, 56, 'Day 2: Today We Get To Know The Awesome Beautiful City Of Luang Prabang — Temple', 'easy', 'Today we get to know the awesome beautiful city of Luang Prabang, After Breakfast, we start a short hike to the top of Phousi mountain for a view over the city and to learn a little history of the city, we follow with a tour of TEAC the ethnic Minority cultural center to explore the diverse cultural heritage of the area. After some temple hopping and taking in 3 of the most popular and beautiful temples, we break for lunch. 
In the afternoon we will visit the UXO Lao Visitors Center where we will discover Laos Tragic History and the impact of the Second Indochina war on the people and landscape of Laos. 
The afternoon is free to relax and explore before a dinner at Khaiphaen a local Vocational Training Restaurant to learn of the work of Friends International in empowering marginalized youth all over South East Asia.', 'ACTIVE', NOW());
INSERT INTO itineraries (id, tour_id, title, level, description, status, created_at)
VALUES (1378, 56, 'Day 3: Pick Up At Luang Prabang Hotel And Head To The Trekking Drop Off Point In Ban Houay Nok And Tak — Cave', 'challenging', '8.30 Pick up at Luang Prabang Hotel and head to the trekking drop off point in Ban Houay Nok and take a 3-hour trail into the village of Houay Fai
11.30 Arrive in the Village to be greeted by the chief and  homestay families 
12.00 Lunch in the homestays 
1.00 pm Village orientation and Jungle jar worksite inspection 
2.00 pm Divide into Groups for Workshop tutorials 
2.30 pm Workshops I.e Bamboo weaving or roofing 
4.30 pm Return to homestay ‘Ice Breaker Challenges’ and villager scavenger hunt 
6.30 pm Dinner with the Homestay Family 
8.30 pm Village Storytelling and Group Reflection on village life 
9.30 pm Bed', 'ACTIVE', NOW());
INSERT INTO itineraries (id, tour_id, title, level, description, status, created_at)
VALUES (1379, 56, 'Day 4: Am Breakfast — Exploration', 'moderate', '7.00 am Breakfast 
8.00 am Help with the construction of the Community workshop space eco bottles recycling pepsi bottles into bricks 
12.00 pm Lunch in the homestay
1.00 pm- 5.00 pm  Continue Project and workshops 
6.00 pm Dinner and cooking with the Homestay Family 
7.00 pm Meet the village Chief and Village History 
9.00 pm Bed', 'ACTIVE', NOW());
INSERT INTO itineraries (id, tour_id, title, level, description, status, created_at)
VALUES (1380, 56, 'Day 5: Am Breakfast — Exploration', 'moderate', '7.00 am Breakfast 
8.00 am Help with the construction of the Bamboo Plant nursery, harvesting and replanting of the designated bamboo forest 
12.00 pm Lunch in the homestay
1.00 pm- 5.00 pm  Continue Project work 
6.00 pm Dinner and cooking with the Homestay Family 
9.00 pm Bonfire and Marshmallows
10.00 pm Bed', 'ACTIVE', NOW());
INSERT INTO itineraries (id, tour_id, title, level, description, status, created_at)
VALUES (1381, 56, 'Day 6: Am Breakfast And Family Chores — Exploration', 'moderate', '7.00 am Breakfast and Family Chores 
8.00 am  To the field to help with the crops / Local Fishing 
12.00 pm Picnic Lunch in the Rice Fields 
1.30 pm Creepy Crawly Cook up 
2.30 pm Return to the Homestay to clean and prepare for the ceremony
5.00 pm  Traditional Baci Ceremony with the villagers and village elders
6.00 pm  Bamboo Dance class 
9.30 pm Bed', 'ACTIVE', NOW());
INSERT INTO itineraries (id, tour_id, title, level, description, status, created_at)
VALUES (1382, 56, 'Day 7: Am Breakfast — Waterfall', 'challenging', '7.00 am Breakfast
8.00 am Transfer to Kuang Si Falls to see the Free the Bears sanctuary seen in the ‘Bears about the House’ BBC documentary . 
10.15 am Meet the Education Team and learn about the history and work of Free the Bears  
10.30 am Join the Education Team on a tour of the bear sanctuary.
11.15 am Help the Bear Care Team prepare enrichment toys and hide food in the bear’s forest enclosures, then watch them enjoy the fruits of your labour.
12 pm  We head back to the shop where you can purchase Free the Bears merchandise, and guests can opt to end your experience with the Education Team.
12.20  pm Lunch at the waterfalls 
1.30 pm Begin 9km trek to Long Lao Mai to stay with a Hmong Community
4.00pm Arrive in Village for Village orientation and divide into homestay dormitories 
6.30 pm Group Dinner
8.30 pm Bonfire Reflection', 'ACTIVE', NOW());
INSERT INTO itineraries (id, tour_id, title, level, description, status, created_at)
VALUES (1383, 56, 'Day 8: Long Lao Village Is A Busy Village With A Traditional Hmong Way Of Life — Market', 'moderate', 'Long Lao village is a busy village with a traditional Hmong way of life, which makes it a popular destination for day trips from Luang Prabang. This popularity has its drawbacks.  Many visitors come to see the traditional way of life without any understanding of the customs and traditions of the people. We would like to build a small information center to display a written code of etiquette for visitors and help tourists get more from the village experience. 
We will spend two days examining the issue and helping build the foundations for the information center. 
We depart Long Lao Mai at 4pm at return to Luang Prabang for riverside dinner and walk through the night market', 'ACTIVE', NOW());
INSERT INTO itineraries (id, tour_id, title, level, description, status, created_at)
VALUES (1385, 56, 'Day 10: Am Breakfast — Trek', 'challenging', '7.30 am Breakfast
8.30 am Meet the Elephant conservation center team ready to transfer to Sayabouly for the overnight elephant experience. 
ACTIVITIES INCLUDE: Travel from Luang Prabang by minivan – Boat trip – Walk Through the Forest – Picnic Lunch – Nursery Visit – Hospital Visit – Observe Elephants Bathing – Encounter Elephants & Mahouts – Dinner. 
When you arrive at Nam Tien Lake, we will transfer you to the Center by boat. Thus, you will have time to settle into your dorms. Your guide takes you to the forest. Along the way, you walk past the different enclosures where our main activities take place. After enjoying a Laotian-style picnic on a lakeside platform, you observe the bath time at the nursery, an area in the forest reserved for our youngest elephants and their mothers. When the elephants have drunk enough and returned to the woods, you will take the boat back to the Center for the hospital visit. 
Our Laotian vet assistant or biologist will introduce you to their world and tell you more about standard and uncommon injuries and their respective treatments. It is also the perfect time to ask any questions you may have about the biology of elephants. 
You will then observe one of the elephants’ daily baths and learn more about our giant guests’ playful characters. Elephants love water. 
They also use bath time to socialize and strengthen ties in the herd. After the elephants have washed, you will have the opportunity to see them up close. Their ears are flapping, tails swatting while they use the trunk and the trees for a good scratching. Meanwhile, the guide will tell you a little about the background of each elephant. 
They have all been working hard before they came here. See if you are already able to recognize the elephants while observing them. 
Now it’s time for them to walk back to the forest. After a short trek, the mahouts will decide on where the elephants can graze for the night. 
Before dinner, take a moment to take in the surroundings from on', 'ACTIVE', NOW());
INSERT INTO itineraries (id, tour_id, title, level, description, status, created_at)
VALUES (1386, 56, 'Day 11: Activities Include Breakfast — Market', 'moderate', 'ACTIVITIES INCLUDE Breakfast – Meet the elephants in the forest, observe elephants bathing, socialize area observation, and lunch. 
On the second day, you will meet up with the elephants in the forest. 
After spending the night in the jungle, it is time for another bath. Then, enjoy strolling together with these magnificent animals in their natural habitat. 
When they have had their fill of water, they are shown to the Socialization Area, this is an area where the elephants can freely interact during a big part of the day, recreating a semi-natural living environment. 
Here the elephants can enjoy being elephants. First, follow the guide around the perimeter to learn more about the group and its dynamics. Then, take your time on the different platforms to see how a new herd is being formed. This rare opportunity will bring you closer to their natural life, which is very special about our program and difficult to find anywhere else. 
Lunch is at the Center. So you have some time to relax before we bring you back to Luang Prabang by minivan. 
You can say your goodbyes to the staff at the restaurant or walk around the Center one last time. 
Return to Luang Prabang in the afternoon. 
Dinner at a local restaurant and a final stroll through the night market for Souvenirs .', 'ACTIVE', NOW());
INSERT INTO itineraries (id, tour_id, title, level, description, status, created_at)
VALUES (1387, 56, 'Day 12: Am Breakfast — Cave', 'moderate', '8.30 am Breakfast 
9.30 am Boat Cruise to Pak Ou Caves 
12.30 pm  Lunch Riverside Beach Cafe.
1.30pm River Swimming 
4.00 pm Return boat cruise and Sunset on the Mekong 
5.30pm Arrive at Guest house
7.30pm Pizza Party 
9.30pm Return to Guest house', 'ACTIVE', NOW());
INSERT INTO itineraries (id, tour_id, title, level, description, status, created_at)
VALUES (1388, 56, 'Day 13: Am Alms Giving At The Local Monastery Witness Monastic Buddhist Culture In Its Natural Serene E — Market', 'moderate', '6.30 am Alms Giving at the local Monastery Witness monastic Buddhist culture in its natural serene environment 
7.30 am Breakfast at a local restaurant in the morning market. 
8.30am  Walk to meet the Monks at Orange Robes tour divided into two groups. 
9.00 am   Group 1  Take the morning Guided Meditation and the Cultural Monastic tour Group 2 meet for a Qand A with the Monk
11.30 Lunch 
12.30 Group 2 Take the Guided Meditation and the Cultural Monastic tour, Group 1 meet for a Qand A with Obee the Monks 
3.30pm 
Free Afternoon', 'ACTIVE', NOW());

-- ===== HUAY FAI COMMUNITY ENTERPRISE
BAMBOO WATER BOTTLE PROGRAMME [STUDENTVILLAGE (4)] =====
INSERT INTO destinations (id, country_id, name, status, created_at) VALUES (57, 1, 'Jungle-Jar programme', 'ACTIVE', NOW()) ON DUPLICATE KEY UPDATE name=VALUES(name);
INSERT INTO tours (
    id, destination_id, sku, title, duration, price,
    summary, hightlight, included, not_included, status, created_at
) VALUES (
    57, 57, NULL, 'Huay Fai Community Enterprise
Bamboo Water Bottle Programme',
    '2 DAYS', 59,
    'Embark on an unforgettable journey through Huay Fai Community Enterprise
Bamboo Water Bottle Programme. Experience the authentic culture, stunning landscapes, and warm hospitality of Laos. Your expert guide will take you off the beaten path for a truly immersive adventure.', '• UNESCO World Heritage Sites
• Expert English-speaking guide
• Authentic cultural experiences
• Small group, private service
• All entrance fees included',
    'Van transfers 
All meals as indicated inc Picnic Lunch (Excluding Alcohol)
English Speaking Guide 
Drinking water and Fruit Whilst working 
Baci Ceremony
Traditional craft workshops (usually 2 Services)
Kayak rental', 'Van transfers 
All meals as indicated inc Picnic Lunch (Excluding Alcohol)
English Speaking Guide 
Drinking water and Fruit Whilst working 
Baci Ceremony
Traditional craft workshops (usually 2 Services)
Kayak rental',
    'ACTIVE', NOW()
);
INSERT INTO itineraries (id, tour_id, title, level, description, status, created_at)
VALUES (1401, 57, 'Day 1: Pick Up At Local Guesthouse To Transfer To Trekking Point — Trek', 'challenging', '8.30am: 		Pick up at local guesthouse to transfer to trekking point (option 
			to add bottle collection)
9.00am 		Arrive Xieng Lom to begin trekking on the dirt road to the village 
			of Houay Fai 
11.00am 		Arrive in the Village 
12.00pm 		Village lunch with Homestay families 
1.00pm - 5.00pm 	Meet the Jungle Jar makers, and participate in their current 
activities (sourcing bamboo, carving bottles and other elements
of the manufacturing process in the community workspace in the heart of the village. 
5.00pm 		Wash and prepare for Baci 
5.30 pm 		Baci Ceremony
6.30 pm 		Dinner and Village Party', 'ACTIVE', NOW());
INSERT INTO itineraries (id, tour_id, title, level, description, status, created_at)
VALUES (1402, 57, 'Day 2: Am                 Breakfast With The Families — Waterfall', 'challenging', '8.00 am                 Breakfast with the Families 
8.30 am                 Trek to Tad Sae falls 
10.00 am                 Swimming in the waterfalls  (wet season only )
11.30 am                 Boat transfer to Kayaking station and picnic Lunch
12.30 pm                 Start Kayaking 
3.00 pm                 Arrive in Ban Nuon to transfer to Luang Prabang 
3.30 pm                 Arrive in Luang Prabang.', 'ACTIVE', NOW());

-- ===== HUAY FAI COMMUNITY WORKSHOP, TREKKING AND KAYAKING. [STUDENTVILLAGE (4)] =====
INSERT INTO destinations (id, country_id, name, status, created_at) VALUES (58, 1, 'Huay Fai Community Workshop, Trekking and Kayaking', 'ACTIVE', NOW()) ON DUPLICATE KEY UPDATE name=VALUES(name);
INSERT INTO tours (
    id, destination_id, sku, title, duration, price,
    summary, hightlight, included, not_included, status, created_at
) VALUES (
    58, 58, NULL, 'Huay Fai Community Workshop, Trekking And Kayaking.',
    NULL, 57,
    'Embark on an unforgettable journey through Huay Fai Community Workshop, Trekking and Kayaking.. Experience the authentic culture, stunning landscapes, and warm hospitality of Laos. Your expert guide will take you off the beaten path for a truly immersive adventure.', '• UNESCO World Heritage Sites
• Expert English-speaking guide
• Authentic cultural experiences
• Small group, private service
• All entrance fees included',
    '✓ Private air-conditioned transport
✓ English-speaking guide
✓ Accommodation (twin shared)
✓ Meals as per itinerary
✓ Entrance fees
✓ Luggage handling', '✗ International flights
✗ Visa fees ($30-40 USD/pax)
✗ Travel insurance
✗ Meals not mentioned
✗ Personal expenses & tips',
    'ACTIVE', NOW()
);
INSERT INTO itineraries (id, tour_id, title, level, description, status, created_at)
VALUES (1426, 58, 'Day 1: Pick Up At Local Guesthouse To Transfer To Trekking Point — Trek', 'challenging', '8.30am: 	Pick up at local guesthouse to transfer to trekking point (option to add bottle collection)
9.00am 	Arrive Xieng Lom to begin trekking on the dirt road to the village of Huay Fai 
11.00am 	Arrive in the Village 
12.00pm 	Village lunch with Homestay families 
1.00pm - 5.00pm Help the construction of the Water Bottle Building, Making Bottle bricks, mixing cement and laying the walls 
5.00pm 	Wash and prepare for Baci 
5.30 pm 	Baci Ceremony
6.30 pm 	Dinner and Village Party', 'ACTIVE', NOW());
INSERT INTO itineraries (id, tour_id, title, level, description, status, created_at)
VALUES (1427, 58, 'Day 2: Am         Breakfast With The Families — Waterfall', 'challenging', '8.00 am         Breakfast with the Families 
8.30 am         Trek to Tad Sae falls 
10.00 am         Swimming in the waterfalls  (wet season only )
11.30 am         Boat transfer to Kayaking station and picnic Lunch
12.30 pm         Start Kayaking 
3.00 pm         Arrive in Ban Nuon to transfer to Luang Prabang 
3.30 pm         Arrive in Luang Prabang.', 'ACTIVE', NOW());

-- ===== NORDLAOS [GERMAN (8)] =====
INSERT INTO destinations (id, country_id, name, status, created_at) VALUES (59, 1, 'Luang Prabang', 'ACTIVE', NOW()) ON DUPLICATE KEY UPDATE name=VALUES(name);
INSERT INTO tours (
    id, destination_id, sku, title, duration, price,
    summary, hightlight, included, not_included, status, created_at
) VALUES (
    59, 59, NULL, 'Nordlaos',
    '4 TAGE', 850,
    'Embark on an unforgettable journey through NORDLAOS. Experience the authentic culture, stunning landscapes, and warm hospitality of Laos. Your expert guide will take you off the beaten path for a truly immersive adventure.', '• UNESCO World Heritage Sites
• Expert English-speaking guide
• Authentic cultural experiences
• Small group, private service
• All entrance fees included',
    'Alle Besichtigungen wie im obigen Programm beschrieben
Transport in privaten Fahrzeugen mit Klimaanlage
Unterbringung in Hotels (Doppelzimmer)
Englischsprachiger Reiseführer
Eintrittspreise für die oben beschriebenen Sehenswürdigkeiten
Mahlzeiten: F=Frühstück, M=Mittagessen, A=Abendessen
Staatliche Steuern und Servicegebühren der Demokratischen Volksrepublik Laos
Gepäckabfertigung', 'Alle Besichtigungen wie im obigen Programm beschrieben
Transport in privaten Fahrzeugen mit Klimaanlage
Unterbringung in Hotels (Doppelzimmer)
Englischsprachiger Reiseführer
Eintrittspreise für die oben beschriebenen Sehenswürdigkeiten
Mahlzeiten: F=Frühstück, M=Mittagessen, A=Abendessen
Staatliche Steuern und Servicegebühren der Demokratischen Volksrepublik Laos
Gepäckabfertigung',
    'ACTIVE', NOW()
);

-- ===== LAOS – HÖHLEN & MYSTERIEN [GERMAN (8)] =====
INSERT INTO destinations (id, country_id, name, status, created_at) VALUES (60, 1, 'Luang Prabang', 'ACTIVE', NOW()) ON DUPLICATE KEY UPDATE name=VALUES(name);
INSERT INTO tours (
    id, destination_id, sku, title, duration, price,
    summary, hightlight, included, not_included, status, created_at
) VALUES (
    60, 60, NULL, 'Laos – Höhlen & Mysterien',
    '2026-08-01 00:00:00', 2025,
    'Embark on an unforgettable journey through LAOS – HÖHLEN & MYSTERIEN. Experience the authentic culture, stunning landscapes, and warm hospitality of Laos. Your expert guide will take you off the beaten path for a truly immersive adventure.', '• UNESCO World Heritage Sites
• Expert English-speaking guide
• Authentic cultural experiences
• Small group, private service
• All entrance fees included',
    'Alle Besichtigungen wie im obigen Programm beschrieben
Transport in privaten Fahrzeugen mit Klimaanlage
Unterbringung in Hotels (Doppelzimmer)
Englischsprachiger Reiseführer
Eintrittspreise für die oben beschriebenen Sehenswürdigkeiten
Mahlzeiten: F=Frühstück, M=Mittagessen, A=Abendessen
Staatliche Steuern und Servicegebühren der Demokratischen Volksrepublik Laos
Gepäckabfertigung', 'Alle Besichtigungen wie im obigen Programm beschrieben
Transport in privaten Fahrzeugen mit Klimaanlage
Unterbringung in Hotels (Doppelzimmer)
Englischsprachiger Reiseführer
Eintrittspreise für die oben beschriebenen Sehenswürdigkeiten
Mahlzeiten: F=Frühstück, M=Mittagessen, A=Abendessen
Staatliche Steuern und Servicegebühren der Demokratischen Volksrepublik Laos
Gepäckabfertigung',
    'ACTIVE', NOW()
);

-- ===== SÜDLAOS [GERMAN (8)] =====
INSERT INTO destinations (id, country_id, name, status, created_at) VALUES (61, 1, 'PAKSE – BOLAVEN-PLATEAU – 4000 INSELN – CHAMPASAK ', 'ACTIVE', NOW()) ON DUPLICATE KEY UPDATE name=VALUES(name);
INSERT INTO tours (
    id, destination_id, sku, title, duration, price,
    summary, hightlight, included, not_included, status, created_at
) VALUES (
    61, 61, NULL, 'Südlaos',
    '5 TAGE', 2025,
    'Embark on an unforgettable journey through SÜDLAOS. Experience the authentic culture, stunning landscapes, and warm hospitality of Laos. Your expert guide will take you off the beaten path for a truly immersive adventure.', '• UNESCO World Heritage Sites
• Expert English-speaking guide
• Authentic cultural experiences
• Small group, private service
• All entrance fees included',
    'Alle Besichtigungen wie im obigen Programm beschrieben
Transport in privaten Fahrzeugen mit Klimaanlage
Unterbringung in Hotels (Doppelzimmer)
Englischsprachiger Reiseführer
Eintrittspreise für die oben beschriebenen Sehenswürdigkeiten
Mahlzeiten: F=Frühstück, M=Mittagessen, A=Abendessen
Staatliche Steuern und Servicegebühren der Demokratischen Volksrepublik Laos
Gepäckabfertigung', 'Alle Besichtigungen wie im obigen Programm beschrieben
Transport in privaten Fahrzeugen mit Klimaanlage
Unterbringung in Hotels (Doppelzimmer)
Englischsprachiger Reiseführer
Eintrittspreise für die oben beschriebenen Sehenswürdigkeiten
Mahlzeiten: F=Frühstück, M=Mittagessen, A=Abendessen
Staatliche Steuern und Servicegebühren der Demokratischen Volksrepublik Laos
Gepäckabfertigung',
    'ACTIVE', NOW()
);

-- ===== KLASSISCHES LAOS [GERMAN (8)] =====
INSERT INTO destinations (id, country_id, name, status, created_at) VALUES (62, 1, 'Vang Vieng', 'ACTIVE', NOW()) ON DUPLICATE KEY UPDATE name=VALUES(name);
INSERT INTO tours (
    id, destination_id, sku, title, duration, price,
    summary, hightlight, included, not_included, status, created_at
) VALUES (
    62, 62, NULL, 'Klassisches Laos',
    '6 TAGE', 2025,
    'Embark on an unforgettable journey through KLASSISCHES LAOS. Experience the authentic culture, stunning landscapes, and warm hospitality of Laos. Your expert guide will take you off the beaten path for a truly immersive adventure.', '• UNESCO World Heritage Sites
• Expert English-speaking guide
• Authentic cultural experiences
• Small group, private service
• All entrance fees included',
    'Alle Besichtigungen wie im obigen Programm beschrieben
Transport in privaten Fahrzeugen mit Klimaanlage
Unterbringung in Hotels (Doppelzimmer)
Englischsprachiger Reiseführer
Eintrittspreise für die oben beschriebenen Sehenswürdigkeiten
Mahlzeiten: F=Frühstück, M=Mittagessen, A=Abendessen
Staatliche Steuern und Servicegebühren der Demokratischen Volksrepublik Laos
Gepäckabfertigung', 'Alle Besichtigungen wie im obigen Programm beschrieben
Transport in privaten Fahrzeugen mit Klimaanlage
Unterbringung in Hotels (Doppelzimmer)
Englischsprachiger Reiseführer
Eintrittspreise für die oben beschriebenen Sehenswürdigkeiten
Mahlzeiten: F=Frühstück, M=Mittagessen, A=Abendessen
Staatliche Steuern und Servicegebühren der Demokratischen Volksrepublik Laos
Gepäckabfertigung',
    'ACTIVE', NOW()
);

-- ===== ABGELEGENES NORDLAOS [GERMAN (8)] =====
INSERT INTO destinations (id, country_id, name, status, created_at) VALUES (63, 1, 'Luang Prabang', 'ACTIVE', NOW()) ON DUPLICATE KEY UPDATE name=VALUES(name);
INSERT INTO tours (
    id, destination_id, sku, title, duration, price,
    summary, hightlight, included, not_included, status, created_at
) VALUES (
    63, 63, NULL, 'Abgelegenes Nordlaos',
    '8 TAGE', 2025,
    'Embark on an unforgettable journey through ABGELEGENES NORDLAOS. Experience the authentic culture, stunning landscapes, and warm hospitality of Laos. Your expert guide will take you off the beaten path for a truly immersive adventure.', '• UNESCO World Heritage Sites
• Expert English-speaking guide
• Authentic cultural experiences
• Small group, private service
• All entrance fees included',
    'Alle Besichtigungen wie im obigen Programm beschrieben
Transport in privaten Fahrzeugen mit Klimaanlage
Unterbringung in Hotels (Doppelzimmer)
Englischsprachiger Reiseführer
Eintrittspreise für die oben beschriebenen Sehenswürdigkeiten
Mahlzeiten: F=Frühstück, M=Mittagessen, A=Abendessen
Staatliche Steuern und Servicegebühren der Demokratischen Volksrepublik Laos
Gepäckabfertigung', 'Alle Besichtigungen wie im obigen Programm beschrieben
Transport in privaten Fahrzeugen mit Klimaanlage
Unterbringung in Hotels (Doppelzimmer)
Englischsprachiger Reiseführer
Eintrittspreise für die oben beschriebenen Sehenswürdigkeiten
Mahlzeiten: F=Frühstück, M=Mittagessen, A=Abendessen
Staatliche Steuern und Servicegebühren der Demokratischen Volksrepublik Laos
Gepäckabfertigung',
    'ACTIVE', NOW()
);

-- ===== KLASSISCHES LAOS [GERMAN (8)] =====
INSERT INTO destinations (id, country_id, name, status, created_at) VALUES (64, 1, 'Vang Vieng', 'ACTIVE', NOW()) ON DUPLICATE KEY UPDATE name=VALUES(name);
INSERT INTO tours (
    id, destination_id, sku, title, duration, price,
    summary, hightlight, included, not_included, status, created_at
) VALUES (
    64, 64, NULL, 'Klassisches Laos',
    '8 TAGE', 2025,
    'Embark on an unforgettable journey through KLASSISCHES LAOS. Experience the authentic culture, stunning landscapes, and warm hospitality of Laos. Your expert guide will take you off the beaten path for a truly immersive adventure.', '• UNESCO World Heritage Sites
• Expert English-speaking guide
• Authentic cultural experiences
• Small group, private service
• All entrance fees included',
    'Alle Besichtigungen wie im obigen Programm beschrieben
Transport in privaten Fahrzeugen mit Klimaanlage
Unterbringung in Hotels (Doppelzimmer)
Englischsprachiger Reiseführer
Eintrittspreise für die oben beschriebenen Sehenswürdigkeiten
Mahlzeiten: F=Frühstück, M=Mittagessen, A=Abendessen
Staatliche Steuern und Servicegebühren der Demokratischen Volksrepublik Laos
Gepäckabfertigung', 'Alle Besichtigungen wie im obigen Programm beschrieben
Transport in privaten Fahrzeugen mit Klimaanlage
Unterbringung in Hotels (Doppelzimmer)
Englischsprachiger Reiseführer
Eintrittspreise für die oben beschriebenen Sehenswürdigkeiten
Mahlzeiten: F=Frühstück, M=Mittagessen, A=Abendessen
Staatliche Steuern und Servicegebühren der Demokratischen Volksrepublik Laos
Gepäckabfertigung',
    'ACTIVE', NOW()
);

-- ===== KLASSISCHES LAOS [GERMAN (8)] =====
INSERT INTO destinations (id, country_id, name, status, created_at) VALUES (65, 1, 'Luang Prabang', 'ACTIVE', NOW()) ON DUPLICATE KEY UPDATE name=VALUES(name);
INSERT INTO tours (
    id, destination_id, sku, title, duration, price,
    summary, hightlight, included, not_included, status, created_at
) VALUES (
    65, 65, NULL, 'Klassisches Laos',
    '10 days', 2025,
    'Embark on an unforgettable journey through KLASSISCHES LAOS. Experience the authentic culture, stunning landscapes, and warm hospitality of Laos. Your expert guide will take you off the beaten path for a truly immersive adventure.', '• UNESCO World Heritage Sites
• Expert English-speaking guide
• Authentic cultural experiences
• Small group, private service
• All entrance fees included',
    'Alle Besichtigungen wie im obigen Programm beschrieben
Transport in privaten Fahrzeugen mit Klimaanlage
Unterbringung in Hotels (Doppelzimmer)
Englischsprachiger Reiseführer
Eintrittspreise für die oben beschriebenen Sehenswürdigkeiten
Mahlzeiten: F=Frühstück, M=Mittagessen, A=Abendessen
Staatliche Steuern und Servicegebühren der Demokratischen Volksrepublik Laos
Gepäckabfertigung', 'Alle Besichtigungen wie im obigen Programm beschrieben
Transport in privaten Fahrzeugen mit Klimaanlage
Unterbringung in Hotels (Doppelzimmer)
Englischsprachiger Reiseführer
Eintrittspreise für die oben beschriebenen Sehenswürdigkeiten
Mahlzeiten: F=Frühstück, M=Mittagessen, A=Abendessen
Staatliche Steuern und Servicegebühren der Demokratischen Volksrepublik Laos
Gepäckabfertigung',
    'ACTIVE', NOW()
);

-- ===== NORD LAOS – BERGVÖLKER & DSCHUNGEL [GERMAN (8)] =====
INSERT INTO destinations (id, country_id, name, status, created_at) VALUES (66, 1, 'Luang Prabang', 'ACTIVE', NOW()) ON DUPLICATE KEY UPDATE name=VALUES(name);
INSERT INTO tours (
    id, destination_id, sku, title, duration, price,
    summary, hightlight, included, not_included, status, created_at
) VALUES (
    66, 66, NULL, 'Nord Laos – Bergvölker & Dschungel',
    '10 days', 2025,
    'Embark on an unforgettable journey through NORD LAOS – BERGVÖLKER & DSCHUNGEL. Experience the authentic culture, stunning landscapes, and warm hospitality of Laos. Your expert guide will take you off the beaten path for a truly immersive adventure.', '• UNESCO World Heritage Sites
• Expert English-speaking guide
• Authentic cultural experiences
• Small group, private service
• All entrance fees included',
    '✓ Private air-conditioned transport
✓ English-speaking guide
✓ Accommodation (twin shared)
✓ Meals as per itinerary
✓ Entrance fees
✓ Luggage handling', '✗ International flights
✗ Visa fees ($30-40 USD/pax)
✗ Travel insurance
✗ Meals not mentioned
✗ Personal expenses & tips',
    'ACTIVE', NOW()
);

SET FOREIGN_KEY_CHECKS = 1;
-- ================================================================
-- END: 48/66 tours passed validation
-- Cache: 0 hits / 0 misses
-- Duration: 1.0s
-- ================================================================